url,cluster,cluster_name
https://www.zomato.com/pune/abs-absolute-barbecues-hinjawadi,2,High-volume crowd favorites
https://www.zomato.com/pune/cafe-co2-resto-lounge-bhugaon,2,High-volume crowd favorites
https://www.zomato.com/pune/paasha-jw-marriott-pune-senapati-bapat-road,2,High-volume crowd favorites
https://www.zomato.com/pune/i-amsterdam-hinjawadi,2,High-volume crowd favorites
https://www.zomato.com/pune/fc-road-social-shivaji-nagar,2,High-volume crowd favorites
https://www.zomato.com/pune/flechazo-wakad,2,High-volume crowd favorites
https://www.zomato.com/pune/barbeque-nation-sayaji-hotel-wakad,2,High-volume crowd favorites
https://www.zomato.com/pune/behive-hinjawadi,2,High-volume crowd favorites
https://www.zomato.com/pune/kayani-bakery-east-street,0,Premium dining
https://www.zomato.com/pune/exotica-yerawada,2,High-volume crowd favorites
https://www.zomato.com/pune/planet-9-bavdhan,2,High-volume crowd favorites
https://www.zomato.com/pune/toit-1-kalyani-nagar,2,High-volume crowd favorites
https://www.zomato.com/pune/smoky-beach-bhugaon,2,High-volume crowd favorites
https://www.zomato.com/pune/barbeque-ville-wakad,2,High-volume crowd favorites
https://www.zomato.com/pune/thorats-baarbeque-misal-narhe,0,Premium dining
https://www.zomato.com/pune/2bhk-diner-key-club-bund-garden,2,High-volume crowd favorites
https://www.zomato.com/pune/the-mafia-viman-nagar,2,High-volume crowd favorites
https://www.zomato.com/pune/the-cult-terra-magarpatta,2,High-volume crowd favorites
https://www.zomato.com/pune/le-plaisir-deccan-gymkhana,2,High-volume crowd favorites
https://www.zomato.com/pune/teritree-hadapsar,2,High-volume crowd favorites
https://www.zomato.com/pune/sukanta-deccan-gymkhana,2,High-volume crowd favorites
https://www.zomato.com/pune/tarsh-gastronomia-hinjawadi,2,High-volume crowd favorites
https://www.zomato.com/pune/ttf-the-tenth-floor-baner,2,High-volume crowd favorites
https://www.zomato.com/pune/the-barkhana-wakad,2,High-volume crowd favorites
https://www.zomato.com/pune/publiq-hinjawadi,2,High-volume crowd favorites
https://www.zomato.com/pune/atmosphere-6-viman-nagar,2,High-volume crowd favorites
https://www.zomato.com/pune/aromas-hyderabad-house-viman-nagar,0,Premium dining
https://www.zomato.com/pune/the-ruby-hilltop-sunnys-world-sus,2,High-volume crowd favorites
https://www.zomato.com/pune/the-fml-lounge-hinjawadi,2,High-volume crowd favorites
https://www.zomato.com/pune/mi-a-mi-jw-marriott-pune-senapati-bapat-road,2,High-volume crowd favorites
https://www.zomato.com/pune/spice-factory-hinjawadi,2,High-volume crowd favorites
https://www.zomato.com/pune/hotel-jagdamba-shivapur,0,Premium dining
https://www.zomato.com/pune/the-urban-foundry-baner,2,High-volume crowd favorites
https://www.zomato.com/pune/universal-barbeque-hinjawadi,2,High-volume crowd favorites
https://www.zomato.com/pune/smoke-on-the-water-bhugaon,2,High-volume crowd favorites
https://www.zomato.com/pune/surves-pure-non-veg-fc-road,0,Premium dining
https://www.zomato.com/pune/urbo-baner,2,High-volume crowd favorites
https://www.zomato.com/pune/spice-kitchen-jw-marriott-pune-senapati-bapat-road,2,High-volume crowd favorites
https://www.zomato.com/pune/barometer-kothrud,2,High-volume crowd favorites
https://www.zomato.com/pune/cafe-goodluck-deccan-gymkhana,0,Premium dining
https://www.zomato.com/pune/german-bakery-koregaon-park,2,High-volume crowd favorites
https://www.zomato.com/pune/pimlico-koregaon-park,0,Premium dining
https://www.zomato.com/pune/babylon-craft-brewery-erandwane,2,High-volume crowd favorites
https://www.zomato.com/pune/darshan-baner,2,High-volume crowd favorites
https://www.zomato.com/pune/eternia-rooftop-senapati-bapat-road,2,High-volume crowd favorites
https://www.zomato.com/pune/blu-grass-hinjawadi,2,High-volume crowd favorites
https://www.zomato.com/pune/the-sassy-spoon-koregaon-park,2,High-volume crowd favorites
https://www.zomato.com/pune/vaishali-fc-road,2,High-volume crowd favorites
https://www.zomato.com/pune/tatva-the-vegetarian-kitchen-wakad,2,High-volume crowd favorites
https://www.zomato.com/pune/marz-o-rin-mg-road,0,Premium dining
https://www.zomato.com/pune/pk-biryani-house-karve-nagar,0,Premium dining
https://www.zomato.com/pune/zeeshan-restaurant-apna-hyderabadi-food-viman-nagar,2,High-volume crowd favorites
https://www.zomato.com/pune/durvankur-sadashiv-peth,0,Premium dining
https://www.zomato.com/pune/agent-jacks-baner,2,High-volume crowd favorites
https://www.zomato.com/pune/roots-9-kitchen-bar-erandwane,2,High-volume crowd favorites
https://www.zomato.com/pune/penthouze-mundhwa,2,High-volume crowd favorites
https://www.zomato.com/pune/little-italy-shivaji-nagar,2,High-volume crowd favorites
https://www.zomato.com/pune/world-of-veg-shivaji-nagar,2,High-volume crowd favorites
https://www.zomato.com/pune/linkin-barrel-baner,2,High-volume crowd favorites
https://www.zomato.com/pune/fly-high-hinjawadi,2,High-volume crowd favorites
https://www.zomato.com/pune/thikana-hinjawadi,2,High-volume crowd favorites
https://www.zomato.com/pune/high-spirits-mundhwa,2,High-volume crowd favorites
https://www.zomato.com/pune/cuba-libre-wakad,2,High-volume crowd favorites
https://www.zomato.com/pune/darios-koregaon-park,2,High-volume crowd favorites
https://www.zomato.com/pune/burger-east-street,0,Premium dining
https://www.zomato.com/pune/nh-37-dhaba-pune-university,2,High-volume crowd favorites
https://www.zomato.com/pune/hippie@heart-deccan-gymkhana,2,High-volume crowd favorites
https://www.zomato.com/pune/kargo-koregaon-park,2,High-volume crowd favorites
https://www.zomato.com/pune/theobroma-koregaon-park,0,Premium dining
https://www.zomato.com/pune/malaka-spice-koregaon-park,2,High-volume crowd favorites
https://www.zomato.com/pune/360-degree-the-revolving-fine-dine-restaurant-jm-road,2,High-volume crowd favorites
https://www.zomato.com/pune/vohuman-cafe-dhole-patil-road,0,Premium dining
https://www.zomato.com/pune/maharaja-bhog-senapati-bapat-road,0,Premium dining
https://www.zomato.com/pune/hard-rock-cafe-mundhwa,2,High-volume crowd favorites
https://www.zomato.com/pune/blue-nile-camp-area,0,Premium dining
https://www.zomato.com/pune/ministry-of-barbeque-wakad,0,Premium dining
https://www.zomato.com/pune/yana-sizzlers-wok-fc-road,0,Premium dining
https://www.zomato.com/pune/autobahn-viman-nagar,2,High-volume crowd favorites
https://www.zomato.com/pune/18-degrees-resto-lounge-pimple-saudagar,2,High-volume crowd favorites
https://www.zomato.com/pune/satgurus-punjabi-rasoi-magarpatta,2,High-volume crowd favorites
https://www.zomato.com/pune/anna-idli-baner,2,High-volume crowd favorites
https://www.zomato.com/pune/crazy-cheesy-sadashiv-peth,0,Premium dining
https://www.zomato.com/pune/azzurro-baner,2,High-volume crowd favorites
https://www.zomato.com/pune/gong-baner,2,High-volume crowd favorites
https://www.zomato.com/pune/the-deccan-bid-capital-shivaji-nagar,2,High-volume crowd favorites
https://www.zomato.com/pune/claypot-kharadi,2,High-volume crowd favorites
https://www.zomato.com/pune/le-stone-ravet,2,High-volume crowd favorites
https://www.zomato.com/pune/zeleb-mundhwa,1,Polarizing experiences
https://www.zomato.com/pune/marine-drive-hinjawadi,2,High-volume crowd favorites
https://www.zomato.com/pune/pop-tates-viman-nagar,2,High-volume crowd favorites
https://www.zomato.com/pune/highland-baner,2,High-volume crowd favorites
https://www.zomato.com/pune/p-k-biryani-house-kothrud,0,Premium dining
https://www.zomato.com/pune/lad-restaurant-wakad,0,Premium dining
https://www.zomato.com/pune/texas-tower-kharadi,2,High-volume crowd favorites
https://www.zomato.com/pune/elephant-co-kalyani-nagar,2,High-volume crowd favorites
https://www.zomato.com/pune/effingut-brewerkz-baner,2,High-volume crowd favorites
https://www.zomato.com/pune/cafe-paashh-kalyani-nagar,2,High-volume crowd favorites
https://www.zomato.com/pune/madéline-kothrud,0,Premium dining
https://www.zomato.com/pune/baobab-bund-garden,2,High-volume crowd favorites
https://www.zomato.com/pune/moshi-moshi-koregaon-park,2,High-volume crowd favorites
https://www.zomato.com/pune/loft-viman-nagar,2,High-volume crowd favorites
https://www.zomato.com/pune/culture-fc-road,2,High-volume crowd favorites
https://www.zomato.com/pune/mcdonalds-aundh,0,Premium dining
https://www.zomato.com/pune/independence-brewing-company-mundhwa,2,High-volume crowd favorites
https://www.zomato.com/pune/tatyancha-dhaba-3-baner,0,Premium dining
https://www.zomato.com/pune/cafe-blu-radisson-blu-hinjawadi,2,High-volume crowd favorites
https://www.zomato.com/pune/green-signal-deccan-gymkhana,2,High-volume crowd favorites
https://www.zomato.com/pune/sps-biryani-house-sadashiv-peth,0,Premium dining
https://www.zomato.com/pune/baba-ramdev-dhaba-nigdi,0,Premium dining
https://www.zomato.com/pune/retox-erandwane,2,High-volume crowd favorites
https://www.zomato.com/pune/baraza-bars-bites-yerawada,2,High-volume crowd favorites
https://www.zomato.com/pune/barberry-kothrud,2,High-volume crowd favorites
https://www.zomato.com/pune/nawab-asia-1-baner,2,High-volume crowd favorites
https://www.zomato.com/pune/blue-water-ravet,2,High-volume crowd favorites
https://www.zomato.com/pune/true-tramm-trunk-aundh,2,High-volume crowd favorites
https://www.zomato.com/pune/tathya-bund-garden,2,High-volume crowd favorites
https://www.zomato.com/pune/santè-spa-cuisine-koregaon-park,2,High-volume crowd favorites
https://www.zomato.com/pune/unwind-mundhwa,2,High-volume crowd favorites
https://www.zomato.com/pune/the-irani-cafe-viman-nagar,0,Premium dining
https://www.zomato.com/pune/arabian-bites-kondhwa,0,Premium dining
https://www.zomato.com/pune/makaza-viman-nagar,2,High-volume crowd favorites
https://www.zomato.com/pune/chilis-american-grill-bar-viman-nagar,2,High-volume crowd favorites
https://www.zomato.com/pune/madari-the-crazy-bar-baner,2,High-volume crowd favorites
https://www.zomato.com/pune/sigree-aundh,2,High-volume crowd favorites
https://www.zomato.com/pune/the-cult-house-magarpatta,2,High-volume crowd favorites
https://www.zomato.com/pune/mezza--hinjawadi,2,High-volume crowd favorites
https://www.zomato.com/pune/tales-spirits-senapati-bapat-road,2,High-volume crowd favorites
https://www.zomato.com/pune/house-of-paratha-jm-road,0,Premium dining
https://www.zomato.com/pune/mughal-mahal-hinjawadi,2,High-volume crowd favorites
https://www.zomato.com/pune/hackers-kitchen-bar-kharadi,2,High-volume crowd favorites
https://www.zomato.com/pune/the-millers-homebar-kitchen-bund-garden,2,High-volume crowd favorites
https://www.zomato.com/pune/level-5-bistro-and-bar-erandwane,2,High-volume crowd favorites
https://www.zomato.com/pune/tipsy-turtle-bavdhan,0,Premium dining
https://www.zomato.com/pune/rushhrs-magarpatta,0,Premium dining
https://www.zomato.com/pune/samudra-erandwane,2,High-volume crowd favorites
https://www.zomato.com/pune/son-of-a-gun-baner,2,High-volume crowd favorites
https://www.zomato.com/pune/kerala-cafe-1-kalyani-nagar,2,High-volume crowd favorites
https://www.zomato.com/pune/nisarg-erandwane,2,High-volume crowd favorites
https://www.zomato.com/pune/sky-high-the-club-kharadi,2,High-volume crowd favorites
https://www.zomato.com/pune/grandmamas-cafe-koregaon-park,2,High-volume crowd favorites
https://www.zomato.com/pune/laa-unico-swargate,2,High-volume crowd favorites
https://www.zomato.com/pune/burger-king-fc-road,0,Premium dining
https://www.zomato.com/pune/green-park-baner,2,High-volume crowd favorites
https://www.zomato.com/pune/talli-koregaon-park,2,High-volume crowd favorites
https://www.zomato.com/pune/fomo-hinjawadi,2,High-volume crowd favorites
https://www.zomato.com/pune/carnival-restaurant-and-bar-mundhwa,2,High-volume crowd favorites
https://www.zomato.com/pune/mainland-china-senapati-bapat-road,2,High-volume crowd favorites
https://www.zomato.com/pune/ahilyadevis-thali-katraj,2,High-volume crowd favorites
https://www.zomato.com/pune/the-french-window-patisserie-koregaon-park,2,High-volume crowd favorites
https://www.zomato.com/pune/bmg-unplugged-hadapsar,2,High-volume crowd favorites
https://www.zomato.com/pune/yeti-and-the-monk-khadki,0,Premium dining
https://www.zomato.com/pune/hotel-shreyas-deccan-gymkhana,0,Premium dining
https://www.zomato.com/pune/rubabdaar-baner,2,High-volume crowd favorites
https://www.zomato.com/pune/hakuna-matata-jm-road,2,High-volume crowd favorites
https://www.zomato.com/pune/reddys-restaurant-karve-nagar,0,Premium dining
https://www.zomato.com/pune/guru-sawantss-malwan-katta-karve-nagar,0,Premium dining
https://www.zomato.com/pune/tawa-street-viman-nagar,0,Premium dining
https://www.zomato.com/pune/village-the-soul-of-india-hadapsar,2,High-volume crowd favorites
https://www.zomato.com/pune/jashn-salunkhe-vihar-road,0,Premium dining
https://www.zomato.com/pune/apache-high-street-baner,2,High-volume crowd favorites
https://www.zomato.com/pune/farmaaish-lounge-bar-viman-nagar,2,High-volume crowd favorites
https://www.zomato.com/pune/fish-curry-rice-law-college-road,2,High-volume crowd favorites
https://www.zomato.com/pune/krave-kitchen-bar-pimple-nilakh,2,High-volume crowd favorites
https://www.zomato.com/pune/pide-turkish-cafe-fc-road,0,Premium dining
https://www.zomato.com/pune/rajdhani-viman-nagar,0,Premium dining
https://www.zomato.com/pune/raju-uncles-chole-bhature-katraj,0,Premium dining
https://www.zomato.com/pune/sujata-mastani-sadashiv-peth,0,Premium dining
https://www.zomato.com/pune/italy-via-punjab-baner,2,High-volume crowd favorites
https://www.zomato.com/pune/portico-sayaji-hotel-wakad,2,High-volume crowd favorites
https://www.zomato.com/pune/360-degree-the-lounge-jm-road,2,High-volume crowd favorites
https://www.zomato.com/pune/desi-dhaba-hinjawadi,0,Premium dining
https://www.zomato.com/pune/the-k-factory-baner,2,High-volume crowd favorites
https://www.zomato.com/pune/playboy-beer-garden-koregaon-park,2,High-volume crowd favorites
https://www.zomato.com/pune/turque-sayaji-hotel-wakad,2,High-volume crowd favorites
https://www.zomato.com/pune/murphies-koregaon-park,2,High-volume crowd favorites
https://www.zomato.com/pune/onesta-hadapsar,2,High-volume crowd favorites
https://www.zomato.com/pune/cafe-kathaa-fc-road,2,High-volume crowd favorites
https://www.zomato.com/pune/rangla-punjab-pashan,2,High-volume crowd favorites
https://www.zomato.com/pune/abhishek-veg-restaurant-erandwane,0,Premium dining
https://www.zomato.com/pune/sentosa-multicuisine-restaurant-ravet,2,High-volume crowd favorites
https://www.zomato.com/pune/dhaba-estd-1986-delhi-senapati-bapat-road,2,High-volume crowd favorites
https://www.zomato.com/pune/mapro-garden-lonavala,2,High-volume crowd favorites
https://www.zomato.com/pune/frozen-monkey-hinjawadi,2,High-volume crowd favorites
https://www.zomato.com/pune/coriander-kitchen-conrad-pune-bund-garden,2,High-volume crowd favorites
https://www.zomato.com/pune/backstage-viman-nagar,2,High-volume crowd favorites
https://www.zomato.com/pune/huber-holly-koregaon-park,2,High-volume crowd favorites
https://www.zomato.com/pune/vice-versa-shivaji-nagar,2,High-volume crowd favorites
https://www.zomato.com/pune/the-daily-all-day-1-koregaon-park,2,High-volume crowd favorites
https://www.zomato.com/pune/mocha-1-koregaon-park,2,High-volume crowd favorites
https://www.zomato.com/pune/starbucks-coffee-fc-road,2,High-volume crowd favorites
https://www.zomato.com/pune/pakwan-the-food-tradition-pimple-saudagar,0,Premium dining
https://www.zomato.com/pune/betos-nibm-road,2,High-volume crowd favorites
https://www.zomato.com/pune/tiranga-bhuvan-kothrud-kothrud,0,Premium dining
https://www.zomato.com/pune/pune-baking-company-jw-marriott-pune-senapati-bapat-road,2,High-volume crowd favorites
https://www.zomato.com/pune/pizza-hut-2-viman-nagar,1,Polarizing experiences
https://www.zomato.com/pune/cafe-peter-shivaji-nagar,2,High-volume crowd favorites
https://www.zomato.com/pune/karolbaug-the-dhaba-hinjawadi,0,Premium dining
https://www.zomato.com/pune/the-kinara-village-dhaba-lonavala,2,High-volume crowd favorites
https://www.zomato.com/pune/1000-oaks-east-street,2,High-volume crowd favorites
https://www.zomato.com/pune/botanica-the-green-house-bar-bund-garden,2,High-volume crowd favorites
https://www.zomato.com/pune/savya-rasa-koregaon-park,2,High-volume crowd favorites
https://www.zomato.com/pune/shriniwas-veg-viman-nagar,2,High-volume crowd favorites
https://www.zomato.com/pune/the-burger-barn-cafe-shivaji-nagar,2,High-volume crowd favorites
https://www.zomato.com/pune/shahi-bhoj-thali-restaurant-shivaji-nagar,0,Premium dining
https://www.zomato.com/pune/pub-le-city-hadapsar,2,High-volume crowd favorites
https://www.zomato.com/pune/the-tasty-tiffin-baner,0,Premium dining
https://www.zomato.com/pune/copa-cabana-pimple-nilakh,2,High-volume crowd favorites
https://www.zomato.com/pune/vege-fc-road,2,High-volume crowd favorites
https://www.zomato.com/pune/pink-turbann-aundh,0,Premium dining
https://www.zomato.com/pune/falahaar-baner,0,Premium dining
https://www.zomato.com/pune/parsi-dhaba-lonavala,2,High-volume crowd favorites
https://www.zomato.com/pune/vernekars-goan-fish-curry-karve-nagar,0,Premium dining
https://www.zomato.com/pune/lager-street-lounge-and-bar-balewadi,2,High-volume crowd favorites
https://www.zomato.com/pune/mineority-by-saby-kalyani-nagar,2,High-volume crowd favorites
https://www.zomato.com/pune/george-restaurant-east-street,2,High-volume crowd favorites
https://www.zomato.com/pune/citrus-cafe-lemon-tree-hotel-hinjawadi,2,High-volume crowd favorites
https://www.zomato.com/pune/over-the-top-radisson-blu-hinjawadi,2,High-volume crowd favorites
https://www.zomato.com/pune/chini-chor-kharadi,0,Premium dining
https://www.zomato.com/pune/fish-on-dish-1-wakad,0,Premium dining
https://www.zomato.com/pune/flute-wakad,2,High-volume crowd favorites
https://www.zomato.com/pune/raaga-imperio-dange-chowk,2,High-volume crowd favorites
https://www.zomato.com/pune/hoppipola-kalyani-nagar,2,High-volume crowd favorites
https://www.zomato.com/pune/chianti-viman-nagar,0,Premium dining
https://www.zomato.com/pune/ram-krishna-camp-area,2,High-volume crowd favorites
https://www.zomato.com/pune/shisha-jazz-cafe-mundhwa,2,High-volume crowd favorites
https://www.zomato.com/pune/ufo-fries-corn-wakad,0,Premium dining
https://www.zomato.com/pune/garden-vada-pav-centre-camp-area,0,Premium dining
https://www.zomato.com/pune/masaledar-biryani-house-sadashiv-peth,0,Premium dining
https://www.zomato.com/pune/the-chocolate-room-1-viman-nagar,0,Premium dining
https://www.zomato.com/pune/yolo-gastro-lounge-pimple-saudagar,2,High-volume crowd favorites
https://www.zomato.com/pune/upsouth-1-aundh,0,Premium dining
https://www.zomato.com/pune/mealstory-hinjawadi,0,Premium dining
https://www.zomato.com/pune/latitude-blue-diamond-koregaon-park,2,High-volume crowd favorites
https://www.zomato.com/pune/hotel-sangrilla-ravet,0,Premium dining
https://www.zomato.com/pune/zeta-hyatt-regency-pune-viman-nagar,2,High-volume crowd favorites
https://www.zomato.com/pune/cold-stone-creamery-viman-nagar,0,Premium dining
https://www.zomato.com/pune/the-fish-thali-shivaji-nagar,0,Premium dining
https://www.zomato.com/pune/tiffingeek-wakad,0,Premium dining
https://www.zomato.com/pune/cream-craver-camp-area,0,Premium dining
https://www.zomato.com/pune/natural-ice-cream-kothrud,0,Premium dining
https://www.zomato.com/pune/d-palace-bavdhan,2,High-volume crowd favorites
https://www.zomato.com/pune/new-sarovar-bhugaon,0,Premium dining
https://www.zomato.com/pune/maratha-samrat-baner,0,Premium dining
https://www.zomato.com/pune/drinx-exchange-kharadi,2,High-volume crowd favorites
https://www.zomato.com/pune/indian-curry-katraj,0,Premium dining
https://www.zomato.com/pune/pune-bowl-company-pimple-nilakh,0,Premium dining
https://www.zomato.com/pune/cake-n-cafe-hadapsar,1,Polarizing experiences
https://www.zomato.com/pune/shakahari-jw-marriott-pune-senapati-bapat-road,2,High-volume crowd favorites
https://www.zomato.com/pune/7th-heaven-cake-shop-1-kothrud,0,Premium dining
https://www.zomato.com/pune/swig-1-baner,2,High-volume crowd favorites
https://www.zomato.com/pune/paprikaa-karve-nagar,0,Premium dining
https://www.zomato.com/pune/pergola-kitchen-and-bar-kalyani-nagar,0,Premium dining
https://www.zomato.com/pune/the-bar-stock-exchange-koregaon-park,2,High-volume crowd favorites
https://www.zomato.com/pune/levit-8-aundh,2,High-volume crowd favorites
https://www.zomato.com/pune/arbour-kitchen-drinks-kalyani-nagar,2,High-volume crowd favorites
https://www.zomato.com/pune/garden-of-edesia-dhole-patil-road,2,High-volume crowd favorites
https://www.zomato.com/pune/shizusan-viman-nagar,2,High-volume crowd favorites
https://www.zomato.com/pune/mojo-pizza-2x-toppings-1-hinjawadi,0,Premium dining
https://www.zomato.com/pune/prems-koregaon-park,2,High-volume crowd favorites
https://www.zomato.com/pune/ya-basa-the-dhaba-baner,0,Premium dining
https://www.zomato.com/pune/the-house-of-medici-the-westin-mundhwa,2,High-volume crowd favorites
https://www.zomato.com/pune/lollapalooza-pimple-saudagar,2,High-volume crowd favorites
https://www.zomato.com/pune/between-breads-koregaon-park,0,Premium dining
https://www.zomato.com/pune/lassi-wassi-kothrud,0,Premium dining
https://www.zomato.com/pune/trikaya-bavdhan,2,High-volume crowd favorites
https://www.zomato.com/pune/brgrmeister-kharadi,2,High-volume crowd favorites
https://www.zomato.com/pune/mamagoto-senapati-bapat-road,2,High-volume crowd favorites
https://www.zomato.com/pune/tim-luck-luck-east-street,2,High-volume crowd favorites
https://www.zomato.com/pune/ovenstory-pizza-baner,0,Premium dining
https://www.zomato.com/pune/momos-corrner-koregaon-park,0,Premium dining
https://www.zomato.com/pune/evviva-sky-lounge-crowne-plaza-pune-city-centre-bund-garden,2,High-volume crowd favorites
https://www.zomato.com/pune/wadeshwar-fc-road,0,Premium dining
https://www.zomato.com/pune/momo-cafe-courtyard-by-marriott-pune-hinjawadi-hinjawadi,2,High-volume crowd favorites
https://www.zomato.com/pune/asia-kitchen-by-mainland-china-dhole-patil-road,2,High-volume crowd favorites
https://www.zomato.com/pune/mulukh-jm-road,0,Premium dining
https://www.zomato.com/pune/joshi-upahar-gruh-erandwane,0,Premium dining
https://www.zomato.com/pune/wynkk-baner,2,High-volume crowd favorites
https://www.zomato.com/pune/best-belgian-waffle-1-kothrud,0,Premium dining
https://www.zomato.com/pune/chaitanya-paranthas-viman-nagar,0,Premium dining
https://www.zomato.com/pune/oblique-kitchen-kothrud,2,High-volume crowd favorites
https://www.zomato.com/pune/marrakesh-kalyani-nagar,2,High-volume crowd favorites
https://www.zomato.com/pune/yolkshire-kothrud,2,High-volume crowd favorites
https://www.zomato.com/pune/incognito-restaurant-bar-cafe-baner,2,High-volume crowd favorites
https://www.zomato.com/pune/the-1st-brewhouse-the-corinthians-nibm-road,2,High-volume crowd favorites
https://www.zomato.com/pune/kinki-mundhwa,2,High-volume crowd favorites
https://www.zomato.com/pune/jashn-e-punjab-baner,0,Premium dining
https://www.zomato.com/pune/taaareef-bavdhan,0,Premium dining
https://www.zomato.com/pune/supreme-corner-jm-road,0,Premium dining
https://www.zomato.com/pune/biryani-by-kg-hinjawadi,1,Polarizing experiences
https://www.zomato.com/pune/malgudi-station-baner,2,High-volume crowd favorites
https://www.zomato.com/pune/tea-villa-cafe-fc-road,2,High-volume crowd favorites
https://www.zomato.com/pune/mazdana-restaurant-bar-camp-area,0,Premium dining
https://www.zomato.com/pune/midnight-kakery-kothrud,0,Premium dining
https://www.zomato.com/pune/the-momo-panda-kothrud,0,Premium dining
https://www.zomato.com/pune/kanha-veg-1-kondhwa,0,Premium dining
https://www.zomato.com/pune/lotus-court-family-resto-bar-pimpri,2,High-volume crowd favorites
https://www.zomato.com/pune/shabree-restaurant-fc-road,0,Premium dining
https://www.zomato.com/pune/urban-tadka-shivaji-nagar,2,High-volume crowd favorites
https://www.zomato.com/hennys-gourmet-food-truck,0,Premium dining
https://www.zomato.com/pune/bay-leaf-bistro-chinchwad,2,High-volume crowd favorites
https://www.zomato.com/pune/raasta-cafe-baner,2,High-volume crowd favorites
https://www.zomato.com/pune/levit-8-nibm-road,2,High-volume crowd favorites
https://www.zomato.com/pune/apna-punjab-magarpatta,0,Premium dining
https://www.zomato.com/pune/chopsticks-spice-malabar-viman-nagar,0,Premium dining
https://www.zomato.com/pune/the-egg-break-chandan-nagar,0,Premium dining
https://www.zomato.com/pune/fresh-bake-hinjawadi,0,Premium dining
https://www.zomato.com/pune/pnf-restaurant-bar-lonavala,2,High-volume crowd favorites
https://www.zomato.com/pune/spoonbell-kothrud,0,Premium dining
https://www.zomato.com/pune/largo-pizzeria-viman-nagar,0,Premium dining
https://www.zomato.com/pune/rocomamas-kharadi,2,High-volume crowd favorites
https://www.zomato.com/pune/rolleat-kharadi,0,Premium dining
https://www.zomato.com/pune/vishnuji-ki-rasoi-erandwane,0,Premium dining
https://www.zomato.com/pune/chinese-factory-wakad,0,Premium dining
https://www.zomato.com/pune/shree-sai-pure-veg-ravet,0,Premium dining
https://www.zomato.com/pune/area-51-baner,2,High-volume crowd favorites
https://www.zomato.com/pune/alto-vino-jw-marriott-pune-senapati-bapat-road,2,High-volume crowd favorites
https://www.zomato.com/pune/changs-viman-nagar,2,High-volume crowd favorites
https://www.zomato.com/pune/kfc-hinjawadi,0,Premium dining
https://www.zomato.com/pune/taaareef-aundh,2,High-volume crowd favorites
https://www.zomato.com/pune/smaaash-viman-nagar,2,High-volume crowd favorites
https://www.zomato.com/pune/chafa-cafe-and-studio-koregaon-park,2,High-volume crowd favorites
https://www.zomato.com/pune/jyoti-pure-veg-kondhwa,0,Premium dining
https://www.zomato.com/pune/te-amo-chandan-nagar,2,High-volume crowd favorites
https://www.zomato.com/pune/the-ganache-kothrud,0,Premium dining
https://www.zomato.com/pune/shrinidhis-hyderabadi-spice-aundh,0,Premium dining
https://www.zomato.com/pune/qabil-e-tareef-pimple-saudagar,2,High-volume crowd favorites
https://www.zomato.com/pune/kurtosshhh-bavdhan,0,Premium dining
https://www.zomato.com/pune/aamhi-pohekar-sadashiv-peth,3,Low-volume neighborhood venues
https://www.zomato.com/pune/world-of-cheese-pizza-dange-chowk,0,Premium dining
https://www.zomato.com/pune/madinah-restaurant-camp-area,0,Premium dining
https://www.zomato.com/pune/sandwich-express-koregaon-park,0,Premium dining
https://www.zomato.com/pune/swiss-bakes-magarpatta,0,Premium dining
https://www.zomato.com/pune/bird-valley-wakad,2,High-volume crowd favorites
https://www.zomato.com/pune/late-lateef-aundh,0,Premium dining
https://www.zomato.com/pune/piccadilly-cafe-baner,2,High-volume crowd favorites
https://www.zomato.com/pune/sheetal-restaurant-kothrud,0,Premium dining
https://www.zomato.com/pune/playboy-beer-garden-baner,2,High-volume crowd favorites
https://www.zomato.com/pune/cafe-goa-viman-nagar,2,High-volume crowd favorites
https://www.zomato.com/pune/aaoji-khhaoji-khadki,0,Premium dining
https://www.zomato.com/pune/local-gastro-bar-mundhwa,2,High-volume crowd favorites
https://www.zomato.com/pune/origin-bistro-pashan,2,High-volume crowd favorites
https://www.zomato.com/pune/dhaba-shaba-veg-bistro-koregaon-park,2,High-volume crowd favorites
https://www.zomato.com/pune/kulcha-singh-kharadi,3,Low-volume neighborhood venues
https://www.zomato.com/pune/tea-trails-cafe-aundh,2,High-volume crowd favorites
https://www.zomato.com/pune/kata-kirr-deccan-gymkhana,0,Premium dining
https://www.zomato.com/pune/cafe-deja-vu-bavdhan,2,High-volume crowd favorites
https://www.zomato.com/pune/kimchi-kharadi,2,High-volume crowd favorites
https://www.zomato.com/pune/ooolala-all-day-cafe-bar-shivaji-nagar,2,High-volume crowd favorites
https://www.zomato.com/pune/lapicio-aundh,0,Premium dining
https://www.zomato.com/pune/classic-rock-cafe-comedy-kalyani-nagar,2,High-volume crowd favorites
https://www.zomato.com/pune/rude-lounge-viman-nagar,2,High-volume crowd favorites
https://www.zomato.com/pune/bantoos-baner,0,Premium dining
https://www.zomato.com/pune/ostro-multi-cuisine-restaurant-1-hinjawadi,2,High-volume crowd favorites
https://www.zomato.com/pune/ecstasy-bar-and-eatery-kothrud,2,High-volume crowd favorites
https://www.zomato.com/pune/bhadait-misal-1-erandwane,0,Premium dining
https://www.zomato.com/pune/diet-food-factory-kothrud,0,Premium dining
https://www.zomato.com/pune/paratha-king-hinjawadi,0,Premium dining
https://www.zomato.com/pune/shanghai-one-hadapsar,0,Premium dining
https://www.zomato.com/pune/s-kumar-wadewale-hadapsar,0,Premium dining
https://www.zomato.com/pune/pune-12-magarpatta,0,Premium dining
https://www.zomato.com/pune/trp-the-rooftop-project-mg-road,2,High-volume crowd favorites
https://www.zomato.com/pune/gourmet-union-world-cuisine-and-bar-baner,2,High-volume crowd favorites
https://www.zomato.com/pune/cafe-hours-food-bookstore-cafe-wakad,0,Premium dining
https://www.zomato.com/pune/the-great-kabab-factory-radisson-blu-hotel-kharadi,2,High-volume crowd favorites
https://www.zomato.com/pune/farmaaish-baner,2,High-volume crowd favorites
https://www.zomato.com/pune/senses-marriott-suites-pune-mundhwa,2,High-volume crowd favorites
https://www.zomato.com/pune/la-sicilia-bistro-patisserie-kothrud,2,High-volume crowd favorites
https://www.zomato.com/pune/aira-restaurant-fatima-nagar,3,Low-volume neighborhood venues
https://www.zomato.com/pune/kadar-khans-sheesha-baner,3,Low-volume neighborhood venues
https://www.zomato.com/pune/7th-heaven-baner,0,Premium dining
https://www.zomato.com/pune/hotel-vijay-the-taste-of-tamil-nadu-hinjawadi,0,Premium dining
https://www.zomato.com/pune/hardyz-kharadi,0,Premium dining
https://www.zomato.com/pune/chinese-adda-magarpatta,0,Premium dining
https://www.zomato.com/pune/ratri-yatri-aundh,0,Premium dining
https://www.zomato.com/pune/chef-shanghai-wadgaon-sheri,0,Premium dining
https://www.zomato.com/pune/hidden-place-the-hangout-koregaon-park,2,High-volume crowd favorites
https://www.zomato.com/pune/bhairavee-pure-veg-restaurant-baner,2,High-volume crowd favorites
https://www.zomato.com/pune/la-pizzeria-baner,2,High-volume crowd favorites
https://www.zomato.com/pune/chitale-bandhu-mithaiwale-deccan-gymkhana,0,Premium dining
https://www.zomato.com/pune/supreme-sandwich-corner-budhwar-peth,0,Premium dining
https://www.zomato.com/pune/waffle-world-pimple-nilakh,0,Premium dining
https://www.zomato.com/pune/yumma-swami-camp-area,0,Premium dining
https://www.zomato.com/pune/coffee-nation-law-college-road,2,High-volume crowd favorites
https://www.zomato.com/pune/ksl-exprs-aundh,0,Premium dining
https://www.zomato.com/pune/kgn-xprs-wakad,0,Premium dining
https://www.zomato.com/pune/mr-rabbits-bar-burrow-baner,2,High-volume crowd favorites
https://www.zomato.com/pune/ksl-biryani-house-aundh,0,Premium dining
https://www.zomato.com/pune/hotel-al-zaika-karve-nagar,0,Premium dining
https://www.zomato.com/biryani-house,0,Premium dining
https://www.zomato.com/pune/arthurs-theme-koregaon-park,2,High-volume crowd favorites
https://www.zomato.com/pune/post-91-infinity-rooftop-restaurant-baner,2,High-volume crowd favorites
https://www.zomato.com/pune/r-bhagat-tarrachand-camp-area,0,Premium dining
https://www.zomato.com/pune/the-crunch-affair-viman-nagar,2,High-volume crowd favorites
https://www.zomato.com/la-kheer-deli-food-truck,0,Premium dining
https://www.zomato.com/pune/olive-wheat-grape-erandwane,2,High-volume crowd favorites
https://www.zomato.com/pune/95-pasta-n-pizza-shivaji-nagar,0,Premium dining
https://www.zomato.com/pune/pizzaronee-pimple-saudagar,0,Premium dining
https://www.zomato.com/pune/deewan-khana-balewadi,2,High-volume crowd favorites
https://www.zomato.com/pune/feast-sheraton-grand-bund-garden,2,High-volume crowd favorites
https://www.zomato.com/thecafe,2,High-volume crowd favorites
https://www.zomato.com/pune/a-taste-of-indore-wakad,0,Premium dining
https://www.zomato.com/pune/dnozzo-chinese-food-hub-balewadi,0,Premium dining
https://www.zomato.com/pune/punjabi-chilly-viman-nagar,0,Premium dining
https://www.zomato.com/pune/a-taste-of-indore-fun-food-pimple-saudagar,0,Premium dining
https://www.zomato.com/pune/swarnaa-vegetarian-warje,2,High-volume crowd favorites
https://www.zomato.com/pune/the-poona-project-by-pizzaexpress-viman-nagar,2,High-volume crowd favorites
https://www.zomato.com/pune/cafe-24-lonavala,2,High-volume crowd favorites
https://www.zomato.com/pune/five-fat-monks-baner,2,High-volume crowd favorites
https://www.zomato.com/pune/cafe-samosa-corner-kondhwa,0,Premium dining
https://www.zomato.com/pune/naayab-aundh,0,Premium dining
https://www.zomato.com/pune/sai-kok-pa-chinese-baner,0,Premium dining
https://www.zomato.com/pune/crème-della-lonavala,2,High-volume crowd favorites
https://www.zomato.com/pune/sambar-pure-veg-viman-nagar,0,Premium dining
https://www.zomato.com/pune/hotel-kaveri-wagholi,0,Premium dining
https://www.zomato.com/pune/punjab-canteen-kothrud,0,Premium dining
https://www.zomato.com/pune/sabores-european-bistro-shivaji-nagar,2,High-volume crowd favorites
https://www.zomato.com/pune/addah-the-o-hotel-koregaon-park,2,High-volume crowd favorites
https://www.zomato.com/pune/the-sea-secret-jm-road,0,Premium dining
https://www.zomato.com/pune/akss-india-reimagined-bund-garden,0,Premium dining
https://www.zomato.com/pune/shawarma-king-akurdi,0,Premium dining
https://www.zomato.com/pune/poona-guest-house-1-senapati-bapat-road,3,Low-volume neighborhood venues
https://www.zomato.com/pune/daisy-dozen-by-ak-kharadi,0,Premium dining
https://www.zomato.com/pune/zeera-conrad-pune-bund-garden,2,High-volume crowd favorites
https://www.zomato.com/pune/chawadi-restaurant-chinchwad,0,Premium dining
https://www.zomato.com/pune/sarjaa-aundh,2,High-volume crowd favorites
https://www.zomato.com/pune/bedekar-tea-stall-sadashiv-peth,0,Premium dining
https://www.zomato.com/pune/kothrud-katta-kothrud,0,Premium dining
https://www.zomato.com/pune/third-wave-coffee-roasters-koregaon-park,2,High-volume crowd favorites
https://www.zomato.com/pune/kolhapuri-katta-bibvewadi,2,High-volume crowd favorites
https://www.zomato.com/pune/shahjis-parantha-house-rasta-peth,0,Premium dining
https://www.zomato.com/pune/kafe-fusion-baner,0,Premium dining
https://www.zomato.com/pune/eagle-boys-pizzeria-cafe-pimple-saudagar,1,Polarizing experiences
https://www.zomato.com/pune/la-gustosa-kothrud,2,High-volume crowd favorites
https://www.zomato.com/pune/bakers-wave-ravet,0,Premium dining
https://www.zomato.com/pune/south-house-shivaji-nagar,2,High-volume crowd favorites
https://www.zomato.com/pune/salad-grills-kalyani-nagar,0,Premium dining
https://www.zomato.com/pune/reddys-biryani-zone-hinjawadi,0,Premium dining
https://www.zomato.com/pune/wada-culture-baner,0,Premium dining
https://www.zomato.com/pune/where-else-diner-viman-nagar,2,High-volume crowd favorites
https://www.zomato.com/pune/love-latte-koregaon-park,0,Premium dining
https://www.zomato.com/pune/kabablo-pimple-nilakh,0,Premium dining
https://www.zomato.com/pune/filli-bites-nibm-road,0,Premium dining
https://www.zomato.com/pune/ek-no-foodies-nibm-road,0,Premium dining
https://www.zomato.com/pune/community-cafe-kondhwa,3,Low-volume neighborhood venues
https://www.zomato.com/pune/the-cliff-bavdhan,2,High-volume crowd favorites
https://www.zomato.com/pune/wood-fire-grill-kothrud,2,High-volume crowd favorites
https://www.zomato.com/pune/horn-ok-please-fc-road,0,Premium dining
https://www.zomato.com/pune/11-east-street-cafe-east-street,2,High-volume crowd favorites
https://www.zomato.com/pune/nine-square-yerawada,2,High-volume crowd favorites
https://www.zomato.com/pune/nirvighnam-balewadi,0,Premium dining
https://www.zomato.com/pune/the-havelii-baner,2,High-volume crowd favorites
https://www.zomato.com/pune/amritsari-kulcha-point-kharadi,3,Low-volume neighborhood venues
https://www.zomato.com/pune/the-coriander-leaf-kothrud,2,High-volume crowd favorites
https://www.zomato.com/pune/le-flamington-kalyani-nagar,2,High-volume crowd favorites
https://www.zomato.com/pune/bar-stories-pimpri,2,High-volume crowd favorites
https://www.zomato.com/pune/savali-nigdi,0,Premium dining
https://www.zomato.com/pune/kp-squar-mundhwa,2,High-volume crowd favorites
https://www.zomato.com/pune/cakeman-kalyani-nagar,0,Premium dining
https://www.zomato.com/pune/chatori-galliyan-kharadi,3,Low-volume neighborhood venues
https://www.zomato.com/pune/cake-dior-koregaon-park,2,High-volume crowd favorites
https://www.zomato.com/pune/shaam-e-awadh-aundh,0,Premium dining
https://www.zomato.com/pune/the-place-touche-the-sizzler-camp-area,0,Premium dining
https://www.zomato.com/pune/fc-grill-house-1-fc-road,2,High-volume crowd favorites
https://www.zomato.com/pune/good-news-dhaba-yerawada,2,High-volume crowd favorites
https://www.zomato.com/pune/khandeshi-swad-ravet,0,Premium dining
https://www.zomato.com/pune/chizzlers-pashan,0,Premium dining
https://www.zomato.com/pune/flax-kalyani-nagar,0,Premium dining
https://www.zomato.com/pune/the-urban-kitchen-magarpatta,0,Premium dining
https://www.zomato.com/pune/nashaa-narhe,2,High-volume crowd favorites
https://www.zomato.com/pune/savera-meals-baner,0,Premium dining
https://www.zomato.com/pune/kalinga-veg-gourmet-kitchen-1-erandwane,0,Premium dining
https://www.zomato.com/pune/karolbaug-dawat-e-mehfil-aundh,0,Premium dining
https://www.zomato.com/pune/pbf-pizzas-burgers-fries-pimple-nilakh,0,Premium dining
https://www.zomato.com/pune/genuine-broaster-chicken-1-baner,0,Premium dining
https://www.zomato.com/pune/godavari-snacks-magarpatta,0,Premium dining
https://www.zomato.com/pune/sports-bar-lonavala,0,Premium dining
https://www.zomato.com/pune/raqabdaars-aundh,0,Premium dining
https://www.zomato.com/pune/hotel-silver-seven-akurdi,2,High-volume crowd favorites
https://www.zomato.com/pune/rose-wood-dange-chowk,2,High-volume crowd favorites
https://www.zomato.com/pune/uncles-chinese-koregaon-park,0,Premium dining
https://www.zomato.com/pune/hotel-reddy-kharadi,0,Premium dining
https://www.zomato.com/pune/carmine-radisson-blu-hotel-kharadi,0,Premium dining
https://www.zomato.com/pune/currys-kharadi,3,Low-volume neighborhood venues
https://www.zomato.com/pune/hotel-shivendra-hadapsar,0,Premium dining
https://www.zomato.com/pune/hotel-chinese-chef-hadapsar,0,Premium dining
https://www.zomato.com/pune/fatcook-baner,2,High-volume crowd favorites
https://www.zomato.com/pune/hotel-kaveri-bibvewadi,0,Premium dining
https://www.zomato.com/pune/thali-co-1-sinhgad-road,0,Premium dining
https://www.zomato.com/pune/fresh-off-the-boat-erandwane,0,Premium dining
https://www.zomato.com/pune/rainforest-resto-bar-viman-nagar,2,High-volume crowd favorites
https://www.zomato.com/pune/flying-duck-co-baner,2,High-volume crowd favorites
https://www.zomato.com/pune/the-blue-plate-aundh,2,High-volume crowd favorites
https://www.zomato.com/pune/andaground-baner,2,High-volume crowd favorites
https://www.zomato.com/pune/coco-sushi-bar-mundhwa,2,High-volume crowd favorites
https://www.zomato.com/pune/the-flour-works-baner,2,High-volume crowd favorites
https://www.zomato.com/pune/tien-model-colony,2,High-volume crowd favorites
https://www.zomato.com/pune/the-saucy-side-wakad,0,Premium dining
https://www.zomato.com/pune/urban-rolls-viman-nagar,3,Low-volume neighborhood venues
https://www.zomato.com/pune/signature-fine-dining-viman-nagar,2,High-volume crowd favorites
https://www.zomato.com/pune/rollsta-viman-nagar,0,Premium dining
https://www.zomato.com/pune/purnabramha-kharadi,0,Premium dining
https://www.zomato.com/pune/nevale-misal-chinchwad,0,Premium dining
https://www.zomato.com/pune/pk-burger-kabab-point-camp-area,0,Premium dining
https://www.zomato.com/pune/copa-villa-pimple-nilakh,2,High-volume crowd favorites
https://www.zomato.com/pune/ambrosios-hinjawadi,0,Premium dining
https://www.zomato.com/pune/millies-cookies-senapati-bapat-road,3,Low-volume neighborhood venues
https://www.zomato.com/pune/mandarin-oak-viman-nagar,0,Premium dining
https://www.zomato.com/pune/prathik-biryani-house-pimpri,0,Premium dining
https://www.zomato.com/pune/the-curious-restro-lounge-baner,2,High-volume crowd favorites
https://www.zomato.com/pune/sorriso-marriott-suites-pune-mundhwa,2,High-volume crowd favorites
https://www.zomato.com/pune/j1-shivaji-nagar,2,High-volume crowd favorites
https://www.zomato.com/pune/wings-co-viman-nagar,0,Premium dining
https://www.zomato.com/pune/the-poppa-cafe-senapati-bapat-road,0,Premium dining
https://www.zomato.com/pune/charcoal-eats-wakad,0,Premium dining
https://www.zomato.com/pune/pecos-r-e-d-viman-nagar,0,Premium dining
https://www.zomato.com/pune/downtown-china-magarpatta,0,Premium dining
https://www.zomato.com/pune/panchami-pure-veg-parvati,0,Premium dining
https://www.zomato.com/pune/bagban-restaurant-east-street,1,Polarizing experiences
https://www.zomato.com/pune/raju-misal-house-sinhgad-road,0,Premium dining
https://www.zomato.com/pune/the-good-bowl-baner,0,Premium dining
https://www.zomato.com/pune/punjabi-treat-ravet,0,Premium dining
https://www.zomato.com/pune/manali-family-resto-bar-baner,2,High-volume crowd favorites
https://www.zomato.com/pune/hotel-chul-mutton-chandan-nagar,1,Polarizing experiences
https://www.zomato.com/pune/biryanibad-katraj,0,Premium dining
https://www.zomato.com/pune/magnum-opus-pimple-saudagar,2,High-volume crowd favorites
https://www.zomato.com/pune/brain-freeze-ice-cream-desserts-baner,0,Premium dining
https://www.zomato.com/pune/orion-baner,2,High-volume crowd favorites
https://www.zomato.com/pune/china-grill-viman-nagar,2,High-volume crowd favorites
https://www.zomato.com/pune/sassy-teaspoon-koregaon-park,0,Premium dining
https://www.zomato.com/pune/parantha-junction-hadapsar,3,Low-volume neighborhood venues
https://www.zomato.com/pune/nimrah-biryani-house-pimple-gurav,3,Low-volume neighborhood venues
https://www.zomato.com/pune/sweet-mantra-balewadi,2,High-volume crowd favorites
https://www.zomato.com/pune/kok-pa-chinese-fc-road,0,Premium dining
https://www.zomato.com/pune/cafe-apo-kothrud,0,Premium dining
https://www.zomato.com/pune/biryani-b-box-katraj,0,Premium dining
https://www.zomato.com/pune/anokha-swaad-1-swargate,3,Low-volume neighborhood venues
https://www.zomato.com/pune/multi-spice-karve-nagar,0,Premium dining
https://www.zomato.com/pune/brahma-pure-veg-sinhgad-road,0,Premium dining
https://www.zomato.com/pune/akhtars-samosa-aundh,0,Premium dining
https://www.zomato.com/pune/ratna-veg-cuisine-1-karve-nagar,0,Premium dining
https://www.zomato.com/pune/the-clover-bar-and-kitchen-chinchwad,0,Premium dining
https://www.zomato.com/pune/flavours-of-hyderabad-baner,2,High-volume crowd favorites
https://www.zomato.com/pune/jaiwals-cafe-and-chinese-lohegaon,3,Low-volume neighborhood venues
https://www.zomato.com/pune/kalika-dairy-sweets-hadapsar,0,Premium dining
https://www.zomato.com/pune/reddys-alpha-biryani-point-hinjawadi,2,High-volume crowd favorites
https://www.zomato.com/pune/shortcuts-quick-meals-on-the-go-hinjawadi,0,Premium dining
https://www.zomato.com/pune/maharaja-wada-karve-nagar,0,Premium dining
https://www.zomato.com/pune/baan-tao-hyatt-pune-kalyani-nagar,2,High-volume crowd favorites
https://www.zomato.com/pune/déjà-vu-bistro-hinjawadi,2,High-volume crowd favorites
https://www.zomato.com/pune/beetroot-bistro-koregaon-park,2,High-volume crowd favorites
https://www.zomato.com/pune/poona-food-truck-1-senapati-bapat-road,0,Premium dining
https://www.zomato.com/pune/caffe-ritazza-nibm-road,2,High-volume crowd favorites
https://www.zomato.com/pune/masti-misal-baner,0,Premium dining
https://www.zomato.com/pune/taste-of-punjab-viman-nagar,2,High-volume crowd favorites
https://www.zomato.com/pune/gaarva-biryani-kothrud,0,Premium dining
https://www.zomato.com/pune/masalabar-baner,2,High-volume crowd favorites
https://www.zomato.com/pune/waffle-bites-aundh,0,Premium dining
https://www.zomato.com/pune/koshur-pakwaan-salunkhe-vihar-road,0,Premium dining
https://www.zomato.com/pune/buns-rolls-kharadi,3,Low-volume neighborhood venues
https://www.zomato.com/pune/edge-bar-lounge-hinjawadi,2,High-volume crowd favorites
https://www.zomato.com/pune/masala-world-kharadi,3,Low-volume neighborhood venues
https://www.zomato.com/pune/the-jalebi-point-wakad,3,Low-volume neighborhood venues
https://www.zomato.com/pune/engineers-katta-kharadi,3,Low-volume neighborhood venues
https://www.zomato.com/pune/desi-aroma-baner,2,High-volume crowd favorites
https://www.zomato.com/pune/cafe-mh-12-rasta-peth,0,Premium dining
https://www.zomato.com/pune/chick-n-serve-hinjawadi,3,Low-volume neighborhood venues
https://www.zomato.com/pune/relax-pure-veg-parvati,0,Premium dining
https://www.zomato.com/pune/taco-bell-hadapsar,0,Premium dining
https://www.zomato.com/pune/platinum-king-chinese-restaurant-sinhgad-road,3,Low-volume neighborhood venues
https://www.zomato.com/pune/chingari-sheraton-grand-bund-garden,2,High-volume crowd favorites
https://www.zomato.com/pune/cream-stone-baner,2,High-volume crowd favorites
https://www.zomato.com/pune/vegeta-the-global-rasoi-deccan-gymkhana,0,Premium dining
https://www.zomato.com/pune/chapter-seven-skybar-kitchen-wakad,2,High-volume crowd favorites
https://www.zomato.com/pune/lord-of-the-drinks-kalyani-nagar,2,High-volume crowd favorites
https://www.zomato.com/pune/burgers-inn-hadapsar,3,Low-volume neighborhood venues
https://www.zomato.com/pune/cafe-deja-vu-1-senapati-bapat-road,0,Premium dining
https://www.zomato.com/pune/baked-wired-pizzeria-kalyani-nagar,2,High-volume crowd favorites
https://www.zomato.com/pune/yollops-kothrud,0,Premium dining
https://www.zomato.com/pune/aloha-the-tiki-bar-hadapsar,2,High-volume crowd favorites
https://www.zomato.com/pune/yin-yang-kothrud,2,High-volume crowd favorites
https://www.zomato.com/pune/1441-pizzeria-koregaon-park,2,High-volume crowd favorites
https://www.zomato.com/hopppune,3,Low-volume neighborhood venues
https://www.zomato.com/pune/hotel-asha-kothrud,0,Premium dining
https://www.zomato.com/pune/reddys-restaurant-balewadi,0,Premium dining
https://www.zomato.com/pune/oye-kiddan-baner,0,Premium dining
https://www.zomato.com/pune/sentosa-highway-ravet,2,High-volume crowd favorites
https://www.zomato.com/pune/chokhi-dhani-wagholi,1,Polarizing experiences
https://www.zomato.com/pune/khasbag-misal-baner,0,Premium dining
https://www.zomato.com/pune/diamond-bakery-fatima-nagar,0,Premium dining
https://www.zomato.com/pune/the-döner-company-1-koregaon-park,0,Premium dining
https://www.zomato.com/pune/global-punjab-wakad,2,High-volume crowd favorites
https://www.zomato.com/pune/nation-52-karve-nagar,0,Premium dining
https://www.zomato.com/pune/behrouz-biryani-wadgaon-sheri,0,Premium dining
https://www.zomato.com/pune/mansoor-wadapav-snack-centre-sinhgad-road,0,Premium dining
https://www.zomato.com/pune/biryani-boxx-kharadi,3,Low-volume neighborhood venues
https://www.zomato.com/pune/cafe-1730-kharadi,2,High-volume crowd favorites
https://www.zomato.com/pune/forennte-koregaon-park,2,High-volume crowd favorites
https://www.zomato.com/pune/billys-brewstirs-aundh,2,High-volume crowd favorites
https://www.zomato.com/pune/kwality-family-resto-hadapsar,2,High-volume crowd favorites
https://www.zomato.com/pune/the-quick-wok-baner,0,Premium dining
https://www.zomato.com/pune/paratha-king-wakad,0,Premium dining
https://www.zomato.com/pune/cake-bake-wagholi,0,Premium dining
https://www.zomato.com/pune/mona-food-mg-road,0,Premium dining
https://www.zomato.com/pune/the-rolls-affair-viman-nagar,3,Low-volume neighborhood venues
https://www.zomato.com/pune/cafe-roberto-1-baner,0,Premium dining
https://www.zomato.com/pune/bhairavi-wakad,0,Premium dining
https://www.zomato.com/pune/blossom-the-fusion-spot-lonavala,0,Premium dining
https://www.zomato.com/pune/oak-lounge-marriott-suites-pune-mundhwa,2,High-volume crowd favorites
https://www.zomato.com/pune/masa-masa-seafood-kitchen-kharadi,2,High-volume crowd favorites
https://www.zomato.com/pune/kimling-aundh,2,High-volume crowd favorites
https://www.zomato.com/pune/we-idliwale-baner,0,Premium dining
https://www.zomato.com/pune/hot-momos-and-burger-senapati-bapat-road,0,Premium dining
https://www.zomato.com/pune/b-dazzld-wakad,2,High-volume crowd favorites
https://www.zomato.com/pune/momnom-baner,0,Premium dining
https://www.zomato.com/pune/open-window-cafe-bistro-model-colony,2,High-volume crowd favorites
https://www.zomato.com/pune/dorabjee-sons-camp-area,0,Premium dining
https://www.zomato.com/pune/tahelka-pimple-nilakh,2,High-volume crowd favorites
https://www.zomato.com/pune/way-down-south-restaurant-baner,2,High-volume crowd favorites
https://www.zomato.com/pune/food@u-kharadi,3,Low-volume neighborhood venues
https://www.zomato.com/pune/eat-repeattt-pimple-saudagar,3,Low-volume neighborhood venues
https://www.zomato.com/pune/café-delhi-heights-senapati-bapat-road,2,High-volume crowd favorites
https://www.zomato.com/pune/tamil-nadu-restaurant-hinjawadi,0,Premium dining
https://www.zomato.com/pune/hotel-maharaja-karve-nagar,0,Premium dining
https://www.zomato.com/pune/the-belgian-waffle-co-jm-road,0,Premium dining
https://www.zomato.com/pune/teri-rajput-koregaon-park,0,Premium dining
https://www.zomato.com/pune/rahul-restaurant-bar-aundh,2,High-volume crowd favorites
https://www.zomato.com/pune/modern-cakes-koregaon-park,0,Premium dining
https://www.zomato.com/pune/hari-om-juice-bar-baner,0,Premium dining
https://www.zomato.com/burger-11,0,Premium dining
https://www.zomato.com/pune/bebe-di-rasoi-wakad,0,Premium dining
https://www.zomato.com/pune/mughals-zaika-pashan,0,Premium dining
https://www.zomato.com/pune/flavours-street-fc-road,0,Premium dining
https://www.zomato.com/pune/gokul-pure-veg-kondhwa,0,Premium dining
https://www.zomato.com/pune/squisito-kondhwa,2,High-volume crowd favorites
https://www.zomato.com/pune/abejo-yerawada,2,High-volume crowd favorites
https://www.zomato.com/pune/lonavla-restaurant-bar-hotel-lonavla-lonavala,2,High-volume crowd favorites
https://www.zomato.com/pune/bar-koregaon-park,2,High-volume crowd favorites
https://www.zomato.com/pune/merazo-wakad,2,High-volume crowd favorites
https://www.zomato.com/pune/box8-desi-meals-katraj,0,Premium dining
https://www.zomato.com/pune/b-box-balewadi,0,Premium dining
https://www.zomato.com/pune/laziz-pizza-kondhwa,0,Premium dining
https://www.zomato.com/pune/central-cafe-shawarma-and-burgers-hinjawadi,0,Premium dining
https://www.zomato.com/pune/ninja-chef-viman-nagar,3,Low-volume neighborhood venues
https://www.zomato.com/pune/sambar-pure-veg-satara-road,0,Premium dining
https://www.zomato.com/pune/p18-lonavala,2,High-volume crowd favorites
https://www.zomato.com/pune/96-k-kharadi,0,Premium dining
https://www.zomato.com/pune/slounge-lemon-tree-hotel-hinjawadi,2,High-volume crowd favorites
https://www.zomato.com/pune/citrine-tea-lounge-radisson-blu-hotel-kharadi,0,Premium dining
https://www.zomato.com/pune/kaka-halwai-aundh,0,Premium dining
https://www.zomato.com/pune/winterbite-1-swargate,0,Premium dining
https://www.zomato.com/pune/soul-handi-viman-nagar,0,Premium dining
https://www.zomato.com/pune/taste-of-hyderabad-dhole-patil-road,2,High-volume crowd favorites
https://www.zomato.com/pune/flavours-street-baner,0,Premium dining
https://www.zomato.com/pune/ambika-restaurant-1-nigdi,3,Low-volume neighborhood venues
https://www.zomato.com/pune/fabcafe-baner,0,Premium dining
https://www.zomato.com/pune/vidarbha-zatka-hotel-ravet,3,Low-volume neighborhood venues
https://www.zomato.com/pune/tikha-punjab-wadgaon-sheri,0,Premium dining
https://www.zomato.com/pune/kinaras-maratha-darbar-kothrud,3,Low-volume neighborhood venues
https://www.zomato.com/pune/terttulia-bistro-baner,2,High-volume crowd favorites
https://www.zomato.com/pune/the-northern-frontier-yerawada,2,High-volume crowd favorites
https://www.zomato.com/pune/swades-veg-non-veg-viman-nagar,0,Premium dining
https://www.zomato.com/pune/asia-seven-1-hadapsar,0,Premium dining
https://www.zomato.com/pune/mr-wada-pav-dhole-patil-road,0,Premium dining
https://www.zomato.com/pune/chulbul-dhaba-kharadi,2,High-volume crowd favorites
https://www.zomato.com/pune/govind-garden-pimple-saudagar,1,Polarizing experiences
https://www.zomato.com/pune/the-burger-house-koregaon-park,0,Premium dining
https://www.zomato.com/pune/bakers-hut-nigdi,0,Premium dining
https://www.zomato.com/pune/bamboo-house-shivaji-nagar,2,High-volume crowd favorites
https://www.zomato.com/pune/coconut-tree-bar-kitchen-by-coconut-grove-magarpatta,2,High-volume crowd favorites
https://www.zomato.com/pune/sainath-khanaval-sadashiv-peth,0,Premium dining
https://www.zomato.com/pune/takht-the-rooftop-lounge-chinchwad,2,High-volume crowd favorites
https://www.zomato.com/pune/kafgir-by-roghandaaz-kondhwa,0,Premium dining
https://www.zomato.com/pune/dominos-pizza-viman-nagar,0,Premium dining
https://www.zomato.com/pune/neo-wood-ambassador-chinchwad,2,High-volume crowd favorites
https://www.zomato.com/pune/polar-bear-viman-nagar,0,Premium dining
https://www.zomato.com/pune/paddys-cafe-kothrud,2,High-volume crowd favorites
https://www.zomato.com/pune/vintage-7-aundh,2,High-volume crowd favorites
https://www.zomato.com/pune/rollfie-sinhgad-road,0,Premium dining
https://www.zomato.com/pune/british-brewing-company-senapati-bapat-road,2,High-volume crowd favorites
https://www.zomato.com/pune/copper-chimney-viman-nagar,2,High-volume crowd favorites
https://www.zomato.com/pune/hotel-sukanta-hadapsar,3,Low-volume neighborhood venues
https://www.zomato.com/pune/alleppees-kerala-restaurant-hinjawadi,0,Premium dining
https://www.zomato.com/pune/the-green-roof-sinhgad-road,2,High-volume crowd favorites
https://www.zomato.com/pune/amritsari-wakad,0,Premium dining
https://www.zomato.com/pune/the-souvlaki-guys-viman-nagar,3,Low-volume neighborhood venues
https://www.zomato.com/pune/kulkarni-dosa-point-karve-nagar,3,Low-volume neighborhood venues
https://www.zomato.com/pune/dosa-stori-1-viman-nagar,0,Premium dining
https://www.zomato.com/pune/green-ways-wakad,0,Premium dining
https://www.zomato.com/pune/mumbai-biryani-house-1-sinhgad-road,1,Polarizing experiences
https://www.zomato.com/pune/the-greedy-man-pizzeria-bar-baner,0,Premium dining
https://www.zomato.com/pune/hotel-vrindavan-kharadi,3,Low-volume neighborhood venues
https://www.zomato.com/pune/shiv-paratha-with-maya-wakad,0,Premium dining
https://www.zomato.com/pune/polka-dots-aundh,2,High-volume crowd favorites
https://www.zomato.com/pune/wild-sugar-patisserie-cafe-viman-nagar,2,High-volume crowd favorites
https://www.zomato.com/pune/cafe-colombia-kalyani-nagar,2,High-volume crowd favorites
https://www.zomato.com/pune/mirch-masala-resto-bar-kothrud,0,Premium dining
https://www.zomato.com/pune/mad-over-donuts-jm-road,0,Premium dining
https://www.zomato.com/pune/ramdev-dhaba-pure-veg-family-restaurants-wakad,1,Polarizing experiences
https://www.zomato.com/pune/kanji-mahalunge,0,Premium dining
https://www.zomato.com/pune/indian-barbecue-grill-lohegaon,0,Premium dining
https://www.zomato.com/pune/purple-x-kharadi,0,Premium dining
https://www.zomato.com/pune/skewers-kebab-café-hinjawadi,0,Premium dining
https://www.zomato.com/pune/rhythm-cafe-erandwane,0,Premium dining
https://www.zomato.com/pune/deccan-harvest-1-magarpatta,2,High-volume crowd favorites
https://www.zomato.com/pune/swad-gomantak-wakad,0,Premium dining
https://www.zomato.com/pune/p-k-dum-biryani-house-1-sinhgad-road,0,Premium dining
https://www.zomato.com/IrishHousePune,2,High-volume crowd favorites
https://www.zomato.com/pune/venkys-xprs-viman-nagar,0,Premium dining
https://www.zomato.com/pune/moreshwar-foodee-corner-sadashiv-peth,0,Premium dining
https://www.zomato.com/pune/badshahi-boarding-house-tilak-road,0,Premium dining
https://www.zomato.com/pune/sky-light-viman-nagar,0,Premium dining
https://www.zomato.com/pune/mummas-kitchen-karve-nagar,1,Polarizing experiences
https://www.zomato.com/pune/epicure-cafe-nigdi,3,Low-volume neighborhood venues
https://www.zomato.com/pune/talli-twist-wakad,2,High-volume crowd favorites
https://www.zomato.com/pune/aasings-kitchen-law-college-road,0,Premium dining
https://www.zomato.com/pune/biryani-kingdom-viman-nagar,0,Premium dining
https://www.zomato.com/pune/plunge-all-day-kitchen-and-bar-koregaon-park,2,High-volume crowd favorites
https://www.zomato.com/pune/sunny-da-dhaba-old-mumbai-pune-highway,2,High-volume crowd favorites
https://www.zomato.com/pune/misal-darbar-sadashiv-peth,1,Polarizing experiences
https://www.zomato.com/pune/cinco-bund-garden,2,High-volume crowd favorites
https://www.zomato.com/pune/rice-wise-baner,3,Low-volume neighborhood venues
https://www.zomato.com/pune/siddhivinayak-hotel-shukrawar-peth,3,Low-volume neighborhood venues
https://www.zomato.com/pune/new-arabian-grills-katraj,0,Premium dining
https://www.zomato.com/pune/ajmera-tea-house-1-kondhwa,0,Premium dining
https://www.zomato.com/pune/gwalior-shahi-model-colony,3,Low-volume neighborhood venues
https://www.zomato.com/pune/tiffina-wakad,0,Premium dining
https://www.zomato.com/pune/the-tipsy-duckling-kothrud,2,High-volume crowd favorites
https://www.zomato.com/pune/24foods-in-kothrud,0,Premium dining
https://www.zomato.com/pune/aware-maratha-khanawal-sadashiv-peth,0,Premium dining
https://www.zomato.com/pune/amrita-pure-veg-baner,0,Premium dining
https://www.zomato.com/pune/pride-kitchen-hyderabadi-biryani-karve-nagar,0,Premium dining
https://www.zomato.com/pune/punjabi-amritsari-kulcha-wakad,3,Low-volume neighborhood venues
https://www.zomato.com/pune/360-degree-multicuisine-family-restaurant-bhosari,2,High-volume crowd favorites
https://www.zomato.com/pune/dorje-the-bell-pimple-nilakh,0,Premium dining
https://www.zomato.com/pune/wada-by-hotel-gavran-tadka-pashan,0,Premium dining
https://www.zomato.com/pune/zaytun-restaurant-cafe-kondhwa,0,Premium dining
https://www.zomato.com/pune/ms-veggies-bibvewadi,0,Premium dining
https://www.zomato.com/pune/meghdoots-bibvewadi,2,High-volume crowd favorites
https://www.zomato.com/pune/mexican-maven-hinjawadi,3,Low-volume neighborhood venues
https://www.zomato.com/pune/malgudi-tiffin-kothrud,0,Premium dining
https://www.zomato.com/pune/cheers-the-space-pub-kharadi,2,High-volume crowd favorites
https://www.zomato.com/pune/odisha-hotel-wakad,0,Premium dining
https://www.zomato.com/pune/santosh-bakery-shivaji-nagar,0,Premium dining
https://www.zomato.com/nina-pinta-santamaria-food-tru,0,Premium dining
https://www.zomato.com/pune/faasos-1-hadapsar,0,Premium dining
https://www.zomato.com/pune/rasna-buzz-shivaji-nagar,0,Premium dining
https://www.zomato.com/pune/eat-fit-kharadi,0,Premium dining
https://www.zomato.com/pune/cafe-arabia-kothrud,0,Premium dining
https://www.zomato.com/pune/cafe-pizza-bites-katraj,0,Premium dining
https://www.zomato.com/pune/rice-bowl-company-wadgaon-sheri,3,Low-volume neighborhood venues
https://www.zomato.com/pune/amhi-puneri-khavaiye-sinhgad-road,3,Low-volume neighborhood venues
https://www.zomato.com/pune/caribbean-cafe-1-wakad,3,Low-volume neighborhood venues
https://www.zomato.com/pune/the-lands-end-cafe-wakad,0,Premium dining
https://www.zomato.com/pune/wafflin-around-aundh,0,Premium dining
https://www.zomato.com/pune/annapurna-pure-veg-kothrud,0,Premium dining
https://www.zomato.com/pune/recipe-non-veg-deccan-gymkhana,0,Premium dining
https://www.zomato.com/pune/de-baillio-baner,3,Low-volume neighborhood venues
https://www.zomato.com/pune/paramhans-pure-veg-karve-nagar,0,Premium dining
https://www.zomato.com/pune/rajvansh-kharadi,0,Premium dining
https://www.zomato.com/pune/china-toss-kalyani-nagar,2,High-volume crowd favorites
https://www.zomato.com/pune/rolls-mania-viman-nagar,0,Premium dining
https://www.zomato.com/pune/dakkhan-spice-wakad,0,Premium dining
https://www.zomato.com/pune/wagh-bakri-tea-lounge-fc-road,2,High-volume crowd favorites
https://www.zomato.com/pune/via-indore-4-wakad,0,Premium dining
https://www.zomato.com/pune/hotel-neha-katraj,0,Premium dining
https://www.zomato.com/pune/cafe-zam-zam-kondhwa,0,Premium dining
https://www.zomato.com/pune/ignite-courtyard-by-marriott-pune-hinjawadi-hinjawadi,2,High-volume crowd favorites
https://www.zomato.com/pune/the-coal-shed-1-kharadi,0,Premium dining
https://www.zomato.com/pune/sawai-veg-sinhgad-road,2,High-volume crowd favorites
https://www.zomato.com/pune/eatsome-baner,0,Premium dining
https://www.zomato.com/pune/upside-down-ghorpadi,2,High-volume crowd favorites
https://www.zomato.com/pune/rck-the-lounge-bar-bhugaon,2,High-volume crowd favorites
https://www.zomato.com/pune/koji-conrad-pune-bund-garden,2,High-volume crowd favorites
https://www.zomato.com/pune/corn-club-fc-road,0,Premium dining
https://www.zomato.com/pune/r-k-biryani-house-katraj,0,Premium dining
https://www.zomato.com/pune/shorba-family-restaurant-sinhgad-road,2,High-volume crowd favorites
https://www.zomato.com/pune/waari-book-cafe-kothrud,2,High-volume crowd favorites
https://www.zomato.com/pune/christy-restaurant-akurdi,0,Premium dining
https://www.zomato.com/pune/zaika-caterers-restaurants-dhanori,0,Premium dining
https://www.zomato.com/pune/kitchens-of-india-kharadi,0,Premium dining
https://www.zomato.com/pune/kiga-ice-cream-sadashiv-peth,0,Premium dining
https://www.zomato.com/pune/kwality-family-resto-bar-erandwane,2,High-volume crowd favorites
https://www.zomato.com/pune/cocoa-patisserie-and-bakery-senapati-bapat-road,0,Premium dining
https://www.zomato.com/pune/garden-court-bavdhan,1,Polarizing experiences
https://www.zomato.com/pune/swiss-bakes-wanowrie,0,Premium dining
https://www.zomato.com/pune/euriska-mundhwa,2,High-volume crowd favorites
https://www.zomato.com/pune/frangipani-ambrosia-resort-and-spa-bavdhan,2,High-volume crowd favorites
https://www.zomato.com/pune/tandoori-flames-1-chandan-nagar,0,Premium dining
https://www.zomato.com/pune/caramellas-bibvewadi,3,Low-volume neighborhood venues
https://www.zomato.com/pune/the-long-bar-wakad,2,High-volume crowd favorites
https://www.zomato.com/pune/taco-alfresco-kothrud,0,Premium dining
https://www.zomato.com/pune/mughal-sarai-kondhwa,2,High-volume crowd favorites
https://www.zomato.com/pune/reddys-hyderabadi-biryani-pimpri,0,Premium dining
https://www.zomato.com/pune/raavsaab-sus,0,Premium dining
https://www.zomato.com/pune/biryani-katta-kothrud,0,Premium dining
https://www.zomato.com/pune/bbq-ride-india-wakad,0,Premium dining
https://www.zomato.com/pune/the-wadapav-cafe-elite-bavdhan,2,High-volume crowd favorites
https://www.zomato.com/pune/raaga-thali-pure-veg-restaurant-chinchwad,0,Premium dining
https://www.zomato.com/pune/rajsthani-rasoi-kharadi,0,Premium dining
https://www.zomato.com/pune/panchavati-gaurav-baner,0,Premium dining
https://www.zomato.com/pune/supriya-restaurant-1-camp-area,0,Premium dining
https://www.zomato.com/pune/durga-hotel-kothrud,0,Premium dining
https://www.zomato.com/pune/niranjan-veg-restaurant-fc-road,0,Premium dining
https://www.zomato.com/pune/fulka-dhole-patil-road,1,Polarizing experiences
https://www.zomato.com/pune/yaa-rawaji-fantastic-food-baner,0,Premium dining
https://www.zomato.com/pune/mummas-kitchen-bibvewadi,3,Low-volume neighborhood venues
https://www.zomato.com/pune/mothers-kitchen-1-hinjawadi,0,Premium dining
https://www.zomato.com/pune/geobistro-viman-nagar,2,High-volume crowd favorites
https://www.zomato.com/pune/vimanzza-cafe-viman-nagar,2,High-volume crowd favorites
https://www.zomato.com/pune/the-cheesecake-pops-koregaon-park,0,Premium dining
https://www.zomato.com/pune/shree-krishna-veg-court-viman-nagar,2,High-volume crowd favorites
https://www.zomato.com/pune/the-basil-deck-bibvewadi,2,High-volume crowd favorites
https://www.zomato.com/pune/flavoroso-viman-nagar,0,Premium dining
https://www.zomato.com/pune/the-majestic-akurdi,2,High-volume crowd favorites
https://www.zomato.com/pune/curry-more-hadapsar,3,Low-volume neighborhood venues
https://www.zomato.com/pune/headquarterss-mundhwa,2,High-volume crowd favorites
https://www.zomato.com/pune/special-15-thalis-narhe,0,Premium dining
https://www.zomato.com/pune/xozero-sus,2,High-volume crowd favorites
https://www.zomato.com/pune/1st-story-bar-kitchen-co-work-viman-nagar,2,High-volume crowd favorites
https://www.zomato.com/pune/peters-pan-1-wanowrie,0,Premium dining
https://www.zomato.com/pune/master-egg-baner,3,Low-volume neighborhood venues
https://www.zomato.com/pune/the-meal-box-dehu-road,1,Polarizing experiences
https://www.zomato.com/pune/its-mirchi-ramee-grand-hotel-shivaji-nagar,2,High-volume crowd favorites
https://www.zomato.com/pune/dadus-sweet-emporio-baner,0,Premium dining
https://www.zomato.com/pune/food-palace-pimpri,1,Polarizing experiences
https://www.zomato.com/pune/subway-kothrud,1,Polarizing experiences
https://www.zomato.com/pune/the-beer-cafe-viman-nagar,2,High-volume crowd favorites
https://www.zomato.com/pune/neer-southern-kitchen-bar-wakad,2,High-volume crowd favorites
https://www.zomato.com/pune/chandra-cafe-kothrud,0,Premium dining
https://www.zomato.com/pune/krunch-baner,3,Low-volume neighborhood venues
https://www.zomato.com/pune/the-hungry-junction-kothrud,3,Low-volume neighborhood venues
https://www.zomato.com/pune/rks-family-restro-bar-narhe,0,Premium dining
https://www.zomato.com/pune/world-of-desserts-1-koregaon-park,0,Premium dining
https://www.zomato.com/pune/ganesh-bhel-fc-road,0,Premium dining
https://www.zomato.com/pune/new-naaz-cateres-biryani-house-wadgaon-sheri,3,Low-volume neighborhood venues
https://www.zomato.com/pune/how-i-mangalore-pashan,0,Premium dining
https://www.zomato.com/pune/aham-brahmasmi-dhankawadi,3,Low-volume neighborhood venues
https://www.zomato.com/pune/warmoven-cake-desserts-kothrud,3,Low-volume neighborhood venues
https://www.zomato.com/pune/5-spice-chinese-narhe,3,Low-volume neighborhood venues
https://www.zomato.com/pune/peters-momo-center-bavdhan,0,Premium dining
https://www.zomato.com/pune/lazeez-by-hyderabadi-delicacies-viman-nagar,0,Premium dining
https://www.zomato.com/pune/3-spices-doubletree-by-hilton-hotel-chinchwad,2,High-volume crowd favorites
https://www.zomato.com/pune/shivshakti-pure-veg-kharadi,0,Premium dining
https://www.zomato.com/pune/coffee-house-camp-area,0,Premium dining
https://www.zomato.com/pune/priya-mg-road,0,Premium dining
https://www.zomato.com/pune/cravers-hub-viman-nagar,3,Low-volume neighborhood venues
https://www.zomato.com/pune/golden-dragon-kothrud,0,Premium dining
https://www.zomato.com/pune/cafe-momos-kothrud,0,Premium dining
https://www.zomato.com/pune/the-1st-floor-fc-road,0,Premium dining
https://www.zomato.com/pune/hyderabadi-zaika-kharadi,0,Premium dining
https://www.zomato.com/pune/poona-burger-project-katraj,0,Premium dining
https://www.zomato.com/the-paasta-factory-food-truck,0,Premium dining
https://www.zomato.com/pune/yahoo-momos-kothrud,0,Premium dining
https://www.zomato.com/pune/oregano-pizza-kothrud,0,Premium dining
https://www.zomato.com/pune/mayur-refreshments-kharadi,0,Premium dining
https://www.zomato.com/pune/mmyra-lounge-fc-road,2,High-volume crowd favorites
https://www.zomato.com/pune/le-petit-amour-patisserie-bistro-kothrud,0,Premium dining
https://www.zomato.com/pune/the-big-bang-burger-kondhwa,0,Premium dining
https://www.zomato.com/pune/punjab-grill-viman-nagar,2,High-volume crowd favorites
https://www.zomato.com/pune/royal-china-mundhwa,2,High-volume crowd favorites
https://www.zomato.com/pune/skittles-the-sports-bar-wakad,2,High-volume crowd favorites
https://www.zomato.com/pune/roopali-restaurant-fc-road,2,High-volume crowd favorites
https://www.zomato.com/pune/mathura-jm-road,0,Premium dining
https://www.zomato.com/pune/overloaded-wakad,0,Premium dining
https://www.zomato.com/pune/hotel-malabar-karve-nagar,1,Polarizing experiences
https://www.zomato.com/pune/golden-curry-chinchwad,2,High-volume crowd favorites
https://www.zomato.com/pune/richie-rich-katraj,0,Premium dining
https://www.zomato.com/pune/jijai-coffee-house-bavdhan,0,Premium dining
https://www.zomato.com/pune/oasis-bavdhan,2,High-volume crowd favorites
https://www.zomato.com/pune/kokkita-hadapsar,2,High-volume crowd favorites
https://www.zomato.com/pune/soul-spice-restaurant-katraj,2,High-volume crowd favorites
https://www.zomato.com/pune/bashos-mundhwa,2,High-volume crowd favorites
https://www.zomato.com/pune/sangeeta-restaurant-bar-akurdi,0,Premium dining
https://www.zomato.com/pune/k-1-aundh,0,Premium dining
https://www.zomato.com/pune/bossa-nova-deccan-gymkhana,2,High-volume crowd favorites
https://www.zomato.com/pune/khichdi-experiment-pimple-nilakh,1,Polarizing experiences
https://www.zomato.com/pune/shreeji-pure-veg-narhe,0,Premium dining
https://www.zomato.com/pune/komal-vilas-hadapsar,0,Premium dining
https://www.zomato.com/pune/buzz-vivanta-pune-hinjawadi,2,High-volume crowd favorites
https://www.zomato.com/pune/the-chow-express-kalyani-nagar,3,Low-volume neighborhood venues
https://www.zomato.com/pune/maasa-mundhwa,0,Premium dining
https://www.zomato.com/pune/harrys-bar-kitchen-koregaon-park,2,High-volume crowd favorites
https://www.zomato.com/pune/cafe-maroo-1-aundh,2,High-volume crowd favorites
https://www.zomato.com/pune/abhishek-non-veg-restaurant-erandwane,2,High-volume crowd favorites
https://www.zomato.com/pune/the-london-shakes-wakad,3,Low-volume neighborhood venues
https://www.zomato.com/pune/momoman-kothrud,3,Low-volume neighborhood venues
https://www.zomato.com/pune/best-4-biryanis-narhe,0,Premium dining
https://www.zomato.com/pune/khichadiwala-kharadi,0,Premium dining
https://www.zomato.com/pune/dvs-pizza-hinjawadi,0,Premium dining
https://www.zomato.com/pune/rosso-bianco-khadki,2,High-volume crowd favorites
https://www.zomato.com/pune/shree-krishna-pizza-camp-area,0,Premium dining
https://www.zomato.com/pune/noodle-canteen-kalyani-nagar,0,Premium dining
https://www.zomato.com/pune/post-91-goldmine-buffet-baner,2,High-volume crowd favorites
https://www.zomato.com/pune/mrp-kalyani-nagar,2,High-volume crowd favorites
https://www.zomato.com/pune/cafe-dip-aundh,0,Premium dining
https://www.zomato.com/pune/chung-fa-east-street,0,Premium dining
https://www.zomato.com/pune/mix@36-the-westin-mundhwa,2,High-volume crowd favorites
https://www.zomato.com/pune/reshma-bhurji-center-erandwane,0,Premium dining
https://www.zomato.com/pune/oliva-veg-bavdhan,0,Premium dining
https://www.zomato.com/pune/zen-cafe-koregaon-park,2,High-volume crowd favorites
https://www.zomato.com/pune/lal-mirchi-pimple-saudagar,0,Premium dining
https://www.zomato.com/pune/kellys-cafe-all-day-dining-viman-nagar,2,High-volume crowd favorites
https://www.zomato.com/pune/wrap-mania-dehu-road,1,Polarizing experiences
https://www.zomato.com/pune/waah-indore-hadapsar,0,Premium dining
https://www.zomato.com/pune/cnp-house-chicken-and-paratha-pashan,0,Premium dining
https://www.zomato.com/pune/pardon-my-french-senapati-bapat-road,2,High-volume crowd favorites
https://www.zomato.com/pune/krustys-bistro-kothrud,2,High-volume crowd favorites
https://www.zomato.com/pune/simply-barbeque-chinchwad,2,High-volume crowd favorites
https://www.zomato.com/pune/squeezo-foods-wakad,0,Premium dining
https://www.zomato.com/pune/spice-culture-salunkhe-vihar-road,0,Premium dining
https://www.zomato.com/pune/srinidhi-veg-kondhwa,0,Premium dining
https://www.zomato.com/pune/bhiwandi-darbar-kondhwa,0,Premium dining
https://www.zomato.com/pune/keraabian-spices-kerala-delivery-kitchen-kharadi,3,Low-volume neighborhood venues
https://www.zomato.com/pune/2-guys-burger-house-kharadi,3,Low-volume neighborhood venues
https://www.zomato.com/pune/adraq-wakad,3,Low-volume neighborhood venues
https://www.zomato.com/pune/patang-baner,0,Premium dining
https://www.zomato.com/pune/46-lounge-restaurant-katraj,1,Polarizing experiences
https://www.zomato.com/pune/shawarma-spot-sinhgad-road,3,Low-volume neighborhood venues
https://www.zomato.com/pune/swadisht-idli-pav-bhaji-nigdi,0,Premium dining
https://www.zomato.com/pune/dine-wise-erandwane,3,Low-volume neighborhood venues
https://www.zomato.com/hangry-panda,0,Premium dining
https://www.zomato.com/pune/meenakshi-garden-pure-veg-sinhgad-road,1,Polarizing experiences
https://www.zomato.com/pune/gokul-chinese-tilak-road,0,Premium dining
https://www.zomato.com/pune/the-oyster-kothrud,2,High-volume crowd favorites
https://www.zomato.com/pune/fir-fresh-ice-cream-rolls-kothrud,0,Premium dining
https://www.zomato.com/pune/jai-bhavani-restaurant-satara-road,0,Premium dining
https://www.zomato.com/pune/royal-baking-co-kalyani-nagar,2,High-volume crowd favorites
https://www.zomato.com/pune/bengali-sweets-and-foods-viman-nagar,0,Premium dining
https://www.zomato.com/pune/idlicious-baner,0,Premium dining
https://www.zomato.com/pune/hotel-sangrilla-nigdi,0,Premium dining
https://www.zomato.com/pune/down-town-multi-cuisine-restaurant-wakad,0,Premium dining
https://www.zomato.com/pune/firangi-bake-shaniwar-peth,0,Premium dining
https://www.zomato.com/pune/masala-kitchen-kharadi,0,Premium dining
https://www.zomato.com/pune/supperyum-court-baner,0,Premium dining
https://www.zomato.com/pune/the-funky-kona-baner,2,High-volume crowd favorites
https://www.zomato.com/pune/naivedyam-sinhgad-road,0,Premium dining
https://www.zomato.com/pune/curry-leaves-kothrud,0,Premium dining
https://www.zomato.com/pune/martand-malhar-chinchwad,0,Premium dining
https://www.zomato.com/pune/agra-restaurant-kondhwa,0,Premium dining
https://www.zomato.com/pune/bread-bash-katraj,3,Low-volume neighborhood venues
https://www.zomato.com/pune/ai-shiwu-hinjawadi,0,Premium dining
https://www.zomato.com/pune/green-food-kothrud,0,Premium dining
https://www.zomato.com/pune/koko-scoop-1-viman-nagar,0,Premium dining
https://www.zomato.com/pune/bar-kothrud,2,High-volume crowd favorites
https://www.zomato.com/pune/biryani-adda-kharadi,0,Premium dining
https://www.zomato.com/pune/shraavan-restaurant-shivaji-nagar,0,Premium dining
https://www.zomato.com/pune/reddys-restaurant-hadapsar,0,Premium dining
https://www.zomato.com/pune/the-window-kitchen-kondhwa,0,Premium dining
https://www.zomato.com/pune/ground-up-1-viman-nagar,0,Premium dining
https://www.zomato.com/pune/the-chicken-company-kharadi,3,Low-volume neighborhood venues
https://www.zomato.com/pune/bangalore-iyangars-bakery-viman-nagar,0,Premium dining
https://www.zomato.com/pune/spices-of-north-pimpri,0,Premium dining
https://www.zomato.com/pune/albano-shakes-fries-shivaji-nagar,3,Low-volume neighborhood venues
https://www.zomato.com/pune/wok-n-toss-magarpatta,1,Polarizing experiences
https://www.zomato.com/pune/the-egg-factory-ravet,3,Low-volume neighborhood venues
https://www.zomato.com/pune/rice-wise-katraj,3,Low-volume neighborhood venues
https://www.zomato.com/pune/south-of-combos-pashan,3,Low-volume neighborhood venues
https://www.zomato.com/pune/apsara-ice-creams-viman-nagar,0,Premium dining
https://www.zomato.com/pune/reve-patisserie-kalyani-nagar,0,Premium dining
https://www.zomato.com/pune/kakke-da-paratha-hinjawadi,0,Premium dining
https://www.zomato.com/pune/the-cake-studio-cafe-sadashiv-peth,0,Premium dining
https://www.zomato.com/pune/maurya-multi-cuisine-restaurant-and-bar-karve-nagar,2,High-volume crowd favorites
https://www.zomato.com/pune/bombay-bites-creams-hinjawadi,0,Premium dining
https://www.zomato.com/pune/om-sai-ice-cream-lohegaon,3,Low-volume neighborhood venues
https://www.zomato.com/pune/thank-god-for-pizzas-nigdi,0,Premium dining
https://www.zomato.com/pune/giridhar-aundh,0,Premium dining
https://www.zomato.com/pune/barfi-box-cafe-hadapsar,0,Premium dining
https://www.zomato.com/pune/wok-express-viman-nagar,0,Premium dining
https://www.zomato.com/pune/fusion-cafe-1-pimple-nilakh,3,Low-volume neighborhood venues
https://www.zomato.com/pune/boss-burger-kondhwa,3,Low-volume neighborhood venues
https://www.zomato.com/pune/rama-krishna-lonavala,0,Premium dining
https://www.zomato.com/pune/roti-shoti-aur-kabab-erandwane,0,Premium dining
https://www.zomato.com/pune/malhar-khanaval-jm-road,0,Premium dining
https://www.zomato.com/pune/the-fat-labrador-cafe-bavdhan,0,Premium dining
https://www.zomato.com/pune/kekiz-the-cake-shop-hinjawadi,1,Polarizing experiences
https://www.zomato.com/pune/high-on-bollywood-restaurant-bar-wakad,2,High-volume crowd favorites
https://www.zomato.com/pune/shiv-kailash-camp-area,0,Premium dining
https://www.zomato.com/pune/kohlis-firangi-dhaba-hinjawadi,2,High-volume crowd favorites
https://www.zomato.com/pune/saffron-multi-cuisine-sea-food-restaurant-pashan,0,Premium dining
https://www.zomato.com/pune/om-namo-snacks-wakad,3,Low-volume neighborhood venues
https://www.zomato.com/pune/master-chef-1-narhe,3,Low-volume neighborhood venues
https://www.zomato.com/pune/taste-of-myindia-dhanori,3,Low-volume neighborhood venues
https://www.zomato.com/pune/kitchen-24x7-hadapsar,0,Premium dining
https://www.zomato.com/pune/farzi-diet-magarpatta,3,Low-volume neighborhood venues
https://www.zomato.com/pune/sanskruti-ravet,1,Polarizing experiences
https://www.zomato.com/pune/godavari-ruchulu-3-hinjawadi,0,Premium dining
https://www.zomato.com/pune/p-k-mutton-bhakri-kothrud,0,Premium dining
https://www.zomato.com/pune/the-gazebo-world-of-veg-pimple-gurav,0,Premium dining
https://www.zomato.com/pune/ashapuri-dining-hall-aundh,0,Premium dining
https://www.zomato.com/pune/angaar-wakad,0,Premium dining
https://www.zomato.com/pune/budhani-waferwala-camp-area,0,Premium dining
https://www.zomato.com/pune/pastry-corner-law-college-road,0,Premium dining
https://www.zomato.com/pune/gayatrree-nigdi,2,High-volume crowd favorites
https://www.zomato.com/pune/shree-ganesh-pure-veg-pimpri,0,Premium dining
https://www.zomato.com/pune/kangan-the-westin-mundhwa,2,High-volume crowd favorites
https://www.zomato.com/pune/kalyan-bhel-baner,0,Premium dining
https://www.zomato.com/pune/im-lion-strictly-non-veg-baner,0,Premium dining
https://www.zomato.com/pune/bahiram-handi-katraj,0,Premium dining
https://www.zomato.com/pune/nic-natural-ice-creams-bibvewadi,0,Premium dining
https://www.zomato.com/pune/la-pinoz-pizza-hadapsar,0,Premium dining
https://www.zomato.com/pune/phulka-kothrud,0,Premium dining
https://www.zomato.com/pune/kokan-biryani-malvan-kothrud,0,Premium dining
https://www.zomato.com/pune/mithas-aundh,2,High-volume crowd favorites
https://www.zomato.com/pune/two-sticks-balewadi,0,Premium dining
https://www.zomato.com/pune/prasanna-pure-veg-pashan,0,Premium dining
https://www.zomato.com/pune/kulfi-house-balewadi,0,Premium dining
https://www.zomato.com/pune/brownie-point-wanowrie,0,Premium dining
https://www.zomato.com/pune/queens-maggie-fries-hinjawadi,3,Low-volume neighborhood venues
https://www.zomato.com/pune/bipin-snacks-juice-bar-erandwane,0,Premium dining
https://www.zomato.com/pune/botequim-cervejaria-koregaon-park,2,High-volume crowd favorites
https://www.zomato.com/pune/indore-foods-erandwane,0,Premium dining
https://www.zomato.com/pune/kalyani-veg-kalyani-nagar,2,High-volume crowd favorites
https://www.zomato.com/pune/the-great-punjab-koregaon-park,0,Premium dining
https://www.zomato.com/pune/desi-curries-kothrud,0,Premium dining
https://www.zomato.com/pune/mr-paratha-wakad,3,Low-volume neighborhood venues
https://www.zomato.com/pune/cafe-little-eggs-bund-garden,3,Low-volume neighborhood venues
https://www.zomato.com/pune/waff-o-grill-kondhwa,0,Premium dining
https://www.zomato.com/pune/south-express-hadapsar,1,Polarizing experiences
https://www.zomato.com/pune/sugardough-1-kothrud,2,High-volume crowd favorites
https://www.zomato.com/pune/coco-jambo-tiki-bar-kharadi,2,High-volume crowd favorites
https://www.zomato.com/pune/all-time-high-bar-eatery-mundhwa,2,High-volume crowd favorites
https://www.zomato.com/pune/cafe-royal-villa-wakad,3,Low-volume neighborhood venues
https://www.zomato.com/pune/hyderabad-house-pimpri,1,Polarizing experiences
https://www.zomato.com/pune/lazziz-the-hyderabad-house-hinjawadi,0,Premium dining
https://www.zomato.com/pune/oh-live-hadapsar,2,High-volume crowd favorites
https://www.zomato.com/pune/chilled-affair-wakad,0,Premium dining
https://www.zomato.com/pune/spring-onion-deccan-gymkhana,0,Premium dining
https://www.zomato.com/pune/bangalore-iyengars-bakery-kothrud,3,Low-volume neighborhood venues
https://www.zomato.com/pune/jai-malhar-bhojnalya-hadapsar,0,Premium dining
https://www.zomato.com/pune/awadh-e-malwa-bavdhan,0,Premium dining
https://www.zomato.com/pune/al-hifazat-kababs-caterers-yerawada,0,Premium dining
https://www.zomato.com/pune/radio-hotel-camp-area,0,Premium dining
https://www.zomato.com/pune/hotel-mahabaleshwar-baner,0,Premium dining
https://www.zomato.com/pune/wah-marathi-dine-n-wine-1-magarpatta,2,High-volume crowd favorites
https://www.zomato.com/pune/farmers-choice-kothrud,0,Premium dining
https://www.zomato.com/pune/caffa-baner,2,High-volume crowd favorites
https://www.zomato.com/pune/khandesh-express-karve-nagar,0,Premium dining
https://www.zomato.com/pune/gandharv-restaurant-jm-road,0,Premium dining
https://www.zomato.com/pune/kake-da-hotel-kharadi,3,Low-volume neighborhood venues
https://www.zomato.com/pune/alhamduillah-camp-area,0,Premium dining
https://www.zomato.com/pune/sai-sagar-baner,1,Polarizing experiences
https://www.zomato.com/pune/belleza-wakad,0,Premium dining
https://www.zomato.com/pune/iddos-kothrud,0,Premium dining
https://www.zomato.com/pune/ice-cream-magic-aadd-m-aadd-b-kothrud,0,Premium dining
https://www.zomato.com/pune/lucknow-spice-baner,0,Premium dining
https://www.zomato.com/pune/hyderabadi-biryani-house-warje,1,Polarizing experiences
https://www.zomato.com/pune/angrezi-tapri-wadgaon-sheri,0,Premium dining
https://www.zomato.com/pune/urban-hippies-1-wakad,0,Premium dining
https://www.zomato.com/pune/in-green-swargate,2,High-volume crowd favorites
https://www.zomato.com/pune/olympia-east-street,0,Premium dining
https://www.zomato.com/pune/happy-high-cafe-baner,3,Low-volume neighborhood venues
https://www.zomato.com/pune/delicious-feast-pimple-nilakh,0,Premium dining
https://www.zomato.com/pune/chat-chatore-wagholi,3,Low-volume neighborhood venues
https://www.zomato.com/pune/burger-day-2-wakad,3,Low-volume neighborhood venues
https://www.zomato.com/pune/namaste-kitchen-1-kharadi,0,Premium dining
https://www.zomato.com/pune/shangai-spice-1-kothrud,3,Low-volume neighborhood venues
https://www.zomato.com/pune/wings-house-1-hinjawadi,3,Low-volume neighborhood venues
https://www.zomato.com/pune/springold-the-luxury-cafe-viman-nagar,3,Low-volume neighborhood venues
https://www.zomato.com/pune/kayamkulam-cafe-pune-solapur-road,3,Low-volume neighborhood venues
https://www.zomato.com/pune/sharma-ice-cream-pav-bhaji-chinchwad,0,Premium dining
https://www.zomato.com/pune/cavura-pizza-and-grill-camp-area,0,Premium dining
https://www.zomato.com/pune/the-east-baner,0,Premium dining
https://www.zomato.com/pune/khan-e-khas-restaurant-catering-service-kondhwa,0,Premium dining
https://www.zomato.com/pune/arabian-grills-katraj,0,Premium dining
https://www.zomato.com/pune/maitricha-katta-sadashiv-peth,0,Premium dining
https://www.zomato.com/the-cheese-truck-1-food-truck,0,Premium dining
https://www.zomato.com/pune/cafe-momos-katraj,0,Premium dining
https://www.zomato.com/pune/hotel-gayatri-aundh,0,Premium dining
https://www.zomato.com/pune/bhujbal-bandhu-hotel-apulki-karve-nagar,0,Premium dining
https://www.zomato.com/pune/gharonda-veg-restaurant-pimpri,1,Polarizing experiences
https://www.zomato.com/pune/anand-veg-erandwane,0,Premium dining
https://www.zomato.com/pune/kava-fairfield-by-marriott-pune-kharadi,2,High-volume crowd favorites
https://www.zomato.com/pune/fried-chicken-destination-kothrud,1,Polarizing experiences
https://www.zomato.com/pune/agra-restaurant-camp-area,0,Premium dining
https://www.zomato.com/pune/new-milan-khanaval-sadashiv-peth,0,Premium dining
https://www.zomato.com/pune/indian-tadka-taste-punjab-da-magarpatta,2,High-volume crowd favorites
https://www.zomato.com/pune/mosaic-crowne-plaza-pune-city-centre-bund-garden,2,High-volume crowd favorites
https://www.zomato.com/pune/indulgence-koregaon-park,0,Premium dining
https://www.zomato.com/pune/delhi-swad-nigdi,0,Premium dining
https://www.zomato.com/pune/pagdandi-books-chai-cafe-baner,0,Premium dining
https://www.zomato.com/pune/kerala-restaurant-aundh,0,Premium dining
https://www.zomato.com/pune/69-only-baner,3,Low-volume neighborhood venues
https://www.zomato.com/pune/amritsari-zaika-warje,0,Premium dining
https://www.zomato.com/pune/master-of-momos-wakad,3,Low-volume neighborhood venues
https://www.zomato.com/pune/the-mandarin-cafe-viman-nagar,2,High-volume crowd favorites
https://www.zomato.com/pune/ubq-by-barbeque-nation-deccan-gymkhana,3,Low-volume neighborhood venues
https://www.zomato.com/pune/vaishnavi-litti-bhandar-viman-nagar,0,Premium dining
https://www.zomato.com/pune/sai-palace-family-restaurant-bar-chinchwad,1,Polarizing experiences
https://www.zomato.com/pune/grand-11-pune-solapur-road,0,Premium dining
https://www.zomato.com/pune/mr-vandal-baner,2,High-volume crowd favorites
https://www.zomato.com/pune/woodlands-restaurant-and-bar-erandwane,2,High-volume crowd favorites
https://www.zomato.com/pune/chinese-room-oriental-erandwane,0,Premium dining
https://www.zomato.com/pune/signature-kondhwa,0,Premium dining
https://www.zomato.com/pune/masemari-the-fishing-bavdhan,0,Premium dining
https://www.zomato.com/pune/the-paratha-place-viman-nagar,0,Premium dining
https://www.zomato.com/pune/hotel-real-taste-kondhwa,0,Premium dining
https://www.zomato.com/pune/tipzo-1-pashan,2,High-volume crowd favorites
https://www.zomato.com/pune/ff-fast-n-fresh-crowne-plaza-bund-garden,3,Low-volume neighborhood venues
https://www.zomato.com/pune/golden-bawarchi-bar-restaurant-ravet,0,Premium dining
https://www.zomato.com/pune/rasika-pure-veg-viman-nagar,0,Premium dining
https://www.zomato.com/pune/cafe-coffee-day-mg-road,0,Premium dining
https://www.zomato.com/pune/hunger-lust-1-kothrud,0,Premium dining
https://www.zomato.com/pune/box-din-by-barbeque-ville-wakad,0,Premium dining
https://www.zomato.com/pune/nooshs-patisherie-studio-senapati-bapat-road,3,Low-volume neighborhood venues
https://www.zomato.com/pune/churro-mania-salunkhe-vihar-road,2,High-volume crowd favorites
https://www.zomato.com/pune/frozen-bottle-2-fc-road,2,High-volume crowd favorites
https://www.zomato.com/pune/kamats-takeaway-warje,3,Low-volume neighborhood venues
https://www.zomato.com/pune/apyayan-aundh,0,Premium dining
https://www.zomato.com/pune/vardayini-pure-veg-bavdhan,2,High-volume crowd favorites
https://www.zomato.com/pune/interval-pure-veg-bollywood-eatery-1-lonavala,0,Premium dining
https://www.zomato.com/pune/aaoji-khhaoji-the-veg-bar-hinjawadi,2,High-volume crowd favorites
https://www.zomato.com/pune/barbacoa-resto-lounge-bavdhan,2,High-volume crowd favorites
https://www.zomato.com/pune/abyssinian-koregaon-park,2,High-volume crowd favorites
https://www.zomato.com/pune/pune-egg-cafe-wakad,0,Premium dining
https://www.zomato.com/pune/sultanz-biryani-samosa-more-kondhwa,0,Premium dining
https://www.zomato.com/pune/cafe-e2-1-sadashiv-peth,0,Premium dining
https://www.zomato.com/pune/the-mousse-coupe-koregaon-park,0,Premium dining
https://www.zomato.com/pune/blue-shack-mundhwa,2,High-volume crowd favorites
https://www.zomato.com/pune/hotel-sinhgad-shahi-narhe,0,Premium dining
https://www.zomato.com/pune/the-late-night-biryani-dhankawadi,3,Low-volume neighborhood venues
https://www.zomato.com/pune/brooklyn-cafe-and-co-lohegaon,3,Low-volume neighborhood venues
https://www.zomato.com/pune/international-treats-hub-2-kharadi,0,Premium dining
https://www.zomato.com/pune/hyderabadi-royal-biryani-kharadi,0,Premium dining
https://www.zomato.com/pune/cafe-burger-delight-wadgaon-sheri,3,Low-volume neighborhood venues
https://www.zomato.com/pune/hotel-rayba-hadapsar,3,Low-volume neighborhood venues
https://www.zomato.com/pune/dolchii-camp-area,0,Premium dining
https://www.zomato.com/pune/tirangi-rassa-misal-ravet,0,Premium dining
https://www.zomato.com/pune/yenna-dosa-bibvewadi,0,Premium dining
https://www.zomato.com/pune/hyderabadi-laziz-chandan-nagar,0,Premium dining
https://www.zomato.com/pune/hobbit-baner,0,Premium dining
https://www.zomato.com/pune/bagicha-corner-mg-road,0,Premium dining
https://www.zomato.com/pune/cheesiaano-pizza-kothrud,0,Premium dining
https://www.zomato.com/pune/amantran-pimple-gurav,0,Premium dining
https://www.zomato.com/pune/krishna-veg-nigdi,0,Premium dining
https://www.zomato.com/pune/the-bridge-radisson-blu-hotel-kharadi,0,Premium dining
https://www.zomato.com/pune/ebony-st-laurn-hotel-koregaon-park,1,Polarizing experiences
https://www.zomato.com/pune/good-food-kitchen-model-colony,0,Premium dining
https://www.zomato.com/pune/cake-lounge-wanowrie,0,Premium dining
https://www.zomato.com/pune/log-house-kothrud,0,Premium dining
https://www.zomato.com/pune/jalsaa-wakad,0,Premium dining
https://www.zomato.com/pune/hotel-omkar-kothrud,1,Polarizing experiences
https://www.zomato.com/pune/cafe-bake-n-beans-baner,0,Premium dining
https://www.zomato.com/pune/monginis-hinjawadi,0,Premium dining
https://www.zomato.com/pune/karolbaug-kebabs-biryanis-baner,0,Premium dining
https://www.zomato.com/pune/radha-pure-veg-wakad,1,Polarizing experiences
https://www.zomato.com/pune/aha-baangali-1-kharadi,0,Premium dining
https://www.zomato.com/pune/tai-wong-kharadi,2,High-volume crowd favorites
https://www.zomato.com/pune/ruen-thai-koregaon-park,0,Premium dining
https://www.zomato.com/pune/99-pancakes-kothrud,0,Premium dining
https://www.zomato.com/pune/karkhana-bavdhan,2,High-volume crowd favorites
https://www.zomato.com/pune/kaarvi-pure-veg-sinhgad-road,2,High-volume crowd favorites
https://www.zomato.com/pune/picadore-picaddle-resort-lonavala,2,High-volume crowd favorites
https://www.zomato.com/pune/daawat-kothrud,0,Premium dining
https://www.zomato.com/pune/la-fiesta-kitchen-bar-viman-nagar,0,Premium dining
https://www.zomato.com/pune/president-hotel-and-bar-hadapsar,3,Low-volume neighborhood venues
https://www.zomato.com/pune/the-ladies-club-mg-road,1,Polarizing experiences
https://www.zomato.com/pune/hotel-shahu-sadashiv-peth,3,Low-volume neighborhood venues
https://www.zomato.com/pune/ironbar-n-grill-yerawada,2,High-volume crowd favorites
https://www.zomato.com/pune/metro-lounge-koregaon-park,1,Polarizing experiences
https://www.zomato.com/pune/thambbi-baner,2,High-volume crowd favorites
https://www.zomato.com/pune/kalinga-restaurant-bar-erandwane,2,High-volume crowd favorites
https://www.zomato.com/pune/villa-bistro-lonavala,2,High-volume crowd favorites
https://www.zomato.com/pune/mandala-hot-pot-culture-kalyani-nagar,0,Premium dining
https://www.zomato.com/pune/k-rock-resort-restaurant-hinjawadi,0,Premium dining
https://www.zomato.com/pune/burger-craft-by-street-meat-1-aundh,0,Premium dining
https://www.zomato.com/pune/amruth-vilas-kharadi,3,Low-volume neighborhood venues
https://www.zomato.com/pune/jhnjhanit-mejwani-wadgaon-sheri,3,Low-volume neighborhood venues
https://www.zomato.com/pune/hotel-sane-punjab-veg-non-veg-family-restaurant-wadgaon-sheri,0,Premium dining
https://www.zomato.com/pune/green-salad-company-wadgaon-sheri,0,Premium dining
https://www.zomato.com/pune/k-9-the-schezwan-restaurant-wakad,0,Premium dining
https://www.zomato.com/pune/sawant-malvan-katta-dhanori,3,Low-volume neighborhood venues
https://www.zomato.com/pune/gaustu-e-gourmet-hinjawadi,0,Premium dining
https://www.zomato.com/pune/mughlai-zaika-viman-nagar,0,Premium dining
https://www.zomato.com/pune/slimkart-kalyani-nagar,0,Premium dining
https://www.zomato.com/pune/hub-hinjawadi,2,High-volume crowd favorites
https://www.zomato.com/pune/sardarji-food-kharadi,0,Premium dining
https://www.zomato.com/pune/hotel-madhura-dhanori,0,Premium dining
https://www.zomato.com/pune/shokeen-rolls-hadapsar,0,Premium dining
https://www.zomato.com/pune/sai-restaurant-pimpri,1,Polarizing experiences
https://www.zomato.com/pune/oriental-fusion-restaurant-ramee-grand-hotel-shivaji-nagar,2,High-volume crowd favorites
https://www.zomato.com/pune/shivar-garden-pimple-saudagar,1,Polarizing experiences
https://www.zomato.com/pune/siddhivinayak-dining-hall-sadashiv-peth,0,Premium dining
https://www.zomato.com/pune/le-pizza-king-kharadi,0,Premium dining
https://www.zomato.com/pune/kolhapuri-fried-chicken-viman-nagar,0,Premium dining
https://www.zomato.com/pune/singh-saab-kothrud,3,Low-volume neighborhood venues
https://www.zomato.com/pune/hotel-sinhgad-chaupati-karve-nagar,0,Premium dining
https://www.zomato.com/pune/naadbramha-do-sa-id-li-katraj,0,Premium dining
https://www.zomato.com/pune/zanbaq-nibm-road,0,Premium dining
https://www.zomato.com/pune/taste-n-twist-kharadi,0,Premium dining
https://www.zomato.com/pune/teddys-gourmet-1-sinhgad-road,0,Premium dining
https://www.zomato.com/pune/the-beans-talk-cafe-viman-nagar,2,High-volume crowd favorites
https://www.zomato.com/pune/jalebi-junction-viman-nagar,0,Premium dining
https://www.zomato.com/pune/surmay-erandwane,0,Premium dining
https://www.zomato.com/pune/arkies-born-bakers-bibvewadi,0,Premium dining
https://www.zomato.com/pune/biryani-art-shivaji-nagar,0,Premium dining
https://www.zomato.com/philly-diner,0,Premium dining
https://www.zomato.com/pune/cake-fantasy-1-kharadi,1,Polarizing experiences
https://www.zomato.com/pune/burger-mines-1-kothrud,0,Premium dining
https://www.zomato.com/pune/the-asian-box-resto-bar-baner,2,High-volume crowd favorites
https://www.zomato.com/pune/amrapali-restaurant-fc-road,0,Premium dining
https://www.zomato.com/pune/gossip-gastrohub-2-erandwane,0,Premium dining
https://www.zomato.com/pune/kekiz-the-cake-shop-pimple-saudagar,3,Low-volume neighborhood venues
https://www.zomato.com/pune/food-delivery-bhosari,1,Polarizing experiences
https://www.zomato.com/pune/69-only-kharadi,3,Low-volume neighborhood venues
https://www.zomato.com/pune/sardarjis-paratha-chaap-house-kondhwa,0,Premium dining
https://www.zomato.com/pune/yalla-momos-pashan,0,Premium dining
https://www.zomato.com/pune/string-theory-by-panthi-karve-nagar,1,Polarizing experiences
https://www.zomato.com/pune/exotic-chinese-sinhgad-road,3,Low-volume neighborhood venues
https://www.zomato.com/pune/the-happy-place-1-koregaon-park,3,Low-volume neighborhood venues
https://www.zomato.com/pune/chaurang-the-family-paan-boutique-kondhwa,3,Low-volume neighborhood venues
https://www.zomato.com/3point14,0,Premium dining
https://www.zomato.com/pune/dawat-e-lucknow-2-kothrud,0,Premium dining
https://www.zomato.com/pune/hotel-fish-land-karve-nagar,1,Polarizing experiences
https://www.zomato.com/pune/pind-punjab-kharadi,0,Premium dining
https://www.zomato.com/pune/hotel-gopala-pimpri,0,Premium dining
https://www.zomato.com/pune/balaji-bhel-snacks-baner,0,Premium dining
https://www.zomato.com/pune/madhuban-dhole-patil-road,0,Premium dining
https://www.zomato.com/pune/nimantran-restaurant-bar-bibvewadi,2,High-volume crowd favorites
https://www.zomato.com/pune/operi-curry-point-1-pimple-saudagar,0,Premium dining
https://www.zomato.com/rastaman-soul-food-food-truck,0,Premium dining
https://www.zomato.com/pune/anjus-kitchen-pimple-nilakh,3,Low-volume neighborhood venues
https://www.zomato.com/pune/ak-cafe-camp-area,0,Premium dining
https://www.zomato.com/pune/sheetal-da-dhaba-lonavala,2,High-volume crowd favorites
https://www.zomato.com/pune/pie-pan-india-eatery-baner,0,Premium dining
https://www.zomato.com/pune/symphony-pune-university,2,High-volume crowd favorites
https://www.zomato.com/pune/saundarya-garden-hinjawadi,2,High-volume crowd favorites
https://www.zomato.com/pune/the-kream-story-1-nigdi,0,Premium dining
https://www.zomato.com/pune/shrimant-misal-senapati-bapat-road,0,Premium dining
https://www.zomato.com/pune/a-taste-of-indore-baner,0,Premium dining
https://www.zomato.com/pune/the-brew-room-kothrud,0,Premium dining
https://www.zomato.com/pune/hotel-samadhan-ravet,0,Premium dining
https://www.zomato.com/pune/aamaya-multi-cuisine-deccan-gymkhana,0,Premium dining
https://www.zomato.com/pune/daba-ke-kha-hadapsar,3,Low-volume neighborhood venues
https://www.zomato.com/pune/healthy-craving-hinjawadi,0,Premium dining
https://www.zomato.com/pune/waffle-house-wakad,0,Premium dining
https://www.zomato.com/pune/pind-da-swad-paratha-house-katraj,0,Premium dining
https://www.zomato.com/pune/obiryani-shivaji-nagar,3,Low-volume neighborhood venues
https://www.zomato.com/pune/mahesh-bhuvan-shukrawar-peth,3,Low-volume neighborhood venues
https://www.zomato.com/pune/secret-spice-karve-nagar,3,Low-volume neighborhood venues
https://www.zomato.com/pune/red-hot-chinese-center-camp-area,3,Low-volume neighborhood venues
https://www.zomato.com/pune/hungry-travellers-cafe-dhanori,3,Low-volume neighborhood venues
https://www.zomato.com/pune/cafe-unlimited-wakad,3,Low-volume neighborhood venues
https://www.zomato.com/pune/hotel-bhagwan-sinhgad-road,3,Low-volume neighborhood venues
https://www.zomato.com/pune/roll-boost-wadgaon-sheri,3,Low-volume neighborhood venues
https://www.zomato.com/pune/samocha-karve-nagar,3,Low-volume neighborhood venues
https://www.zomato.com/pune/the-book-cafe-2-kothrud,0,Premium dining
https://www.zomato.com/pune/the-food-factory-nibm-road,3,Low-volume neighborhood venues
https://www.zomato.com/pune/cafe-royal-tea-koregaon-park,3,Low-volume neighborhood venues
https://www.zomato.com/pune/tea-splash-1-sadashiv-peth,0,Premium dining
https://www.zomato.com/pune/shiv-sai-chandan-nagar,0,Premium dining
https://www.zomato.com/pune/jamawali-biryani-senapati-bapat-road,0,Premium dining
https://www.zomato.com/pune/swamis-veg-katraj,0,Premium dining
https://www.zomato.com/pune/food-compass-by-panthi-1-karve-nagar,0,Premium dining
https://www.zomato.com/pune/celebrations-the-cake-shop-wakad,0,Premium dining
https://www.zomato.com/pune/rc-kitchen-family-restaurant-kondhwa,0,Premium dining
https://www.zomato.com/pune/hite-bar-camp-area,0,Premium dining
https://www.zomato.com/pune/chinese-corner-nigdi,0,Premium dining
https://www.zomato.com/pune/annapurna-pure-veg-2-hadapsar,0,Premium dining
https://www.zomato.com/pune/china-point-kondhwa,0,Premium dining
https://www.zomato.com/pune/sri-murlidhar-veg-thali-sadashiv-peth,0,Premium dining
https://www.zomato.com/pune/slice-of-heaven-pimpri,0,Premium dining
https://www.zomato.com/pune/ajooba-desi-khana-wakad,0,Premium dining
https://www.zomato.com/pune/greens-olives-aundh,2,High-volume crowd favorites
https://www.zomato.com/pune/misal-darbar-1-kondhwa,3,Low-volume neighborhood venues
https://www.zomato.com/pune/bundelkhandi-swad-wakad,3,Low-volume neighborhood venues
https://www.zomato.com/pune/green-field-resto-bar-sinhgad-road,0,Premium dining
https://www.zomato.com/pune/sharif-restaurant-kondhwa,0,Premium dining
https://www.zomato.com/pune/calcutta-flavours-wagholi,3,Low-volume neighborhood venues
https://www.zomato.com/pune/cric-cafe-narhe,0,Premium dining
https://www.zomato.com/pune/the-indori-junction-kothrud,0,Premium dining
https://www.zomato.com/pune/arya-coffee-shop-wanowrie,0,Premium dining
https://www.zomato.com/pune/chennaii-menu-baner,0,Premium dining
https://www.zomato.com/pune/hotel-priyanka-katraj,3,Low-volume neighborhood venues
https://www.zomato.com/pune/al-madina-biryani-house-sinhgad-road,1,Polarizing experiences
https://www.zomato.com/pune/ganaraj-pure-veg-shukrawar-peth,0,Premium dining
https://www.zomato.com/pune/oriental-connexions-pune-university,2,High-volume crowd favorites
https://www.zomato.com/pune/brasserie-cinq-dhole-patil-road,0,Premium dining
https://www.zomato.com/pune/drink-your-selfie-kharadi,0,Premium dining
https://www.zomato.com/pune/mahesh-lunch-home-camp-area,2,High-volume crowd favorites
https://www.zomato.com/pune/chilli-garlic-baner,0,Premium dining
https://www.zomato.com/pune/the-thali-wala-wakad,3,Low-volume neighborhood venues
https://www.zomato.com/pune/popcorn-garage-koregaon-park,3,Low-volume neighborhood venues
https://www.zomato.com/pune/new-york-waffles-dinges-sadashiv-peth,3,Low-volume neighborhood venues
https://www.zomato.com/pune/the-bombay-fries-1-koregaon-park,0,Premium dining
https://www.zomato.com/pune/afghan-darbar-kondhwa,3,Low-volume neighborhood venues
https://www.zomato.com/pune/cafe-richworld-kondhwa,0,Premium dining
https://www.zomato.com/pune/hotel-al-madeena-narhe,3,Low-volume neighborhood venues
https://www.zomato.com/pune/hotel-ovi-nonveg-special-chandan-nagar,1,Polarizing experiences
https://www.zomato.com/pune/kaleva-the-paratha-house-wakad,0,Premium dining
https://www.zomato.com/pune/darya-cafe-ice-cream-parlour-dhankawadi,3,Low-volume neighborhood venues
https://www.zomato.com/pune/kata-kirr-viman-nagar,1,Polarizing experiences
https://www.zomato.com/pune/bahubalis-house-of-paranthas-wakad,2,High-volume crowd favorites
https://www.zomato.com/pune/umiya-kutchi-dabeli-5-kothrud,3,Low-volume neighborhood venues
https://www.zomato.com/pune/hotel-mavala-pune-solapur-road,3,Low-volume neighborhood venues
https://www.zomato.com/pune/cake-trails-baner,1,Polarizing experiences
https://www.zomato.com/pune/saheb-viman-nagar,0,Premium dining
https://www.zomato.com/pune/fir-fresh-ice-cream-rolls-pimple-saudagar,0,Premium dining
https://www.zomato.com/pune/around-the-world-grand-tamanna-hotel-hinjawadi,2,High-volume crowd favorites
https://www.zomato.com/pune/radha-krushna-bibvewadi,0,Premium dining
https://www.zomato.com/pune/chai-shai-viman-nagar,2,High-volume crowd favorites
https://www.zomato.com/pune/new-manchow-pimpri,0,Premium dining
https://www.zomato.com/pune/adich-restaurant-warje,0,Premium dining
https://www.zomato.com/pune/good-food-roll-house-wakad,0,Premium dining
https://www.zomato.com/pune/farm-ville-garden-restaurant-sus,0,Premium dining
https://www.zomato.com/Shaolin,0,Premium dining
https://www.zomato.com/pune/janseva-bhojanalaya-deccan-gymkhana,0,Premium dining
https://www.zomato.com/pune/the-grill-n-rolls-aundh,1,Polarizing experiences
https://www.zomato.com/pune/white-rabbit-viman-nagar,2,High-volume crowd favorites
https://www.zomato.com/pune/falak-on-the-roof-wakad,2,High-volume crowd favorites
https://www.zomato.com/pune/chow-chow-chinese-erandwane,3,Low-volume neighborhood venues
https://www.zomato.com/pune/khamanga-kothrud,0,Premium dining
https://www.zomato.com/pune/shree-narayan-khaman-dhokla-and-sweets-satara-road,1,Polarizing experiences
https://www.zomato.com/pune/the-flame-burger-senapati-bapat-road,3,Low-volume neighborhood venues
https://www.zomato.com/pune/hotel-gavran-kolhapuri-kharadi,0,Premium dining
https://www.zomato.com/pune/deshi-katta-akurdi,0,Premium dining
https://www.zomato.com/pune/bread-story-magarpatta,0,Premium dining
https://www.zomato.com/pune/agrabah-1-nibm-road,2,High-volume crowd favorites
https://www.zomato.com/pune/shiv-sagar-pure-veg-bhosari,1,Polarizing experiences
https://www.zomato.com/pune/natraj-bhel-chat-house-viman-nagar,0,Premium dining
https://www.zomato.com/pune/the-royal-dakkhan-karve-nagar,3,Low-volume neighborhood venues
https://www.zomato.com/pune/rassaaz-ravet,3,Low-volume neighborhood venues
https://www.zomato.com/pune/the-3-musketeers-pub-viman-nagar,2,High-volume crowd favorites
https://www.zomato.com/pune/the-mint-leaf-resto-lounge-bavdhan,2,High-volume crowd favorites
https://www.zomato.com/pune/red-chinese-and-momo-karve-nagar,1,Polarizing experiences
https://www.zomato.com/pune/swagat-snacks-centre-dhankawadi,1,Polarizing experiences
https://www.zomato.com/pune/4-seasons-hinjawadi,2,High-volume crowd favorites
https://www.zomato.com/pune/khadadi-sadashiv-peth,0,Premium dining
https://www.zomato.com/pune/rohit-wadewale-food-mall-shivaji-nagar,0,Premium dining
https://www.zomato.com/pune/tentación-cake-shop-katraj,3,Low-volume neighborhood venues
https://www.zomato.com/pune/dum-a-dum-biryani-1-kothrud,3,Low-volume neighborhood venues
https://www.zomato.com/pune/bunkers-cafe-kharadi,0,Premium dining
https://www.zomato.com/pune/matka-khichdi-pimple-saudagar,0,Premium dining
https://www.zomato.com/pune/altitude-the-rooftop-bar-magarpatta,2,High-volume crowd favorites
https://www.zomato.com/pune/buvachi-misal-1-lonavala,0,Premium dining
https://www.zomato.com/pune/beckys-binging-bay-salunkhe-vihar-road,2,High-volume crowd favorites
https://www.zomato.com/pune/kimaya-veg-restaurant-kothrud,1,Polarizing experiences
https://www.zomato.com/pune/house-of-gains-viman-nagar,0,Premium dining
https://www.zomato.com/pune/royalty-chinese-and-thai-kitchen-kondhwa,3,Low-volume neighborhood venues
https://www.zomato.com/pune/refuel-lounge-bar-viman-nagar,3,Low-volume neighborhood venues
https://www.zomato.com/pune/cafe-swagg-1-kothrud,3,Low-volume neighborhood venues
https://www.zomato.com/pune/secret-recipe-kothrud,3,Low-volume neighborhood venues
https://www.zomato.com/pune/chota-bite-by-cafe-goodluck-nibm-road,3,Low-volume neighborhood venues
https://www.zomato.com/pune/sravs-kitchen-hadapsar,3,Low-volume neighborhood venues
https://www.zomato.com/pune/the-meal-house-aundh,3,Low-volume neighborhood venues
https://www.zomato.com/pune/food-please-hinjawadi,3,Low-volume neighborhood venues
https://www.zomato.com/pune/the-big-chill-bar-underground-hinjawadi,2,High-volume crowd favorites
https://www.zomato.com/pune/yo-franky-sinhgad-road,1,Polarizing experiences
https://www.zomato.com/pune/cafe-rova-kharadi,2,High-volume crowd favorites
https://www.zomato.com/pune/mahadev-patiswala-pimpri,0,Premium dining
https://www.zomato.com/pune/hotel-sourabh-satara-road,0,Premium dining
https://www.zomato.com/pune/ws-bakers-pune-university,0,Premium dining
https://www.zomato.com/pune/sahara-wadgaon-sheri,2,High-volume crowd favorites
https://www.zomato.com/pune/amar-paratha-biryani-house-kothrud,0,Premium dining
https://www.zomato.com/pune/hotel-royal-indians-hinjawadi,0,Premium dining
https://www.zomato.com/pune/classic-burger-house-chandan-nagar,0,Premium dining
https://www.zomato.com/pune/kavi-the-hangout-bar-erandwane,2,High-volume crowd favorites
https://www.zomato.com/pune/shri-hari-veg-parvati,0,Premium dining
https://www.zomato.com/pune/sahich-pune-solapur-road,0,Premium dining
https://www.zomato.com/pune/dilkhush-chinese-fast-food-camp-area,0,Premium dining
https://www.zomato.com/pune/the-common-space-jm-road,0,Premium dining
https://www.zomato.com/pune/rajveer-pure-veg-katraj,0,Premium dining
https://www.zomato.com/pune/punjabi-king-wadgaon-sheri,0,Premium dining
https://www.zomato.com/pune/feedbag-cafe-kharadi,3,Low-volume neighborhood venues
https://www.zomato.com/pune/imperial-bakery-east-street,0,Premium dining
https://www.zomato.com/pune/monks-blues-baner,2,High-volume crowd favorites
https://www.zomato.com/pune/cafe-siaa-senapati-bapat-road,3,Low-volume neighborhood venues
https://www.zomato.com/pune/mohan-ice-cream-jm-road,0,Premium dining
https://www.zomato.com/pune/snow-in-a-bowl-dessert-gaming-café-nibm-road,0,Premium dining
https://www.zomato.com/pune/north-o-south-hinjawadi,3,Low-volume neighborhood venues
https://www.zomato.com/pune/peppery-kick-bhosari,0,Premium dining
https://www.zomato.com/pune/gulbarga-tahari-and-biryani-nibm-road,3,Low-volume neighborhood venues
https://www.zomato.com/pune/ancient-hyderabad-viman-nagar,1,Polarizing experiences
https://www.zomato.com/pune/mh12-pulav-and-juice-karve-nagar,1,Polarizing experiences
https://www.zomato.com/pune/cafe-scrummy-yummy-katraj,3,Low-volume neighborhood venues
https://www.zomato.com/pune/khaolite-kharadi,0,Premium dining
https://www.zomato.com/pune/wicked-china-yerawada,2,High-volume crowd favorites
https://www.zomato.com/pune/radha-krishna-veg-vishrantwadi,0,Premium dining
https://www.zomato.com/pune/dakhkhan-delicacies-2-parvati,0,Premium dining
https://www.zomato.com/pune/dessertto-salunkhe-vihar-road,0,Premium dining
https://www.zomato.com/the-green-chef,0,Premium dining
https://www.zomato.com/pune/the-bohemian-kitchen-wadgaon-sheri,0,Premium dining
https://www.zomato.com/pune/janjira-pure-veg-kothrud,2,High-volume crowd favorites
https://www.zomato.com/pune/abhinandan-pimpri,0,Premium dining
https://www.zomato.com/pune/payatha-ethnic-foothill-restaurant-hadapsar,2,High-volume crowd favorites
https://www.zomato.com/pune/ganesh-bhel-karve-nagar,0,Premium dining
https://www.zomato.com/pune/asha-dining-hall-deccan-gymkhana,0,Premium dining
https://www.zomato.com/pune/hotel-kunal-pimple-saudagar,0,Premium dining
https://www.zomato.com/pune/geeta-fast-food-nigdi,0,Premium dining
https://www.zomato.com/pune/sudama-bhel-yerawada,0,Premium dining
https://www.zomato.com/pune/palavi-kothrud,0,Premium dining
https://www.zomato.com/pune/irani-chai-cafe-bavdhan,3,Low-volume neighborhood venues
https://www.zomato.com/pune/dilli-di-hatti-hinjawadi,0,Premium dining
https://www.zomato.com/pune/theobroma-viman-nagar,0,Premium dining
https://www.zomato.com/pune/mafco-chinese-center-hinjawadi,1,Polarizing experiences
https://www.zomato.com/pune/speedy-chow-senapati-bapat-road,0,Premium dining
https://www.zomato.com/pune/hotel-chaitanya-1-hinjawadi,0,Premium dining
https://www.zomato.com/pune/satkar-rice-plate-house-sinhgad-road,0,Premium dining
https://www.zomato.com/pune/a1-chinese-kothrud,0,Premium dining
https://www.zomato.com/pune/misal-cafe-pimple-nilakh,0,Premium dining
https://www.zomato.com/pune/360-degree-the-rooftop-restaurant-bar-jm-road,2,High-volume crowd favorites
https://www.zomato.com/pune/subhadraa-jm-road,0,Premium dining
https://www.zomato.com/pune/life-point-cafeteria-wakad,3,Low-volume neighborhood venues
https://www.zomato.com/pune/top-87-the-other-place-ravet,1,Polarizing experiences
https://www.zomato.com/pune/geetanjali-biryani-house-satara-road,0,Premium dining
https://www.zomato.com/pune/chachaas-kitchen-and-catering-viman-nagar,3,Low-volume neighborhood venues
https://www.zomato.com/pune/rolls-royal-biryani-akurdi,0,Premium dining
https://www.zomato.com/pune/gabriella-nibm-road,2,High-volume crowd favorites
https://www.zomato.com/pune/anand-late-night-model-colony,0,Premium dining
https://www.zomato.com/pune/the-young-mugs-cafe-sinhgad-road,0,Premium dining
https://www.zomato.com/pune/ajmera-fast-food-chinese-kondhwa,3,Low-volume neighborhood venues
https://www.zomato.com/pune/jay-ganesh-chaat-bibvewadi,3,Low-volume neighborhood venues
https://www.zomato.com/pune/tasty-punjab-wadgaon-sheri,0,Premium dining
https://www.zomato.com/pune/happy-tummy-pimple-saudagar,3,Low-volume neighborhood venues
https://www.zomato.com/pune/night-cravers-nibm-road,1,Polarizing experiences
https://www.zomato.com/pune/super-bowl-baner,3,Low-volume neighborhood venues
https://www.zomato.com/pune/hotel-maratheshahi-1-hadapsar,0,Premium dining
https://www.zomato.com/pune/verde-co-viman-nagar,2,High-volume crowd favorites
https://www.zomato.com/pune/seven27-ravet,0,Premium dining
https://www.zomato.com/pune/zhakaas-shaniwar-peth,0,Premium dining
https://www.zomato.com/pune/sevensisters-momo-viman-nagar,0,Premium dining
https://www.zomato.com/pune/garwa-garden-family-restaurant-bar-hadapsar,0,Premium dining
https://www.zomato.com/pune/govindas-the-higher-taste-katraj,0,Premium dining
https://www.zomato.com/pune/cafe-uniq-aroma-nigdi,0,Premium dining
https://www.zomato.com/pune/chai-katta-1-kothrud,0,Premium dining
https://www.zomato.com/pune/padma-palace-dhankawadi,0,Premium dining
https://www.zomato.com/pune/hotel-chandralok-lonavala,2,High-volume crowd favorites
https://www.zomato.com/pune/aquarius-resort-khadakwasla,0,Premium dining
https://www.zomato.com/pune/royal-chinese-restaurant-pimple-saudagar,0,Premium dining
https://www.zomato.com/pune/strikers-chinese-viman-nagar,0,Premium dining
https://www.zomato.com/pune/the-laughing-b-bund-garden,2,High-volume crowd favorites
https://www.zomato.com/pune/karims-cafe-kondhwa,0,Premium dining
https://www.zomato.com/pune/pokket-cafe-chinchwad,3,Low-volume neighborhood venues
https://www.zomato.com/pune/nutrimonk-life-nibm-road,3,Low-volume neighborhood venues
https://www.zomato.com/pune/hotel-sangam-khandesh-katta-pimple-gurav,0,Premium dining
https://www.zomato.com/pune/mad-momos-viman-nagar,0,Premium dining
https://www.zomato.com/pune/the-chocolate-room-sinhgad-road,0,Premium dining
https://www.zomato.com/pune/raavan-biryani-baner,0,Premium dining
https://www.zomato.com/pune/balaji-bhel-pimple-saudagar,0,Premium dining
https://www.zomato.com/pune/hotel-balaji-south-indian-restaurant-hinjawadi,3,Low-volume neighborhood venues
https://www.zomato.com/pune/yo-kakke-viman-nagar,0,Premium dining
https://www.zomato.com/pune/tangasseri-koregaon-park,0,Premium dining
https://www.zomato.com/pune/cakeshahi-jm-road,3,Low-volume neighborhood venues
https://www.zomato.com/pune/the-urban-kadhai-wadgaon-sheri,0,Premium dining
https://www.zomato.com/pune/udta-punjab-balewadi,0,Premium dining
https://www.zomato.com/pune/kannu-ki-chai-wakad,3,Low-volume neighborhood venues
https://www.zomato.com/pune/g-sardar-g-aundh,0,Premium dining
https://www.zomato.com/pune/shambhavi-pure-veg-aundh,3,Low-volume neighborhood venues
https://www.zomato.com/pune/noor-restaurant-bibvewadi,3,Low-volume neighborhood venues
https://www.zomato.com/pune/pyaara-di-haveli-1-baner,1,Polarizing experiences
https://www.zomato.com/pune/the-bacckyard-kitchen-bar-dhole-patil-road,2,High-volume crowd favorites
https://www.zomato.com/pune/goodluck-snacks-aundh,0,Premium dining
https://www.zomato.com/pune/barista-mg-road,0,Premium dining
https://www.zomato.com/pune/itss-yummyy-katraj,0,Premium dining
https://www.zomato.com/pune/sks-katthi-kabab-rolls-1-nigdi,0,Premium dining
https://www.zomato.com/pune/ak-biryani-house-sinhgad-road,3,Low-volume neighborhood venues
https://www.zomato.com/pune/uns-biryanis-and-kebabs-hinjawadi,0,Premium dining
https://www.zomato.com/pune/the-happie-gut-viman-nagar,0,Premium dining
https://www.zomato.com/pune/the-season-cafe-wadgaon-sheri,0,Premium dining
https://www.zomato.com/pune/sankets-barbeque-delight-wakad,2,High-volume crowd favorites
https://www.zomato.com/pune/le-boulangerie-2-bavdhan,0,Premium dining
https://www.zomato.com/pune/purana-chawal-warje,3,Low-volume neighborhood venues
https://www.zomato.com/pune/chinar-baner,0,Premium dining
https://www.zomato.com/pune/2-bhk-restaurant-katraj,0,Premium dining
https://www.zomato.com/pune/cake-n-bake-wakad,3,Low-volume neighborhood venues
https://www.zomato.com/pune/lets-baati-pimple-nilakh,0,Premium dining
https://www.zomato.com/pune/hotel-al-madeena-wakad,3,Low-volume neighborhood venues
https://www.zomato.com/pune/cafe-old-skool-viman-nagar,3,Low-volume neighborhood venues
https://www.zomato.com/pune/shreshta-baner,2,High-volume crowd favorites
https://www.zomato.com/pune/chicks-n-chips-bavdhan,3,Low-volume neighborhood venues
https://www.zomato.com/pune/siddhivinayak-mess-1-dhankawadi,3,Low-volume neighborhood venues
https://www.zomato.com/pune/hotel-shubhankar-sinhgad-road,3,Low-volume neighborhood venues
https://www.zomato.com/pune/the-munching-route-book-cafe-baner,2,High-volume crowd favorites
https://www.zomato.com/pune/the-tequila-house-lounge-kharadi,2,High-volume crowd favorites
https://www.zomato.com/pune/pizza-point-2-hadapsar,0,Premium dining
https://www.zomato.com/pune/irani-chai-katta-magarpatta,0,Premium dining
https://www.zomato.com/pune/the-j-viman-nagar,0,Premium dining
https://www.zomato.com/pune/chocolate-biclate-wakad,0,Premium dining
https://www.zomato.com/pune/pizza-house-pimple-saudagar,0,Premium dining
https://www.zomato.com/pune/shinde-dairy-kharadi,0,Premium dining
https://www.zomato.com/pune/agatya-pavbhaji-juice-bar-dhanori,0,Premium dining
https://www.zomato.com/pune/night-option-viman-nagar,0,Premium dining
https://www.zomato.com/pune/hotel-kolhapuri-magarpatta,0,Premium dining
https://www.zomato.com/pune/modern-chinese-fast-food-nibm-road,0,Premium dining
https://www.zomato.com/pune/chhajja-the-coffee-shop-hadapsar,2,High-volume crowd favorites
https://www.zomato.com/pune/pavan-restaurant-bar-kharadi,2,High-volume crowd favorites
https://www.zomato.com/pune/shiv-sagar-viman-nagar,2,High-volume crowd favorites
https://www.zomato.com/pune/havmor-ice-cream-baner,0,Premium dining
https://www.zomato.com/pune/new-tandoor-point-senapati-bapat-road,0,Premium dining
https://www.zomato.com/pune/saffron-vegetarian-sadashiv-peth,0,Premium dining
https://www.zomato.com/pune/hotel-malhar-pimple-saudagar,0,Premium dining
https://www.zomato.com/pune/cafe-eastwood-kothrud,2,High-volume crowd favorites
https://www.zomato.com/pune/cake-n-counter-east-street,0,Premium dining
https://www.zomato.com/pune/up-and-above-bavdhan,1,Polarizing experiences
https://www.zomato.com/pune/m-m-restaurant-1-khadki,2,High-volume crowd favorites
https://www.zomato.com/pune/hotel-marathwada-wakad,0,Premium dining
https://www.zomato.com/pune/hotel-ramnath-tilak-road,0,Premium dining
https://www.zomato.com/pune/mayur-veg-thali-east-street,2,High-volume crowd favorites
https://www.zomato.com/pune/kitabi-chai-nibm-road,3,Low-volume neighborhood venues
https://www.zomato.com/pune/hyderabad-biryaani-house-hadapsar,0,Premium dining
https://www.zomato.com/pune/andhra-tiffins-and-biryani-chinchwad,1,Polarizing experiences
https://www.zomato.com/pune/bazooka-mundhwa,2,High-volume crowd favorites
https://www.zomato.com/pune/indore-lig-maggi-pasta-viman-nagar,1,Polarizing experiences
https://www.zomato.com/pune/baba-food-mall-shivaji-nagar,0,Premium dining
https://www.zomato.com/pune/pack-a-pav-koregaon-park,0,Premium dining
https://www.zomato.com/pune/queens-maggie-fries-pimple-saudagar,3,Low-volume neighborhood venues
https://www.zomato.com/pune/hop-in-the-neighborhood-bar-kalyani-nagar,2,High-volume crowd favorites
https://www.zomato.com/pune/freshcliq-pizza-pasta-fc-road,2,High-volume crowd favorites
https://www.zomato.com/pune/the-eatery-four-points-by-sheraton-1-viman-nagar,2,High-volume crowd favorites
https://www.zomato.com/pune/squisito-cafe-italiano-bibvewadi,3,Low-volume neighborhood venues
https://www.zomato.com/pune/kolhapuri-zanzanit-pahunchar-chinchwad,0,Premium dining
https://www.zomato.com/pune/a1-biryani-house-hinjawadi,0,Premium dining
https://www.zomato.com/pune/adda-kothrud,2,High-volume crowd favorites
https://www.zomato.com/pune/pattal-wakad,3,Low-volume neighborhood venues
https://www.zomato.com/pune/1-lounge-and-restaurant-mundhwa,2,High-volume crowd favorites
https://www.zomato.com/pune/cream-corner-kondhwa,0,Premium dining
https://www.zomato.com/pune/100°-resto-lounge-hinjawadi,2,High-volume crowd favorites
https://www.zomato.com/pune/hotel-shivneri-akurdi,1,Polarizing experiences
https://www.zomato.com/pune/healthybee-baner,0,Premium dining
https://www.zomato.com/pune/tiffin-journey-pimple-saudagar,0,Premium dining
https://www.zomato.com/pune/the-puneri-fries-3-wakad,0,Premium dining
https://www.zomato.com/pune/ntice-pimple-saudagar,0,Premium dining
https://www.zomato.com/pune/the-mighty-crust-pizzeria-pimple-nilakh,0,Premium dining
https://www.zomato.com/pune/kobe-sizzlers-aundh,1,Polarizing experiences
https://www.zomato.com/pune/jyothis-kitchen-the-taste-of-south-wagholi,3,Low-volume neighborhood venues
https://www.zomato.com/pune/shambhavi-bhojanalaya-kothrud,0,Premium dining
https://www.zomato.com/pune/jb007-nibm-road,3,Low-volume neighborhood venues
https://www.zomato.com/pune/cafe-on-aundh,3,Low-volume neighborhood venues
https://www.zomato.com/pune/cafe-raga-kharadi,2,High-volume crowd favorites
https://www.zomato.com/pune/cafe-budas-kharadi,2,High-volume crowd favorites
https://www.zomato.com/pune/swoon-pimple-nilakh,0,Premium dining
https://www.zomato.com/pune/fat-panda-kondhwa,3,Low-volume neighborhood venues
https://www.zomato.com/pune/indiana-burgers-kothrud,3,Low-volume neighborhood venues
https://www.zomato.com/pune/the-puneri-breakfast-wakad,3,Low-volume neighborhood venues
https://www.zomato.com/pune/mangesh-restaurant-bar-hadapsar,3,Low-volume neighborhood venues
https://www.zomato.com/pune/taj-sweets-kondhwa,1,Polarizing experiences
https://www.zomato.com/pune/kabiro-koregaon-park,2,High-volume crowd favorites
https://www.zomato.com/pune/bird-valley-chinchwad,2,High-volume crowd favorites
https://www.zomato.com/pune/bedis-naan-house-sinhgad-road,1,Polarizing experiences
https://www.zomato.com/pune/hotel-marathmol-pune-solapur-road,0,Premium dining
https://www.zomato.com/pune/milan-khanawal-sinhgad-road,0,Premium dining
https://www.zomato.com/pune/the-real-green-cafe-koregaon-park,2,High-volume crowd favorites
https://www.zomato.com/mexican-rodeo-food-truck,0,Premium dining
https://www.zomato.com/pune/eagle-boys-pizza-hinjawadi,1,Polarizing experiences
https://www.zomato.com/pune/radhika-bhel-sadashiv-peth,0,Premium dining
https://www.zomato.com/pune/shivam-dhankawadi,0,Premium dining
https://www.zomato.com/pune/amantran-veg-restaurant-pimple-gurav,0,Premium dining
https://www.zomato.com/pune/khatri-bandhu-pot-ice-cream-karve-nagar,0,Premium dining
https://www.zomato.com/pune/the-maratha-pimple-gurav,0,Premium dining
https://www.zomato.com/pune/ambar-family-restaurant-aundh,0,Premium dining
https://www.zomato.com/pune/kollage-food-court-law-college-road,0,Premium dining
https://www.zomato.com/pune/agatya-1-lohegaon,0,Premium dining
https://www.zomato.com/pune/samruddhi-pure-veg-vishrantwadi,1,Polarizing experiences
https://www.zomato.com/pune/wah-punjab-magarpatta,0,Premium dining
https://www.zomato.com/pune/aabachi-thali-sadashiv-peth,0,Premium dining
https://www.zomato.com/pune/chutneys-dhole-patil-road,0,Premium dining
https://www.zomato.com/pune/wilderness-khadki,0,Premium dining
https://www.zomato.com/pune/navaratana-veg-satara-road,0,Premium dining
https://www.zomato.com/pune/between-your-buns-salunkhe-vihar-road,0,Premium dining
https://www.zomato.com/pune/super-heroes-cafe-aundh,0,Premium dining
https://www.zomato.com/pune/zamus-place-dhole-patil-road,2,High-volume crowd favorites
https://www.zomato.com/pune/sudamas-misal-house-sinhgad-road,0,Premium dining
https://www.zomato.com/pune/house-of-thalis-baner,0,Premium dining
https://www.zomato.com/pune/charus-model-colony,0,Premium dining
https://www.zomato.com/pune/m-the-world-cuisine-restaurant-magarpatta,2,High-volume crowd favorites
https://www.zomato.com/pune/green-sampan-wanowrie,0,Premium dining
https://www.zomato.com/pune/eat-o-keto-baner,0,Premium dining
https://www.zomato.com/pune/hotel-students-choice-1-ravet,0,Premium dining
https://www.zomato.com/pune/vandaag-vivanta-pune-hinjawadi,2,High-volume crowd favorites
https://www.zomato.com/pune/the-dusk-viman-nagar,2,High-volume crowd favorites
https://www.zomato.com/pune/hotel-tittos-wagholi,0,Premium dining
https://www.zomato.com/pune/check-in-punjab-pimple-saudagar,0,Premium dining
https://www.zomato.com/pune/shetkari-nonveg-sinhgad-road,0,Premium dining
https://www.zomato.com/pune/smoke-n-stuff-kondhwa,3,Low-volume neighborhood venues
https://www.zomato.com/pune/tiranga-pimpri,0,Premium dining
https://www.zomato.com/pune/mahabaleshwar-berry-bash-fc-road,0,Premium dining
https://www.zomato.com/pune/cafe-durga-1-kothrud,0,Premium dining
https://www.zomato.com/pune/girija-sadashiv-peth,0,Premium dining
https://www.zomato.com/pune/city-burger-kharadi,3,Low-volume neighborhood venues
https://www.zomato.com/pune/spice-garden-family-resto-bar-bibvewadi,0,Premium dining
https://www.zomato.com/pune/rassasy-food-truck-wakad,0,Premium dining
https://www.zomato.com/pune/northern-heart-wagholi,3,Low-volume neighborhood venues
https://www.zomato.com/pune/house-of-thali-baner,0,Premium dining
https://www.zomato.com/pune/khichdi-flavours-wakad,0,Premium dining
https://www.zomato.com/pune/darjeeling-momos-aundh,0,Premium dining
https://www.zomato.com/pune/golden-dragon-chinese-and-snack-center-pashan,3,Low-volume neighborhood venues
https://www.zomato.com/pune/sezwan-chinese-sinhgad-road,1,Polarizing experiences
https://www.zomato.com/pune/joshi-wadewale-baner,3,Low-volume neighborhood venues
https://www.zomato.com/pune/basilico-1-wadgaon-sheri,3,Low-volume neighborhood venues
https://www.zomato.com/pune/ocean-grill-restaurant-narhe,0,Premium dining
https://www.zomato.com/pune/biryani-com-dange-chowk,3,Low-volume neighborhood venues
https://www.zomato.com/pune/mauli-misal-naad-nashikcha-aundh,1,Polarizing experiences
https://www.zomato.com/pune/pop-tates-1-shivaji-nagar,3,Low-volume neighborhood venues
https://www.zomato.com/pune/blessed-bites-pimple-saudagar,3,Low-volume neighborhood venues
https://www.zomato.com/pune/the-k-cafe-wakad,3,Low-volume neighborhood venues
https://www.zomato.com/pune/hotel-shivraj-mundhwa,3,Low-volume neighborhood venues
https://www.zomato.com/pune/b-y-o-b-resto-lounge-kharadi,3,Low-volume neighborhood venues
https://www.zomato.com/pune/kabila-sus,2,High-volume crowd favorites
https://www.zomato.com/pune/cafe-crunchiz-erandwane,1,Polarizing experiences
https://www.zomato.com/pune/r-k-caterers-biryaniwale-akurdi,0,Premium dining
https://www.zomato.com/pune/cake-lounge-kalyani-nagar,0,Premium dining
https://www.zomato.com/pune/tqd-instabowl-hinjawadi,1,Polarizing experiences
https://www.zomato.com/pune/tub-the-unlimited-bar-baner,2,High-volume crowd favorites
https://www.zomato.com/pune/skadoosh-kharadi,0,Premium dining
https://www.zomato.com/pune/austin-40-cafehouse-deccan-gymkhana,0,Premium dining
https://www.zomato.com/pune/khandeshi-darbar-baner,1,Polarizing experiences
https://www.zomato.com/pune/cafe-cremyday-narhe,1,Polarizing experiences
https://www.zomato.com/pune/masala-mantra-sinhgad-road,0,Premium dining
https://www.zomato.com/pune/7-seas-wine-n-dine-baner,2,High-volume crowd favorites
https://www.zomato.com/pune/cloud-9-bhosari,2,High-volume crowd favorites
https://www.zomato.com/pune/delhi-kitchen-aundh,2,High-volume crowd favorites
https://www.zomato.com/pune/baramati-thali-camp-area,0,Premium dining
https://www.zomato.com/pune/khandesh-express-kothrud,0,Premium dining
https://www.zomato.com/pune/punjabi-dhaaba-viman-nagar,0,Premium dining
https://www.zomato.com/pune/the-lobby-@-sheraton-cafe-bund-garden,0,Premium dining
https://www.zomato.com/pune/tryluck-restaurant-mg-road,3,Low-volume neighborhood venues
https://www.zomato.com/pune/barbeque-town-kondhwa,0,Premium dining
https://www.zomato.com/pune/dilli-chaatt-darbar-salunkhe-vihar-road,1,Polarizing experiences
https://www.zomato.com/pune/the-dark-kitchen-bhosari,3,Low-volume neighborhood venues
https://www.zomato.com/pune/the-chinese-wok-hinjawadi,0,Premium dining
https://www.zomato.com/pune/south-east-cafe-koregaon-park,3,Low-volume neighborhood venues
https://www.zomato.com/burgertron-2-food-truck,0,Premium dining
https://www.zomato.com/pune/grand-dilli-darbar-camp-area,3,Low-volume neighborhood venues
https://www.zomato.com/pune/dajincha-dhaba-nigdi,0,Premium dining
https://www.zomato.com/pune/the-new-maharaja-executive-pimple-gurav,0,Premium dining
https://www.zomato.com/pune/new-afghan-zaika-restaurant-kondhwa,1,Polarizing experiences
https://www.zomato.com/pune/jungleeee-cafe-kothrud,3,Low-volume neighborhood venues
https://www.zomato.com/pune/creaminal-treats-balewadi,0,Premium dining
https://www.zomato.com/pune/king-of-desserts-kod-deccan-gymkhana,0,Premium dining
https://www.zomato.com/pune/kanchan-veg-pune-solapur-road,0,Premium dining
https://www.zomato.com/pune/the-food-gym-balewadi,3,Low-volume neighborhood venues
https://www.zomato.com/pune/blue-parrot-1-baner,2,High-volume crowd favorites
https://www.zomato.com/pune/coldpan-viman-nagar,0,Premium dining
https://www.zomato.com/pune/new-poona-bakery-wakad,0,Premium dining
https://www.zomato.com/pune/kapila-kathi-kebab-dhole-patil-road,0,Premium dining
https://www.zomato.com/pune/khandesh-junction-sadashiv-peth,0,Premium dining
https://www.zomato.com/pune/omg-burgers-lohegaon,0,Premium dining
https://www.zomato.com/pune/bhaskar-momos-and-chicken-shawarma-bavdhan,3,Low-volume neighborhood venues
https://www.zomato.com/pune/dilbahar-hotel-wagholi,1,Polarizing experiences
https://www.zomato.com/pune/hotel-shivshahi-akurdi,3,Low-volume neighborhood venues
https://www.zomato.com/pune/testy-roll-house-balewadi,3,Low-volume neighborhood venues
https://www.zomato.com/pune/desi-spices-hadapsar,3,Low-volume neighborhood venues
https://www.zomato.com/pune/sams-kitchen-2-hadapsar,3,Low-volume neighborhood venues
https://www.zomato.com/pune/hotel-al-madeena-viman-nagar,3,Low-volume neighborhood venues
https://www.zomato.com/pune/abhinus-biryani-kebabs-kharadi,0,Premium dining
https://www.zomato.com/pune/kgn-xprs-1-pimple-saudagar,1,Polarizing experiences
https://www.zomato.com/pune/krushnai-garden-resto-bar-bibvewadi,0,Premium dining
https://www.zomato.com/pune/cafe-season-hadapsar,0,Premium dining
https://www.zomato.com/pune/k9-the-coast-line-pimple-saudagar,2,High-volume crowd favorites
https://www.zomato.com/pune/nanumal-bhojraj-mg-road,1,Polarizing experiences
https://www.zomato.com/pune/burooj-biryani-kababs-pimple-gurav,3,Low-volume neighborhood venues
https://www.zomato.com/pune/sodhi-naan-house-kondhwa,0,Premium dining
https://www.zomato.com/pune/shawarma-junction-kharadi,0,Premium dining
https://www.zomato.com/pune/aamrai-kitchen-sinhgad-road,0,Premium dining
https://www.zomato.com/pune/hot-momos-and-burger-viman-nagar,0,Premium dining
https://www.zomato.com/pune/zakaas-misal-express-satara-road,0,Premium dining
https://www.zomato.com/pune/hookah-lounge-lonavala,1,Polarizing experiences
https://www.zomato.com/pune/hyderabad-dum-biryani-hinjawadi,0,Premium dining
https://www.zomato.com/pune/shree-baba-ramdev-thal-nigdi,0,Premium dining
https://www.zomato.com/pune/all-time-restaurant-bar-lonavala,3,Low-volume neighborhood venues
https://www.zomato.com/pune/hotel-swagat-family-restaurant-katraj,0,Premium dining
https://www.zomato.com/pune/kohinoor-restaurant-camp-area,0,Premium dining
https://www.zomato.com/pune/chai-salunkhe-vihar-road,0,Premium dining
https://www.zomato.com/pune/eden-court-restaurant-bar-model-colony,0,Premium dining
https://www.zomato.com/pune/garden-bar-bibvewadi,3,Low-volume neighborhood venues
https://www.zomato.com/pune/delhi-chaap-express-1-viman-nagar,0,Premium dining
https://www.zomato.com/pune/sahil-dhole-patil-road,0,Premium dining
https://www.zomato.com/pune/vedant-pure-veg-satara-road,0,Premium dining
https://www.zomato.com/pune/vishal-chocolate-toast-sandwich-bibvewadi,0,Premium dining
https://www.zomato.com/pune/chinese-room-east-street,2,High-volume crowd favorites
https://www.zomato.com/ldorado-food-truck,0,Premium dining
https://www.zomato.com/pune/icekraft-fc-road,0,Premium dining
https://www.zomato.com/pune/mamata-dining-hall-karve-nagar,1,Polarizing experiences
https://www.zomato.com/pune/aditi-hotel-hinjawadi,3,Low-volume neighborhood venues
https://www.zomato.com/pune/waah-pune-kharadi,0,Premium dining
https://www.zomato.com/pune/crunchy-cheezy-cafe-hadapsar,3,Low-volume neighborhood venues
https://www.zomato.com/pune/chulah-chul-mutton-pimple-saudagar,1,Polarizing experiences
https://www.zomato.com/pune/jaishankar-pani-puriwala-camp-area,0,Premium dining
https://www.zomato.com/pune/hotel-chetak-biryani-house-fatima-nagar,3,Low-volume neighborhood venues
https://www.zomato.com/pune/spice-mouth-viman-nagar,3,Low-volume neighborhood venues
https://www.zomato.com/pune/shraddha-food-corner-hinjawadi,0,Premium dining
https://www.zomato.com/pune/joshi-sweets-erandwane,3,Low-volume neighborhood venues
https://www.zomato.com/pune/shree-bedis-paratha-house-katraj,3,Low-volume neighborhood venues
https://www.zomato.com/pune/surya-fast-food-nigdi,0,Premium dining
https://www.zomato.com/pune/hotel-fish-land-narhe,1,Polarizing experiences
https://www.zomato.com/pune/madras-coffee-house-dhole-patil-road,0,Premium dining
https://www.zomato.com/pune/indori-sarafa-hinjawadi,3,Low-volume neighborhood venues
https://www.zomato.com/pune/tarai-snack-center-narhe,3,Low-volume neighborhood venues
https://www.zomato.com/pune/the-rolls-cafe-narhe,3,Low-volume neighborhood venues
https://www.zomato.com/pune/tokyo-bakery-baner,3,Low-volume neighborhood venues
https://www.zomato.com/pune/ice-cream-factory-mg-road,0,Premium dining
https://www.zomato.com/pune/signature-family-resto-bar-baner,1,Polarizing experiences
https://www.zomato.com/pune/le-bano-wakad,0,Premium dining
https://www.zomato.com/pune/tapkir-misal-house-pashan,3,Low-volume neighborhood venues
https://www.zomato.com/pune/shree-sainath-corner-dhole-patil-road,3,Low-volume neighborhood venues
https://www.zomato.com/pune/burger-katta-pimple-saudagar,0,Premium dining
https://www.zomato.com/pune/drunken-monkey-magarpatta,0,Premium dining
https://www.zomato.com/pune/shri-swami-samartha-pure-veg-kothrud,0,Premium dining
https://www.zomato.com/pune/raje-chinese-restaurant-camp-area,1,Polarizing experiences
https://www.zomato.com/pune/rahat-biryani-house-warje,3,Low-volume neighborhood venues
https://www.zomato.com/pune/arihant-hotel-dange-chowk,0,Premium dining
https://www.zomato.com/pune/punjabi-chef-mundhwa,0,Premium dining
https://www.zomato.com/pune/archana-family-garden-restaurant-pimple-gurav,0,Premium dining
https://www.zomato.com/pune/husseny-bakery-camp-area,3,Low-volume neighborhood venues
https://www.zomato.com/pune/merlins-bar-the-orchid-hotel-balewadi,2,High-volume crowd favorites
https://www.zomato.com/pune/chicken-xperience-by-venkys-pimple-saudagar,1,Polarizing experiences
https://www.zomato.com/pune/hotel-bhola-chinchwad,0,Premium dining
https://www.zomato.com/pune/durga-bhuvan-budhwar-peth,0,Premium dining
https://www.zomato.com/pune/thomson-restaurant-pimple-gurav,0,Premium dining
https://www.zomato.com/pune/akurdi-manna-dosa-magic-nigdi,0,Premium dining
https://www.zomato.com/pune/atlantis-bar-grill-banquet-wanowrie,2,High-volume crowd favorites
https://www.zomato.com/pune/yashs-kitchen-hinjawadi,3,Low-volume neighborhood venues
https://www.zomato.com/pune/babu-khan-caterers-biryani-bt-kawade-road,3,Low-volume neighborhood venues
https://www.zomato.com/pune/chettinad-box-aundh,3,Low-volume neighborhood venues
https://www.zomato.com/pune/big-daddys-kondhwa,0,Premium dining
https://www.zomato.com/pune/backstage-kharadi,3,Low-volume neighborhood venues
https://www.zomato.com/pune/shree-mahesh-lunch-home-nigdi,3,Low-volume neighborhood venues
https://www.zomato.com/pune/bengali-sweets-and-foods-magarpatta,1,Polarizing experiences
https://www.zomato.com/pune/dalchini-kothrud,2,High-volume crowd favorites
https://www.zomato.com/pune/saoji-thath-lohegaon,3,Low-volume neighborhood venues
https://www.zomato.com/pune/lai-bhari-kolhapuri-akurdi,0,Premium dining
https://www.zomato.com/pune/dino-and-duggys-viman-nagar,2,High-volume crowd favorites
https://www.zomato.com/pune/wow-world-of-wings-koregaon-park,3,Low-volume neighborhood venues
https://www.zomato.com/pune/playoffs-sport-lounge-viman-nagar,2,High-volume crowd favorites
https://www.zomato.com/pune/cafe-table-talk-shivaji-nagar,0,Premium dining
https://www.zomato.com/pune/so-what-cafe-narhe,0,Premium dining
https://www.zomato.com/pune/mubarak-caterers-biryani-house-hadapsar,1,Polarizing experiences
https://www.zomato.com/pune/diamond-biryani-kharadi,3,Low-volume neighborhood venues
https://www.zomato.com/pune/diet-delicious-kothrud,0,Premium dining
https://www.zomato.com/pune/regal-veg-hadapsar,3,Low-volume neighborhood venues
https://www.zomato.com/pune/chai-point-1-magarpatta,1,Polarizing experiences
https://www.zomato.com/pune/naughty-angel-cafe-koregaon-park,0,Premium dining
https://www.zomato.com/pune/garma-garam-pure-veg-wagholi,0,Premium dining
https://www.zomato.com/pune/sushas-cafe-1-karve-nagar,0,Premium dining
https://www.zomato.com/pune/fish-curry-malvani-kondhwa,1,Polarizing experiences
https://www.zomato.com/pune/lekker-chow-kharadi,0,Premium dining
https://www.zomato.com/pune/jadhav-wadewale-katraj,1,Polarizing experiences
https://www.zomato.com/pune/hotel-nine-dennu-mundhwa,3,Low-volume neighborhood venues
https://www.zomato.com/pune/country-roads-cafe-wanowrie,2,High-volume crowd favorites
https://www.zomato.com/pune/hotel-marathwada-wagholi,3,Low-volume neighborhood venues
https://www.zomato.com/pune/parathawali-gali-baner,3,Low-volume neighborhood venues
https://www.zomato.com/pune/burger-69-more-viman-nagar,3,Low-volume neighborhood venues
https://www.zomato.com/pune/chakrapani-bhel-and-tea-kharadi,3,Low-volume neighborhood venues
https://www.zomato.com/pune/wafflenation-model-colony,0,Premium dining
https://www.zomato.com/pune/cafe-nine-spinecity-bhosari,3,Low-volume neighborhood venues
https://www.zomato.com/pune/the-royal-hotel-pure-veg-narhe,1,Polarizing experiences
https://www.zomato.com/pune/ajs-kitchen-wanowrie,3,Low-volume neighborhood venues
https://www.zomato.com/pune/burger-09-wadgaon-sheri,0,Premium dining
https://www.zomato.com/pune/punjabi-paratha-junction-akurdi,3,Low-volume neighborhood venues
https://www.zomato.com/pune/southin-cafe-kharadi,0,Premium dining
https://www.zomato.com/pune/hotel-shivar-sinhgad-road,3,Low-volume neighborhood venues
https://www.zomato.com/pune/biryani-point-hinjawadi,1,Polarizing experiences
https://www.zomato.com/pune/chai-ke-diwane-aundh,1,Polarizing experiences
https://www.zomato.com/pune/al-saba-mac-mino-way-kondhwa,0,Premium dining
https://www.zomato.com/pune/sindh-xprss-wanowrie,3,Low-volume neighborhood venues
https://www.zomato.com/pune/kebab-and-company-baner,0,Premium dining
https://www.zomato.com/pune/cafe-farm-house-salunkhe-vihar-road,0,Premium dining
https://www.zomato.com/pune/two-doors-kondhwa,0,Premium dining
https://www.zomato.com/pune/biryani-house-kharadi,0,Premium dining
https://www.zomato.com/pune/reddys-magarpatta,1,Polarizing experiences
https://www.zomato.com/pune/miya-murg-model-colony,0,Premium dining
https://www.zomato.com/pune/hotel-maitri-and-kerala-biryani-house-nigdi,3,Low-volume neighborhood venues
https://www.zomato.com/pune/jacarendaa-kalyani-nagar,3,Low-volume neighborhood venues
https://www.zomato.com/pune/angoor-family-restaurant-hadapsar,0,Premium dining
https://www.zomato.com/pune/murli-pure-veg-sinhgad-road,1,Polarizing experiences
https://www.zomato.com/pune/salt--hinjawadi,2,High-volume crowd favorites
https://www.zomato.com/pune/grahak-dinning-pimple-gurav,0,Premium dining
https://www.zomato.com/pune/r-adda-shivaji-nagar,2,High-volume crowd favorites
https://www.zomato.com/pune/lucknowi-laziz-sus,1,Polarizing experiences
https://www.zomato.com/pune/maha-khavaiyye-wakad,0,Premium dining
https://www.zomato.com/pune/villa-casa-pimple-gurav,2,High-volume crowd favorites
https://www.zomato.com/pune/radha-krushna-katraj,0,Premium dining
https://www.zomato.com/pune/bakers-basket-aundh,0,Premium dining
https://www.zomato.com/pune/jagaat-bhaari-kolhapuri-satara-road,0,Premium dining
https://www.zomato.com/pune/sufis-wanowrie,0,Premium dining
https://www.zomato.com/pune/agatya-restaurant-budhwar-peth,0,Premium dining
https://www.zomato.com/pune/pinxx-hotel-royal-orchid-central-kalyani-nagar,2,High-volume crowd favorites
https://www.zomato.com/pune/dakshin-pimpri,0,Premium dining
https://www.zomato.com/pune/kasturi-mastani-house-kothrud,1,Polarizing experiences
https://www.zomato.com/pune/thai-house-khadki,2,High-volume crowd favorites
https://www.zomato.com/pune/rupesh-misal-dehu-road,0,Premium dining
https://www.zomato.com/pune/grand-pavilion-grand-exotica-business-hotel-chinchwad,2,High-volume crowd favorites
https://www.zomato.com/pune/pizza-soup-sinhgad-road,1,Polarizing experiences
https://www.zomato.com/pune/talk-about-multi-cuisine-restaurant-bar-hinjawadi,1,Polarizing experiences
https://www.zomato.com/pune/khandeshi-zatka-1-pimple-gurav,1,Polarizing experiences
https://www.zomato.com/pune/sambar-xpress-hadapsar,1,Polarizing experiences
https://www.zomato.com/pune/the-square-novotel-viman-nagar,2,High-volume crowd favorites
https://www.zomato.com/pune/expresso-royle-akurdi,0,Premium dining
https://www.zomato.com/pune/annies-kitchen-sinhgad-road,0,Premium dining
https://www.zomato.com/pune/hotel-shipra-restaurant-bar-chinchwad,0,Premium dining
https://www.zomato.com/pune/krushnangan-pure-veg-pimple-nilakh,1,Polarizing experiences
https://www.zomato.com/pune/namma-kitchen-1-baner,1,Polarizing experiences
https://www.zomato.com/pune/vishal-chinese-food-chinchwad,0,Premium dining
https://www.zomato.com/pune/mfc-restaurants-kothrud,0,Premium dining
https://www.zomato.com/pune/burger-story-wakad,0,Premium dining
https://www.zomato.com/pune/hotel-malwani-solkadi-1-sadashiv-peth,0,Premium dining
https://www.zomato.com/pune/delhi-down-town-model-colony,0,Premium dining
https://www.zomato.com/pune/shahi-angare-nigdi,1,Polarizing experiences
https://www.zomato.com/pune/o-bhaiya-fc-road,0,Premium dining
https://www.zomato.com/pune/harshu-veg-fc-road,1,Polarizing experiences
https://www.zomato.com/pune/peshwa-fc-road,1,Polarizing experiences
https://www.zomato.com/pune/vintage-cafe-kondhwa,0,Premium dining
https://www.zomato.com/pune/yummy-pan-2-chinchwad,3,Low-volume neighborhood venues
https://www.zomato.com/pune/roll-point-dhankawadi,3,Low-volume neighborhood venues
https://www.zomato.com/pune/community-cafe-3-kothrud,0,Premium dining
https://www.zomato.com/pune/cafe-pizzerio-kothrud,0,Premium dining
https://www.zomato.com/pune/konkan-express-kothrud,0,Premium dining
https://www.zomato.com/pune/banjara-hills-bavdhan,1,Polarizing experiences
https://www.zomato.com/pune/jalsa-resto-and-bar-hadapsar,1,Polarizing experiences
https://www.zomato.com/pune/k-anna-maggie-point-koregaon-park,3,Low-volume neighborhood venues
https://www.zomato.com/pune/cafe-new-durga-katraj,3,Low-volume neighborhood venues
https://www.zomato.com/pune/shahi-punjab-pure-veg-hadapsar,3,Low-volume neighborhood venues
https://www.zomato.com/pune/big-burger-kharadi,0,Premium dining
https://www.zomato.com/pune/kolkata-darbar-wadgaon-sheri,0,Premium dining
https://www.zomato.com/pune/hotel-lijjat-wagholi,1,Polarizing experiences
https://www.zomato.com/pune/sparrow-rolls-rice-and-more-narhe,0,Premium dining
https://www.zomato.com/pune/avadhoot-restaurant-wakad,1,Polarizing experiences
https://www.zomato.com/pune/mr-roll-and-mrs-maggi-kothrud,3,Low-volume neighborhood venues
https://www.zomato.com/pune/ahare-bahare-authentic-bengali-cuisine-wakad,3,Low-volume neighborhood venues
https://www.zomato.com/pune/mh-spice-wagholi,3,Low-volume neighborhood venues
https://www.zomato.com/pune/the-hidden-kitchen-1-hinjawadi,0,Premium dining
https://www.zomato.com/pune/masala-wok-wakad,0,Premium dining
https://www.zomato.com/pune/kiraaak-kharadi,0,Premium dining
https://www.zomato.com/pune/frangipani-oxford-golf-resort-lavale,0,Premium dining
https://www.zomato.com/pune/govinda-deccan-veg-deccan-gymkhana,0,Premium dining
https://www.zomato.com/pune/chachokha-cafe-yerawada,3,Low-volume neighborhood venues
https://www.zomato.com/pune/rich-belgian-waffle-pimple-gurav,3,Low-volume neighborhood venues
https://www.zomato.com/pune/punjabi-spice-wagholi,0,Premium dining
https://www.zomato.com/pune/shreeman-1-kothrud,0,Premium dining
https://www.zomato.com/pune/sree-sai-south-indian-dosa-center-pimpri,3,Low-volume neighborhood venues
https://www.zomato.com/pune/yaara-di-haaveli-dange-chowk,2,High-volume crowd favorites
https://www.zomato.com/pune/chinese-katta-1-katraj,3,Low-volume neighborhood venues
https://www.zomato.com/pune/club-cheese-jm-road,3,Low-volume neighborhood venues
https://www.zomato.com/pune/gandharv-pure-veg-ravet,3,Low-volume neighborhood venues
https://www.zomato.com/pune/open-house-kkitchen-ravet,3,Low-volume neighborhood venues
https://www.zomato.com/pune/chinese-delight-kothrud,3,Low-volume neighborhood venues
https://www.zomato.com/pune/kheema-king-nigdi,0,Premium dining
https://www.zomato.com/pune/desiano-shivaji-nagar,0,Premium dining
https://www.zomato.com/pune/selfieccino-aundh,0,Premium dining
https://www.zomato.com/pune/new-royal-chinese-aundh,1,Polarizing experiences
https://www.zomato.com/pune/healthy-tadka-erandwane,0,Premium dining
https://www.zomato.com/pune/woods-villa-family-restaurant-erandwane,0,Premium dining
https://www.zomato.com/pune/box-singh-viman-nagar,1,Polarizing experiences
https://www.zomato.com/pune/spice-it-hotel-ibis-hinjawadi,2,High-volume crowd favorites
https://www.zomato.com/pune/zakkas-1-hinjawadi,0,Premium dining
https://www.zomato.com/pune/cabaret-baner,2,High-volume crowd favorites
https://www.zomato.com/pune/gangotree-akurdi,0,Premium dining
https://www.zomato.com/pune/jain-home-foods-dhankawadi,1,Polarizing experiences
https://www.zomato.com/pune/navmi-pure-veg-chinchwad,0,Premium dining
https://www.zomato.com/pune/gokhle-mala-bhosari,0,Premium dining
https://www.zomato.com/pune/shreeji-naan-and-paratha-akurdi,2,High-volume crowd favorites
https://www.zomato.com/pune/radha-krishna-pimple-saudagar,1,Polarizing experiences
https://www.zomato.com/pune/the-munch-box-kharadi,0,Premium dining
https://www.zomato.com/pune/green9-restaurant-wagholi,2,High-volume crowd favorites
https://www.zomato.com/pune/sanman-family-restaurant-karve-nagar,0,Premium dining
https://www.zomato.com/pune/china-hut-kothrud,1,Polarizing experiences
https://www.zomato.com/pune/fine-bakers-nigdi,0,Premium dining
https://www.zomato.com/pune/krishna-dining-law-college-road,0,Premium dining
https://www.zomato.com/pune/mulaqaat-lonavala,0,Premium dining
https://www.zomato.com/pune/golden-rock-chinchwad,0,Premium dining
https://www.zomato.com/pune/cafe-bay-leaf-holiday-inn-pune-hinjawadi-hinjawadi,2,High-volume crowd favorites
https://www.zomato.com/pune/shiv-sagar-1-aundh,1,Polarizing experiences
https://www.zomato.com/pune/coconut-grove-resto-bar-camp-area,2,High-volume crowd favorites
https://www.zomato.com/pune/bliss-bakery-cafe-salunkhe-vihar-road,0,Premium dining
https://www.zomato.com/pune/khalsa-dairy-viman-nagar,0,Premium dining
https://www.zomato.com/pune/swad-kitchen-nigdi,0,Premium dining
https://www.zomato.com/pune/vasu-vada-pav-chinchwad,0,Premium dining
https://www.zomato.com/pune/casserole-pimple-gurav,3,Low-volume neighborhood venues
https://www.zomato.com/pune/shanmukha-hinjawadi,3,Low-volume neighborhood venues
https://www.zomato.com/pune/shraddha-restaurant-karve-nagar,1,Polarizing experiences
https://www.zomato.com/pune/chinjabi-bavdhan,0,Premium dining
https://www.zomato.com/pune/gabroo-da-dhaba-baner,3,Low-volume neighborhood venues
https://www.zomato.com/pune/giani-ice-cream-dhanori,3,Low-volume neighborhood venues
https://www.zomato.com/pune/mountain-high-wanowrie,2,High-volume crowd favorites
https://www.zomato.com/pune/chops-n-hops-viman-nagar,0,Premium dining
https://www.zomato.com/pune/the-bengal-kitchen-pimple-saudagar,0,Premium dining
https://www.zomato.com/pune/yaron-da-adda-wakad,0,Premium dining
https://www.zomato.com/pune/kulhad-1-wakad,0,Premium dining
https://www.zomato.com/pune/flavours-street-bibvewadi,0,Premium dining
https://www.zomato.com/pune/beach-town-cafe-pashan,3,Low-volume neighborhood venues
https://www.zomato.com/soultedstories,2,High-volume crowd favorites
https://www.zomato.com/pune/the-eye-club-resto-lounge-bar-hotel-hindusthan-international-viman-nagar,2,High-volume crowd favorites
https://www.zomato.com/pune/pune-cocktail-bar-senapati-bapat-road,2,High-volume crowd favorites
https://www.zomato.com/pune/orbit-kothrud,2,High-volume crowd favorites
https://www.zomato.com/pune/vitthal-restaurant-aundh,0,Premium dining
https://www.zomato.com/pune/bubsterrs-kalyani-nagar,2,High-volume crowd favorites
https://www.zomato.com/pune/ahling-dhole-patil-road,0,Premium dining
https://www.zomato.com/pune/cafe-brava-aundh,3,Low-volume neighborhood venues
https://www.zomato.com/pune/millhouse-cafe-bistro-shivaji-nagar,2,High-volume crowd favorites
https://www.zomato.com/pune/smokin-joes-kothrud,1,Polarizing experiences
https://www.zomato.com/pune/hotel-crystal-hut-pimple-saudagar,2,High-volume crowd favorites
https://www.zomato.com/pune/aabacha-dhaba-sadashiv-peth,0,Premium dining
https://www.zomato.com/pune/twisted-samocha-pimple-saudagar,3,Low-volume neighborhood venues
https://www.zomato.com/pune/dacoit-and-sepoy-kharadi,3,Low-volume neighborhood venues
https://www.zomato.com/pune/the-empire-cafe-katraj,1,Polarizing experiences
https://www.zomato.com/pune/shiv-shambho-vadapav-corner-kondhwa,3,Low-volume neighborhood venues
https://www.zomato.com/pune/cafe-social-beans-kharadi,3,Low-volume neighborhood venues
https://www.zomato.com/pune/gappa-goshti-wakad,0,Premium dining
https://www.zomato.com/pune/tha-arya-kitchen-aundh,0,Premium dining
https://www.zomato.com/pune/mr-chopsticks-baner,1,Polarizing experiences
https://www.zomato.com/pune/gravity-shakes-lohegaon,3,Low-volume neighborhood venues
https://www.zomato.com/pune/malhar-chinese-and-fast-food-satara-road,3,Low-volume neighborhood venues
https://www.zomato.com/pune/haripriya-restaurant-hadapsar,3,Low-volume neighborhood venues
https://www.zomato.com/pune/city-burger-and-more-rasta-peth,1,Polarizing experiences
https://www.zomato.com/pune/kamat-pure-veg-wagholi,1,Polarizing experiences
https://www.zomato.com/pune/hari-om-juice-bar-1-kothrud,3,Low-volume neighborhood venues
https://www.zomato.com/pune/kns-3-pimple-gurav,0,Premium dining
https://www.zomato.com/pune/eaters-cafe-wagholi,3,Low-volume neighborhood venues
https://www.zomato.com/pune/hotel-mankari-hadapsar,1,Polarizing experiences
https://www.zomato.com/pune/naivedyam-pure-veg-kharadi,1,Polarizing experiences
https://www.zomato.com/pune/chilled-affair-aundh,3,Low-volume neighborhood venues
https://www.zomato.com/pune/a1-express-akurdi,3,Low-volume neighborhood venues
https://www.zomato.com/pune/pot-de-fusion-hinjawadi,0,Premium dining
https://www.zomato.com/pune/zero-gravity-bar-n-kitchen-pimple-saudagar,2,High-volume crowd favorites
https://www.zomato.com/pune/shreyan-shukrawar-peth,1,Polarizing experiences
https://www.zomato.com/pune/darkness-fantasy-nibm-road,1,Polarizing experiences
https://www.zomato.com/pune/khalsa-veg-baner,0,Premium dining
https://www.zomato.com/pune/fannito-pizza-pimple-saudagar,1,Polarizing experiences
https://www.zomato.com/pune/k-9-yummy-momos-centre-koregaon-park,1,Polarizing experiences
https://www.zomato.com/pune/potoba-2-karve-nagar,0,Premium dining
https://www.zomato.com/pune/hotel-samudra-kinara-narhe,0,Premium dining
https://www.zomato.com/pune/engineers-chai-katraj,0,Premium dining
https://www.zomato.com/pune/truly-fresh-magarpatta,1,Polarizing experiences
https://www.zomato.com/pune/cad-m-cad-b-1-fc-road,1,Polarizing experiences
https://www.zomato.com/pune/ruchi-snacks-centre-karve-nagar,0,Premium dining
https://www.zomato.com/pune/aahaar-veg-court-bhosari,1,Polarizing experiences
https://www.zomato.com/pune/navmi-veg-nonveg-chinchwad,1,Polarizing experiences
https://www.zomato.com/jw-marriott-food-truck-food-truck,0,Premium dining
https://www.zomato.com/pune/himalay-momos-viman-nagar,0,Premium dining
https://www.zomato.com/pune/the-cake-factory-vishrantwadi,0,Premium dining
https://www.zomato.com/pune/pizzarella-nibm-road,0,Premium dining
https://www.zomato.com/pune/the-chilika-restaurant-kalyani-nagar,0,Premium dining
https://www.zomato.com/pune/late-nite-bite-katraj,0,Premium dining
https://www.zomato.com/pune/umber-karve-nagar,0,Premium dining
https://www.zomato.com/pune/spice-nation-hinjawadi,2,High-volume crowd favorites
https://www.zomato.com/pune/hotel-neha-wadgaon-sheri,1,Polarizing experiences
https://www.zomato.com/pune/sudama-bar-restaurant-shivaji-nagar,0,Premium dining
https://www.zomato.com/pune/cafe-coffee-hutt-wakad,0,Premium dining
https://www.zomato.com/pune/group-four-kolhapuri-katraj,0,Premium dining
https://www.zomato.com/pune/zanzibar-the-central-park-hotel-bund-garden,2,High-volume crowd favorites
https://www.zomato.com/pune/lesarah-wadgaon-sheri,0,Premium dining
https://www.zomato.com/pune/terrazzo-old-mumbai-pune-highway,2,High-volume crowd favorites
https://www.zomato.com/pune/the-taste-wagholi,0,Premium dining
https://www.zomato.com/pune/rajwada-baner-road,1,Polarizing experiences
https://www.zomato.com/pune/vickis-nibm-road,0,Premium dining
https://www.zomato.com/pune/expresso-royle-ravet,0,Premium dining
https://www.zomato.com/pune/roll-point-sadashiv-peth,3,Low-volume neighborhood venues
https://www.zomato.com/pune/jalebi-junction-1-baner,0,Premium dining
https://www.zomato.com/pune/mughal-rasoi-kondhwa,1,Polarizing experiences
https://www.zomato.com/pune/tiffin-box-hadapsar,3,Low-volume neighborhood venues
https://www.zomato.com/pune/oya-kekars-1-pimple-saudagar,3,Low-volume neighborhood venues
https://www.zomato.com/pune/myfroyoland-koregaon-park,0,Premium dining
https://www.zomato.com/pune/sidheshwar-foods-hadapsar,0,Premium dining
https://www.zomato.com/pune/chandralok-karve-nagar,2,High-volume crowd favorites
https://www.zomato.com/pune/utopia-lonavala,2,High-volume crowd favorites
https://www.zomato.com/pune/new-naaz-biryani-2-kharadi,3,Low-volume neighborhood venues
https://www.zomato.com/pune/zaika-spice-cream-fc-road,0,Premium dining
https://www.zomato.com/pune/the-burger-cafe-pimple-saudagar,1,Polarizing experiences
https://www.zomato.com/pune/gayatri-bhel-pimple-gurav,0,Premium dining
https://www.zomato.com/pune/top-in-town-deccan-gymkhana,0,Premium dining
https://www.zomato.com/pune/aangan-veg-restaurant-katraj,0,Premium dining
https://www.zomato.com/pune/suonmoi-dhole-patil-road,0,Premium dining
https://www.zomato.com/pune/eighty-eight-hyatt-pune-kalyani-nagar,2,High-volume crowd favorites
https://www.zomato.com/pune/super-burgers-koregaon-park,0,Premium dining
https://www.zomato.com/pune/new-uppala-viman-nagar,0,Premium dining
https://www.zomato.com/pune/the-bar-tales-bavdhan,2,High-volume crowd favorites
https://www.zomato.com/pune/spice-wave-senapati-bapat-road,0,Premium dining
https://www.zomato.com/pune/arctic-kalyani-nagar,0,Premium dining
https://www.zomato.com/pune/brota-kothrud,0,Premium dining
https://www.zomato.com/pune/perros-pizzeria-nibm-road,0,Premium dining
https://www.zomato.com/pune/dikhawa-dhaba-nibm-road,0,Premium dining
https://www.zomato.com/pune/shahi-swad-viman-nagar,3,Low-volume neighborhood venues
https://www.zomato.com/pune/khatta-meetha-kharadi,0,Premium dining
https://www.zomato.com/pune/om-sai-snacks-centre-bavdhan,1,Polarizing experiences
https://www.zomato.com/pune/ayesha-barkat-biryani-house-warje,1,Polarizing experiences
https://www.zomato.com/pune/cafe-love-bite-lohegaon,3,Low-volume neighborhood venues
https://www.zomato.com/pune/malvan-samudra-chinchwad,1,Polarizing experiences
https://www.zomato.com/pune/gs-treat-chinchwad,0,Premium dining
https://www.zomato.com/pune/vyankis-eating-co-baner,0,Premium dining
https://www.zomato.com/pune/delhi-chowk-viman-nagar,0,Premium dining
https://www.zomato.com/pune/chav-family-restaurant-veg-non-veg-shivaji-nagar,3,Low-volume neighborhood venues
https://www.zomato.com/pune/indian-spice-1-hadapsar,3,Low-volume neighborhood venues
https://www.zomato.com/pune/kelvin-77-ravet,3,Low-volume neighborhood venues
https://www.zomato.com/pune/manna-dosa-magic-1-wakad,3,Low-volume neighborhood venues
https://www.zomato.com/pune/akash-tiffin-centre-4-bavdhan,3,Low-volume neighborhood venues
https://www.zomato.com/pune/kalvan-veg-non-veg-kondhwa,3,Low-volume neighborhood venues
https://www.zomato.com/pune/hashtag-briyani-cafe-narhe,3,Low-volume neighborhood venues
https://www.zomato.com/pune/mukhtalif-wadgaon-sheri,3,Low-volume neighborhood venues
https://www.zomato.com/pune/hotel-new-swagat-khadki,1,Polarizing experiences
https://www.zomato.com/pune/café-chocolicious-1-pimpri,0,Premium dining
https://www.zomato.com/pune/hotel-kaveri-kharadi,3,Low-volume neighborhood venues
https://www.zomato.com/pune/jahas-biryani-hadapsar,0,Premium dining
https://www.zomato.com/pune/salad-men-wadgaon-sheri,0,Premium dining
https://www.zomato.com/pune/sai-kasturi-bhosari,1,Polarizing experiences
https://www.zomato.com/pune/the-eatery-cheese-kothrud,0,Premium dining
https://www.zomato.com/pune/china-xpress-magarpatta,0,Premium dining
https://www.zomato.com/pune/hotel-mhavra-bakra-sadashiv-peth,1,Polarizing experiences
https://www.zomato.com/pune/gangotri-pure-veg-katraj,0,Premium dining
https://www.zomato.com/pune/grub-shub-kothrud,0,Premium dining
https://www.zomato.com/pune/hotel-agathya-shivane,1,Polarizing experiences
https://www.zomato.com/pune/kolkata-darbar-nibm-road,0,Premium dining
https://www.zomato.com/pune/girija-veg-lohegaon,1,Polarizing experiences
https://www.zomato.com/pune/legacy-bar-bavdhan,2,High-volume crowd favorites
https://www.zomato.com/pune/biryani-king-kothrud,0,Premium dining
https://www.zomato.com/pune/hotel-poona-chinchwad,1,Polarizing experiences
https://www.zomato.com/pune/the-urban-chulah-viman-nagar,0,Premium dining
https://www.zomato.com/pune/rasana-snacks-sinhgad-road,3,Low-volume neighborhood venues
https://www.zomato.com/pune/the-chefs-way-cafe-khadki,0,Premium dining
https://www.zomato.com/pune/the-majestic-bar-resto-wakad,2,High-volume crowd favorites
https://www.zomato.com/pune/appetite-pimpri,3,Low-volume neighborhood venues
https://www.zomato.com/pune/23-east-mundhwa,0,Premium dining
https://www.zomato.com/pune/new-era-bakery-baner,0,Premium dining
https://www.zomato.com/pune/amul-restaurant-wakad,0,Premium dining
https://www.zomato.com/pune/rk-pure-veg-vishrantwadi,0,Premium dining
https://www.zomato.com/pune/hotel-ratna-pimpri,0,Premium dining
https://www.zomato.com/pune/swami-the-veg-heritage-erandwane,0,Premium dining
https://www.zomato.com/pune/sheetal-restaurant-satara-road,0,Premium dining
https://www.zomato.com/pune/jazz-pizza-nibm-road,0,Premium dining
https://www.zomato.com/pune/ghar-ka-khana-hinjawadi,0,Premium dining
https://www.zomato.com/pune/the-veg-kitchen-pimple-saudagar,0,Premium dining
https://www.zomato.com/pune/choice-only-veg-fatima-nagar,0,Premium dining
https://www.zomato.com/pune/modern-cafe-shivaji-nagar,0,Premium dining
https://www.zomato.com/pune/fountain-family-rest-o-bar-shivaji-nagar,0,Premium dining
https://www.zomato.com/pune/karachi-sweet-mart-kalyani-nagar,0,Premium dining
https://www.zomato.com/pune/mr-dumpu-delicious-aundh,0,Premium dining
https://www.zomato.com/pune/balaji-pure-veg-vasus-ravet,0,Premium dining
https://www.zomato.com/pune/spice-stories-kondhwa,0,Premium dining
https://www.zomato.com/pune/blockbuster-cafe-law-college-road,0,Premium dining
https://www.zomato.com/pune/taste-of-mughals-lohegaon,3,Low-volume neighborhood venues
https://www.zomato.com/pune/bakers-brown-viman-nagar,0,Premium dining
https://www.zomato.com/pune/diamond-biryani-camp-area,0,Premium dining
https://www.zomato.com/pune/naples-staples-hinjawadi,2,High-volume crowd favorites
https://www.zomato.com/pune/hotel-shivraj-old-mumbai-pune-highway,1,Polarizing experiences
https://www.zomato.com/pune/donut-magic-salunkhe-vihar-road,0,Premium dining
https://www.zomato.com/pune/stereo-kalyani-nagar,2,High-volume crowd favorites
https://www.zomato.com/pune/republic-of-noodles-lemon-tree-premier-bund-garden,0,Premium dining
https://www.zomato.com/pune/boulevard-the-orchid-hotel-balewadi,2,High-volume crowd favorites
https://www.zomato.com/pune/mayur-pav-bhaji-juice-bar-karve-nagar,0,Premium dining
https://www.zomato.com/pune/raanmala-sinhgad-road,0,Premium dining
https://www.zomato.com/pune/purple-wok-co-viman-nagar,0,Premium dining
https://www.zomato.com/pune/shaukeen-the-complete-paan-shop-2-erandwane,3,Low-volume neighborhood venues
https://www.zomato.com/pune/vyanjan-tilak-road,0,Premium dining
https://www.zomato.com/pune/aditya-foods-indian-bench-katraj,0,Premium dining
https://www.zomato.com/pune/hotel-surabhi-jm-road,0,Premium dining
https://www.zomato.com/pune/pasteur-bakery-mg-road,0,Premium dining
https://www.zomato.com/pune/shree-kala-snacks-centre-rasta-peth,0,Premium dining
https://www.zomato.com/pune/mr-veg-aundh,0,Premium dining
https://www.zomato.com/pune/waghere-yancha-ranmala-chinchwad,0,Premium dining
https://www.zomato.com/pune/pind-di-rasoi-hadapsar,3,Low-volume neighborhood venues
https://www.zomato.com/pune/juice-destination-aundh,0,Premium dining
https://www.zomato.com/pune/burger-57-wakad,0,Premium dining
https://www.zomato.com/pune/butter-chicken-factory-viman-nagar,0,Premium dining
https://www.zomato.com/pune/cream-california-fc-road,0,Premium dining
https://www.zomato.com/falahsrestaurant,3,Low-volume neighborhood venues
https://www.zomato.com/pune/assal-vidharbha-karve-nagar,3,Low-volume neighborhood venues
https://www.zomato.com/pune/alc-bar-bites-kothrud,2,High-volume crowd favorites
https://www.zomato.com/pune/hotel-rassa-handi-ravet,3,Low-volume neighborhood venues
https://www.zomato.com/pune/engineers-chinese-katraj,3,Low-volume neighborhood venues
https://www.zomato.com/pune/coffee-more-dhankawadi,0,Premium dining
https://www.zomato.com/pune/what-a-burger-baner,3,Low-volume neighborhood venues
https://www.zomato.com/pune/ambika-sandwich-sadashiv-peth,3,Low-volume neighborhood venues
https://www.zomato.com/pune/fit-fat-bistro-aundh,3,Low-volume neighborhood venues
https://www.zomato.com/pune/soy-so-chinese-viman-nagar,3,Low-volume neighborhood venues
https://www.zomato.com/pune/moshi-grrand-bhosari,1,Polarizing experiences
https://www.zomato.com/pune/kitchen-stories-lohegaon,3,Low-volume neighborhood venues
https://www.zomato.com/pune/bedis-naan-house-1-baner,1,Polarizing experiences
https://www.zomato.com/pune/shamiyana-veg-non-veg-katraj,1,Polarizing experiences
https://www.zomato.com/pune/rudra-family-restaurant-and-bar-hadapsar,3,Low-volume neighborhood venues
https://www.zomato.com/pune/mahesh-andra-mess-hinjawadi,3,Low-volume neighborhood venues
https://www.zomato.com/pune/cocktails-ice-cream-parlor-katraj,3,Low-volume neighborhood venues
https://www.zomato.com/pune/hotel-mansi-veg-warje,3,Low-volume neighborhood venues
https://www.zomato.com/pune/hotel-kasturi-sinhgad-road,3,Low-volume neighborhood venues
https://www.zomato.com/pune/casa-mia-biryani-kabab-handis-chinchwad,3,Low-volume neighborhood venues
https://www.zomato.com/pune/behesht-restaurant-and-cafe-kondhwa,3,Low-volume neighborhood venues
https://www.zomato.com/pune/raje-rajwadi-pure-veg-sinhgad-road,1,Polarizing experiences
https://www.zomato.com/pune/bowl-eat-up-model-colony,3,Low-volume neighborhood venues
https://www.zomato.com/pune/sampan-hotel-kondhwa,1,Polarizing experiences
https://www.zomato.com/pune/90-degree-resto-lounge-bhugaon,2,High-volume crowd favorites
https://www.zomato.com/pune/hotel-arab-zaika-viman-nagar,3,Low-volume neighborhood venues
https://www.zomato.com/pune/barbeque-celebration-hinjawadi,2,High-volume crowd favorites
https://www.zomato.com/pune/the-roasted-bean-1-koregaon-park,0,Premium dining
https://www.zomato.com/pune/kebab-nation-baner,0,Premium dining
https://www.zomato.com/pune/neha-snacks-katraj,0,Premium dining
https://www.zomato.com/pune/uttam-sweets-sinhgad-road,0,Premium dining
https://www.zomato.com/pune/raju-omlet-2-sinhgad-road,0,Premium dining
https://www.zomato.com/pune/paddys-burger-house-n-café-nigdi,0,Premium dining
https://www.zomato.com/pune/double-tea-cafe-kondhwa,3,Low-volume neighborhood venues
https://www.zomato.com/pune/cream-kitchen-swargate,0,Premium dining
https://www.zomato.com/pune/apricot-veg-1-wakad,0,Premium dining
https://www.zomato.com/pune/cream-centre-baner,2,High-volume crowd favorites
https://www.zomato.com/pune/cafe-cilantro-4-chinchwad,0,Premium dining
https://www.zomato.com/pune/pocket-cafe-akurdi,3,Low-volume neighborhood venues
https://www.zomato.com/pune/pune-baking-company-senapati-bapat-road,0,Premium dining
https://www.zomato.com/pune/tabbus-hinjawadi,0,Premium dining
https://www.zomato.com/pune/laxmi-narayan-kothrud,0,Premium dining
https://www.zomato.com/pune/j-j-biryanis-fast-foods-dhankawadi,0,Premium dining
https://www.zomato.com/pune/has-south-bombay-viman-nagar,0,Premium dining
https://www.zomato.com/pune/cafe-leo-wagholi,0,Premium dining
https://www.zomato.com/pune/cafe-52-camp-area,0,Premium dining
https://www.zomato.com/pune/bits-bytes-kothrud,0,Premium dining
https://www.zomato.com/pune/om-shiva-swadisht-bhel-nigdi,0,Premium dining
https://www.zomato.com/pune/kolkata-spice-nigdi,0,Premium dining
https://www.zomato.com/pune/cafe-farmhouse-wanowrie,0,Premium dining
https://www.zomato.com/pune/foodginie-hadapsar,0,Premium dining
https://www.zomato.com/pune/dakshin-bhavan-kharadi,0,Premium dining
https://www.zomato.com/bottomsupresto,2,High-volume crowd favorites
https://www.zomato.com/pune/virinda-pav-bhaji-hinjawadi,1,Polarizing experiences
https://www.zomato.com/pune/reddys-family-restaurant-lohegaon,1,Polarizing experiences
https://www.zomato.com/pune/sunshine-family-restaurant-vishrantwadi,0,Premium dining
https://www.zomato.com/pune/hotel-satkar-chandan-nagar,0,Premium dining
https://www.zomato.com/pune/garva-mulshi,0,Premium dining
https://www.zomato.com/pune/fuzion-novotel-viman-nagar,0,Premium dining
https://www.zomato.com/pune/shee-chinese-kondhwa,0,Premium dining
https://www.zomato.com/pune/potbhar-non-veg-karve-nagar,0,Premium dining
https://www.zomato.com/pune/mahanaaz-restaurant-camp-area,3,Low-volume neighborhood venues
https://www.zomato.com/pune/empire-garden-pimpri,2,High-volume crowd favorites
https://www.zomato.com/pune/dragon-model-colony,1,Polarizing experiences
https://www.zomato.com/pune/sadanand-resorts-baner,0,Premium dining
https://www.zomato.com/pune/sharvaree-restaurant-fc-road,2,High-volume crowd favorites
https://www.zomato.com/pune/om-sai-expresso-bavdhan,1,Polarizing experiences
https://www.zomato.com/pune/foodtime-restaurant-ravet,1,Polarizing experiences
https://www.zomato.com/pune/jayashree-garden-tilak-road,0,Premium dining
https://www.zomato.com/pune/fuapullo-sinhgad-road,1,Polarizing experiences
https://www.zomato.com/pune/pegs-pipes-pimpri,2,High-volume crowd favorites
https://www.zomato.com/pune/one-way-foods-kothrud,0,Premium dining
https://www.zomato.com/pune/shahnoorz-1-mundhwa,1,Polarizing experiences
https://www.zomato.com/pune/baasuri-dhankawadi,0,Premium dining
https://www.zomato.com/pune/prameya-foods-kothrud,0,Premium dining
https://www.zomato.com/pune/nakshatra-pure-veg-pimple-saudagar,1,Polarizing experiences
https://www.zomato.com/pune/nutri-narcos-wakad,0,Premium dining
https://www.zomato.com/pune/waater-9-bavdhan,1,Polarizing experiences
https://www.zomato.com/pune/spatzle-bistro-viman-nagar,0,Premium dining
https://www.zomato.com/pune/jay-malhar-hadapsar,3,Low-volume neighborhood venues
https://www.zomato.com/pune/maratha-khanawal-pimpri,0,Premium dining
https://www.zomato.com/pune/lavangi-mirchi-hadapsar,0,Premium dining
https://www.zomato.com/pune/green-park-exotic-baner,0,Premium dining
https://www.zomato.com/pune/chulangan-restaurant-kharadi,0,Premium dining
https://www.zomato.com/pune/the-paratha-house-hadapsar,0,Premium dining
https://www.zomato.com/pune/nandus-paratha-baner,0,Premium dining
https://www.zomato.com/pune/bunkers-kitchen-2-kharadi,1,Polarizing experiences
https://www.zomato.com/pune/kopraa-dange-chowk,0,Premium dining
https://www.zomato.com/pune/the-regent-veg-restaurant-dange-chowk,2,High-volume crowd favorites
https://www.zomato.com/pune/khaunta-paay-kothrud,3,Low-volume neighborhood venues
https://www.zomato.com/pune/punjabi-combo-paratha-house-katraj,1,Polarizing experiences
https://www.zomato.com/pune/cafe-18-1-pimpri,3,Low-volume neighborhood venues
https://www.zomato.com/pune/al-madina-biryani-house-camp-area,3,Low-volume neighborhood venues
https://www.zomato.com/pune/claypot-dhanori,1,Polarizing experiences
https://www.zomato.com/pune/mauli-veg-restaurant-satara-road,2,High-volume crowd favorites
https://www.zomato.com/pune/vs-pooriwala-1-baner,0,Premium dining
https://www.zomato.com/pune/delish-wakad,0,Premium dining
https://www.zomato.com/pune/leafy-trails-erandwane,0,Premium dining
https://www.zomato.com/pune/paratha-house-food-plaza-pimpri,1,Polarizing experiences
https://www.zomato.com/pune/nutrizone-sinhgad-road,0,Premium dining
https://www.zomato.com/pune/sampan-food-house-mg-road,0,Premium dining
https://www.zomato.com/pune/asia-garden-wadgaon-sheri,0,Premium dining
https://www.zomato.com/pune/delhi-swad-wakad,0,Premium dining
https://www.zomato.com/pune/the-chinese-house-chinchwad,3,Low-volume neighborhood venues
https://www.zomato.com/pune/belge-cakes-more-pimple-saudagar,3,Low-volume neighborhood venues
https://www.zomato.com/pune/cafe-brew-barn-nigdi,0,Premium dining
https://www.zomato.com/pune/lean-stories-nibm-road,3,Low-volume neighborhood venues
https://www.zomato.com/pune/lajwanti-food-kharadi,3,Low-volume neighborhood venues
https://www.zomato.com/pune/punjabi-chaska-pimple-saudagar,0,Premium dining
https://www.zomato.com/pune/fazal-biryani-and-foods-katraj,1,Polarizing experiences
https://www.zomato.com/pune/kafe-espress-chinchwad,1,Polarizing experiences
https://www.zomato.com/pune/roll-makers-1-bavdhan,3,Low-volume neighborhood venues
https://www.zomato.com/pune/ak-caterers-biryani-house-sinhgad-road,0,Premium dining
https://www.zomato.com/pune/kerala-food-hub-viman-nagar,3,Low-volume neighborhood venues
https://www.zomato.com/pune/china-garden-1-kalyani-nagar,0,Premium dining
https://www.zomato.com/pune/papparoti-viman-nagar,0,Premium dining
https://www.zomato.com/pune/shree-ashapuri-dining-hall-baner,3,Low-volume neighborhood venues
https://www.zomato.com/pune/crazy-chef-lounge-bar-kharadi,0,Premium dining
https://www.zomato.com/pune/food-klub-sadashiv-peth,3,Low-volume neighborhood venues
https://www.zomato.com/pune/shree-ashapuri-dining-hall-kothrud,3,Low-volume neighborhood venues
https://www.zomato.com/pune/oye-bc-balewadi,3,Low-volume neighborhood venues
https://www.zomato.com/pune/munchies-grills-fries-lonavala,3,Low-volume neighborhood venues
https://www.zomato.com/pune/frozen-fire-crunchy-bites-parvati,3,Low-volume neighborhood venues
https://www.zomato.com/pune/tangelo-hotel-kyriad-chinchwad,2,High-volume crowd favorites
https://www.zomato.com/pune/mahalaxmi-delhi-chat-house-1-pimple-gurav,3,Low-volume neighborhood venues
https://www.zomato.com/pune/atithi-devo-bhawa-mundhwa,3,Low-volume neighborhood venues
https://www.zomato.com/pune/twisty-potato-magarpatta,0,Premium dining
https://www.zomato.com/pune/deepas-mess-hadapsar,0,Premium dining
https://www.zomato.com/pune/royal-park-1-nibm-road,0,Premium dining
https://www.zomato.com/pune/healthy-wealthy-magarpatta,0,Premium dining
https://www.zomato.com/pune/magnora-hadapsar,0,Premium dining
https://www.zomato.com/pune/gypsy-tongue-wakad,0,Premium dining
https://www.zomato.com/pune/maratha-village-kothrud,0,Premium dining
https://www.zomato.com/pune/cake-connection-dhankawadi,0,Premium dining
https://www.zomato.com/pune/hotel-khandeshi-chamchamit-warje,1,Polarizing experiences
https://www.zomato.com/pune/south-indian-canteen-rasta-peth,3,Low-volume neighborhood venues
https://www.zomato.com/pune/saffron-chinchwad,2,High-volume crowd favorites
https://www.zomato.com/pune/aditya-pure-veg-bavdhan,0,Premium dining
https://www.zomato.com/pune/anaya-family-resto-pimple-saudagar,0,Premium dining
https://www.zomato.com/pune/waiter-on-wheels-the-corinthians-nibm-road,0,Premium dining
https://www.zomato.com/pune/roll-delights-hadapsar,0,Premium dining
https://www.zomato.com/pune/ten-cafe-pimpri,0,Premium dining
https://www.zomato.com/pune/gujar-mastani-house-satara-road,1,Polarizing experiences
https://www.zomato.com/pune/toss-sports-lounge-kondhwa,2,High-volume crowd favorites
https://www.zomato.com/pune/nandini-veg-non-veg-chinchwad,3,Low-volume neighborhood venues
https://www.zomato.com/pune/chula-nibm-road,1,Polarizing experiences
https://www.zomato.com/pune/hotel-gaarva-malahar-nigdi,0,Premium dining
https://www.zomato.com/pune/sai-leela-pashan,0,Premium dining
https://www.zomato.com/pune/buddha-paradise-koregaon-park,0,Premium dining
https://www.zomato.com/pune/khushboo-bibvewadi,0,Premium dining
https://www.zomato.com/pune/hotel-ashirwad-narhe,0,Premium dining
https://www.zomato.com/pune/tasty-punjab-magarpatta,0,Premium dining
https://www.zomato.com/pune/karachi-sweet-home-budhwar-peth,3,Low-volume neighborhood venues
https://www.zomato.com/pune/punjabi-zaika-viman-nagar,1,Polarizing experiences
https://www.zomato.com/pune/sheetal-arch-restaurant-east-street,2,High-volume crowd favorites
https://www.zomato.com/pune/hotel-vaishali-veg-non-veg-narhe,1,Polarizing experiences
https://www.zomato.com/pune/burrpbox-pimple-saudagar,0,Premium dining
https://www.zomato.com/pune/invitation-365-viman-nagar,1,Polarizing experiences
https://www.zomato.com/pune/cafe-burger-spice-kondhwa,1,Polarizing experiences
https://www.zomato.com/pune/hotel-jeevan-2-chinchwad,0,Premium dining
https://www.zomato.com/pune/comics-and-brics-cafe-sadashiv-peth,3,Low-volume neighborhood venues
https://www.zomato.com/pune/the-egglicious-cafe-pimple-saudagar,0,Premium dining
https://www.zomato.com/gourmet-men,0,Premium dining
https://www.zomato.com/pune/regent-modern-kitchen-and-bar-jm-road,2,High-volume crowd favorites
https://www.zomato.com/pune/papas-village-lonavala,0,Premium dining
https://www.zomato.com/pune/the-cake-cream-factory-fc-road,0,Premium dining
https://www.zomato.com/pune/21-hill-street-bavdhan,2,High-volume crowd favorites
https://www.zomato.com/pune/swadesh-pimpri,0,Premium dining
https://www.zomato.com/pune/copper-chocs-jm-road,0,Premium dining
https://www.zomato.com/pune/reddys-hotel-kharadi,0,Premium dining
https://www.zomato.com/pune/degchis-biryani-cafe-salunkhe-vihar-road,0,Premium dining
https://www.zomato.com/pune/nic-natural-ice-cream-pimpri,1,Polarizing experiences
https://www.zomato.com/pune/hotel-shree-sagar-biryani-house-bibvewadi,0,Premium dining
https://www.zomato.com/pune/burger-n-more-dhankawadi,3,Low-volume neighborhood venues
https://www.zomato.com/pune/hotel-vrindavan-nigdi,2,High-volume crowd favorites
https://www.zomato.com/pune/village-roof-top-lounge-and-dining-kondhwa,2,High-volume crowd favorites
https://www.zomato.com/pune/oum-kailash-dairy-rasta-peth,0,Premium dining
https://www.zomato.com/pune/mauli-tea-snacks-wakad,1,Polarizing experiences
https://www.zomato.com/pune/hotel-yermala-sinhgad-road,3,Low-volume neighborhood venues
https://www.zomato.com/pune/hotel-pyramid-family-garden-restaurant-lohegaon,3,Low-volume neighborhood venues
https://www.zomato.com/pune/all-in-1-the-tasty-bite-hadapsar,3,Low-volume neighborhood venues
https://www.zomato.com/pune/chatpata-cafe-hadapsar,3,Low-volume neighborhood venues
https://www.zomato.com/pune/ambika-dining-hall-pimple-saudagar,3,Low-volume neighborhood venues
https://www.zomato.com/pune/pune-sugar-box-conrad-pune-bund-garden,0,Premium dining
https://www.zomato.com/basiliadelicatessen,2,High-volume crowd favorites
https://www.zomato.com/pune/cafe-of-thrones-wakad,0,Premium dining
https://www.zomato.com/pune/maratha-kolhapur-darbar-sadashiv-peth,0,Premium dining
https://www.zomato.com/pune/tandoori-singh-viman-nagar,0,Premium dining
https://www.zomato.com/pune/baker-street-bistro-cafe-hadapsar,2,High-volume crowd favorites
https://www.zomato.com/pune/akshay-hotel-magarpatta,3,Low-volume neighborhood venues
https://www.zomato.com/pune/mahabaleshwar-family-restaurant-katraj,3,Low-volume neighborhood venues
https://www.zomato.com/pune/dakshin-swaad-kothrud,3,Low-volume neighborhood venues
https://www.zomato.com/pune/friends-corner-wakad,3,Low-volume neighborhood venues
https://www.zomato.com/pune/kanushi-restaurant-sadashiv-peth,3,Low-volume neighborhood venues
https://www.zomato.com/pune/khamangg-street-pimple-gurav,0,Premium dining
https://www.zomato.com/pune/grill-inn-dhanori,1,Polarizing experiences
https://www.zomato.com/pune/vidisha-pure-veg-1-chinchwad,0,Premium dining
https://www.zomato.com/pune/the-rollin-dough-salunkhe-vihar-road,0,Premium dining
https://www.zomato.com/pune/the-rolls-cafe-viman-nagar,3,Low-volume neighborhood venues
https://www.zomato.com/pune/chinese-hut-and-hotel-katraj,3,Low-volume neighborhood venues
https://www.zomato.com/pune/maharashtrian-food-company-dhankawadi,3,Low-volume neighborhood venues
https://www.zomato.com/pune/shiv-shankar-chinese-hinjawadi,3,Low-volume neighborhood venues
https://www.zomato.com/pune/aesthetics-nutrition-wakad,3,Low-volume neighborhood venues
https://www.zomato.com/pune/bannys-kitchen-wagholi,0,Premium dining
https://www.zomato.com/pune/relax-chinese-tandoor-karve-nagar,1,Polarizing experiences
https://www.zomato.com/pune/cafe-nine-ten-sinhgad-road,3,Low-volume neighborhood venues
https://www.zomato.com/pune/kallyfso-cafe-pimpri,1,Polarizing experiences
https://www.zomato.com/pune/pan-food-dhanori,3,Low-volume neighborhood venues
https://www.zomato.com/pune/urthenfire-wakad,0,Premium dining
https://www.zomato.com/pune/grannys-cakes-and-cafe-kothrud,0,Premium dining
https://www.zomato.com/pune/foodsters-nigdi,0,Premium dining
https://www.zomato.com/pune/tasty-kona-baner,3,Low-volume neighborhood venues
https://www.zomato.com/pune/waffle-frolic-2-kothrud,0,Premium dining
https://www.zomato.com/pune/chill-out-bibvewadi,3,Low-volume neighborhood venues
https://www.zomato.com/pune/biryani-express-100-homemade-kothrud,3,Low-volume neighborhood venues
https://www.zomato.com/pune/healthy-o-me-hadapsar,0,Premium dining
https://www.zomato.com/pune/hotel-rajmudra-2-aundh,3,Low-volume neighborhood venues
https://www.zomato.com/pune/burrraah-kothrud,0,Premium dining
https://www.zomato.com/pune/hotel-daynight-katraj,3,Low-volume neighborhood venues
https://www.zomato.com/pune/engineers-hinjawadi,0,Premium dining
https://www.zomato.com/pune/rudra-pure-veg-shivane,0,Premium dining
https://www.zomato.com/pune/green-spoon-vegetarian-kitchen-baner,0,Premium dining
https://www.zomato.com/pune/saishiv-restaurant-kharadi,0,Premium dining
https://www.zomato.com/pune/intreat-balewadi,0,Premium dining
https://www.zomato.com/pune/hotel-maharaja-narhe,1,Polarizing experiences
https://www.zomato.com/pune/maska-pav-akurdi,3,Low-volume neighborhood venues
https://www.zomato.com/pune/24munchies-in-bavdhan,1,Polarizing experiences
https://www.zomato.com/pune/krish-restaurant-wakad,0,Premium dining
https://www.zomato.com/pune/hotel-santushti-food-plaza-pune-university,0,Premium dining
https://www.zomato.com/pune/kabana-conrad-pune-bund-garden,2,High-volume crowd favorites
https://www.zomato.com/pune/bistro-nutrifood-pimple-saudagar,0,Premium dining
https://www.zomato.com/pune/rajmudra-biryani-house-hinjawadi,0,Premium dining
https://www.zomato.com/pune/rohit-snacks-juice-center-chinchwad,1,Polarizing experiences
https://www.zomato.com/pune/spicy-affairs-wakad,0,Premium dining
https://www.zomato.com/pune/raj-garden-family-restaurant-and-bar-sinhgad-road,1,Polarizing experiences
https://www.zomato.com/pune/naivedyam-akurdi,0,Premium dining
https://www.zomato.com/pune/balaji-snacks-magarpatta,1,Polarizing experiences
https://www.zomato.com/pune/wildernest-khadakwasla,1,Polarizing experiences
https://www.zomato.com/pune/thirsty-turtles-camp-area,1,Polarizing experiences
https://www.zomato.com/gallerycafepune,2,High-volume crowd favorites
https://www.zomato.com/pune/cakes-n-crumbles-wakad,0,Premium dining
https://www.zomato.com/pune/dime-n-dine-salunkhe-vihar-road,3,Low-volume neighborhood venues
https://www.zomato.com/pune/raaga-multi-cuisine-restaurant-nigdi,0,Premium dining
https://www.zomato.com/pune/masu-conrad-pune-bund-garden,2,High-volume crowd favorites
https://www.zomato.com/pune/manohar-fast-food-erandwane,0,Premium dining
https://www.zomato.com/pune/panchali-restaurant-jm-road,0,Premium dining
https://www.zomato.com/pune/shivam-veg-non-veg-kothrud,1,Polarizing experiences
https://www.zomato.com/pune/madhavs-biryani-house-mundhwa,3,Low-volume neighborhood venues
https://www.zomato.com/pune/madhavs-mundhwa,1,Polarizing experiences
https://www.zomato.com/pune/bageshree-old-mumbai-pune-highway,0,Premium dining
https://www.zomato.com/pune/crazy-noodles-viman-nagar,0,Premium dining
https://www.zomato.com/pune/the-spices-nibm-road,2,High-volume crowd favorites
https://www.zomato.com/pune/nagbrahma-hut-parvati,0,Premium dining
https://www.zomato.com/pune/cafe-rolls-inn-koregaon-park,0,Premium dining
https://www.zomato.com/pune/fresh-press-cafe-1-akurdi,0,Premium dining
https://www.zomato.com/pune/shejwan-chinese-corner-pimple-saudagar,1,Polarizing experiences
https://www.zomato.com/pune/patlacha-wada-1-baner,0,Premium dining
https://www.zomato.com/pune/sanskruti-dining-hall-snacks-chinchwad,2,High-volume crowd favorites
https://www.zomato.com/pune/killa-hotel-wagholi,0,Premium dining
https://www.zomato.com/pune/siilver-spoon-family-resto-bar-wakad,2,High-volume crowd favorites
https://www.zomato.com/pune/earthen-pot-1-lonavala,0,Premium dining
https://www.zomato.com/pune/lf-91-cafe-and-restaurant-khadki,1,Polarizing experiences
https://www.zomato.com/pune/eden-gardens-kharadi,0,Premium dining
https://www.zomato.com/pune/italy-via-punjab-nibm-road,2,High-volume crowd favorites
https://www.zomato.com/pune/fat-cats-cafe-wanowrie,2,High-volume crowd favorites
https://www.zomato.com/pune/aroma-the-greens-1-hinjawadi,0,Premium dining
https://www.zomato.com/pune/the-wok-box-viman-nagar,0,Premium dining
https://www.zomato.com/pune/brewers-coffee-katraj,3,Low-volume neighborhood venues
https://www.zomato.com/pune/solankar-food-center-kothrud,3,Low-volume neighborhood venues
https://www.zomato.com/pune/kadak-misal-kothrud,0,Premium dining
https://www.zomato.com/pune/delhi-bar-be-q-balewadi,1,Polarizing experiences
https://www.zomato.com/pune/chicken-xperience-venkys-wakad,1,Polarizing experiences
https://www.zomato.com/pune/the-tea-factory-pimpri,0,Premium dining
https://www.zomato.com/pune/new-life-fast-food-snacks-centre-dhankawadi,3,Low-volume neighborhood venues
https://www.zomato.com/pune/tanus-kitchen-warje,0,Premium dining
https://www.zomato.com/pune/sahare-dining-hall-camp-area,0,Premium dining
https://www.zomato.com/pune/cheesy-pizzas-chandan-nagar,1,Polarizing experiences
https://www.zomato.com/pune/hotel-jagadamb-wanowrie,1,Polarizing experiences
https://www.zomato.com/pune/roll-king-viman-nagar,3,Low-volume neighborhood venues
https://www.zomato.com/pune/nawabi-zaika-hadapsar,3,Low-volume neighborhood venues
https://www.zomato.com/pune/punjabi-non-veg-viman-nagar,3,Low-volume neighborhood venues
https://www.zomato.com/pune/bunkyards-cafe-and-chinese-nigdi,3,Low-volume neighborhood venues
https://www.zomato.com/pune/the-steam-room-bund-garden,3,Low-volume neighborhood venues
https://www.zomato.com/pune/ye-lo-litti-1-magarpatta,3,Low-volume neighborhood venues
https://www.zomato.com/pune/raj-punjabi-delights-pimpri,3,Low-volume neighborhood venues
https://www.zomato.com/pune/pathan-laziz-biryani-house-kothrud,1,Polarizing experiences
https://www.zomato.com/pune/sai-bhel-pimpri,3,Low-volume neighborhood venues
https://www.zomato.com/pune/brotarita-bibvewadi,3,Low-volume neighborhood venues
https://www.zomato.com/pune/lazzetti-1-baner,3,Low-volume neighborhood venues
https://www.zomato.com/pune/fresh-stuff-all-day-kitchen-hadapsar,3,Low-volume neighborhood venues
https://www.zomato.com/pune/mannat-biryani-house-1-wakad,3,Low-volume neighborhood venues
https://www.zomato.com/pune/eagle-brothers-pizza-wanowrie,0,Premium dining
https://www.zomato.com/pune/malwani-house-kharadi,0,Premium dining
https://www.zomato.com/pune/meal-o-meal-baner,1,Polarizing experiences
https://www.zomato.com/pune/65-chinatown-akurdi,3,Low-volume neighborhood venues
https://www.zomato.com/pune/aab-o-daana-wakad,3,Low-volume neighborhood venues
https://www.zomato.com/pune/s7-biryani-house-hinjawadi,1,Polarizing experiences
https://www.zomato.com/pune/supalkar-biryani-house-hadapsar,3,Low-volume neighborhood venues
https://www.zomato.com/pune/hotel-manas-veg-non-veg-katraj,1,Polarizing experiences
https://www.zomato.com/pune/golden-bakery-kondhwa,3,Low-volume neighborhood venues
https://www.zomato.com/pune/kamini-family-resto-bar-chinchwad,0,Premium dining
https://www.zomato.com/pune/hotel-mahaveer-veg-sadashiv-peth,3,Low-volume neighborhood venues
https://www.zomato.com/pune/shakes-sundaes-balewadi,3,Low-volume neighborhood venues
https://www.zomato.com/pune/wow-cakes-hadapsar,1,Polarizing experiences
https://www.zomato.com/pune/aadvika-pure-veg-narhe,3,Low-volume neighborhood venues
https://www.zomato.com/pune/ranwara-1-pimple-gurav,1,Polarizing experiences
https://www.zomato.com/pune/aries-chinese-food-chinchwad,3,Low-volume neighborhood venues
https://www.zomato.com/pune/annpurna-thalis-lohegaon,1,Polarizing experiences
https://www.zomato.com/pune/v2-junction-1-kothrud,1,Polarizing experiences
https://www.zomato.com/pune/hande-misal-pimple-saudagar,3,Low-volume neighborhood venues
https://www.zomato.com/pune/ribbons-balloons-kharadi,0,Premium dining
https://www.zomato.com/pune/venkatesh-curry-n-caffe-pune-solapur-road,3,Low-volume neighborhood venues
https://www.zomato.com/pune/wok-masters-kharadi,0,Premium dining
https://www.zomato.com/pune/ginger-pepper-1-kondhwa,1,Polarizing experiences
https://www.zomato.com/pune/duskins-cafe-katraj,0,Premium dining
https://www.zomato.com/pune/hotel-tanmaysree-sinhgad-road,3,Low-volume neighborhood venues
https://www.zomato.com/pune/vasantpushp-dining-hall-sinhgad-road,1,Polarizing experiences
https://www.zomato.com/pune/rachana-restaurant-wakad,0,Premium dining
https://www.zomato.com/pune/kolkata-calling-ravet,1,Polarizing experiences
https://www.zomato.com/pune/jay-malhar-1-balewadi,1,Polarizing experiences
https://www.zomato.com/pune/farmers-kitchen-bhosari,0,Premium dining
https://www.zomato.com/pune/the-munchies-viman-nagar,1,Polarizing experiences
https://www.zomato.com/pune/freshly-italy-pizza-chakan,1,Polarizing experiences
https://www.zomato.com/pune/cafe-daisy-wanowrie,0,Premium dining
https://www.zomato.com/pune/fish-n-rolls-khadki,0,Premium dining
https://www.zomato.com/pune/babas-corner-camp-area,1,Polarizing experiences
https://www.zomato.com/pune/surya-sagar-viman-nagar,2,High-volume crowd favorites
https://www.zomato.com/pune/caneyard-camp-area,3,Low-volume neighborhood venues
https://www.zomato.com/pune/rajees-koregaon-park,0,Premium dining
https://www.zomato.com/pune/milkmade-bakery-chinchwad,0,Premium dining
https://www.zomato.com/pune/jai-maharashtra-wadyawarla-jevan-nibm-road,0,Premium dining
https://www.zomato.com/pune/karachi-sweet-mart-1-camp-area,3,Low-volume neighborhood venues
https://www.zomato.com/pune/zatka-misal-kothrud,0,Premium dining
https://www.zomato.com/pune/bridge-point-ravet,2,High-volume crowd favorites
https://www.zomato.com/pune/star-of-china-nibm-road,0,Premium dining
https://www.zomato.com/pune/bikaner-sev-bhandar-satara-road,0,Premium dining
https://www.zomato.com/pune/the-tea-shop-pimple-saudagar,0,Premium dining
https://www.zomato.com/pune/new-kalyan-bhel-sinhgad-road,3,Low-volume neighborhood venues
https://www.zomato.com/pune/simply-scrumptious-kalyani-nagar,3,Low-volume neighborhood venues
https://www.zomato.com/pune/hotel-gavran-tadka-hadapsar,1,Polarizing experiences
https://www.zomato.com/pune/thakkar-dining-hall-chinchwad,0,Premium dining
https://www.zomato.com/pune/procaf-fitness-meals-viman-nagar,0,Premium dining
https://www.zomato.com/pune/indian-n-spice-pune-solapur-road,0,Premium dining
https://www.zomato.com/pune/paradise-family-restaurant-kharadi,0,Premium dining
https://www.zomato.com/pune/amrapali-deccan-gymkhana,0,Premium dining
https://www.zomato.com/pune/sarvodaya-chandan-nagar,0,Premium dining
https://www.zomato.com/pune/kaveri-aundh,1,Polarizing experiences
https://www.zomato.com/pune/jaipur-garden-bibvewadi,0,Premium dining
https://www.zomato.com/pune/indrayani-pure-veg-1-dehu-road,1,Polarizing experiences
https://www.zomato.com/pune/sanjha-chulha-pimple-saudagar,0,Premium dining
https://www.zomato.com/pune/thancos-natural-ice-cream-nibm-road,0,Premium dining
https://www.zomato.com/pune/siddhi-veg-non-veg-erandwane,0,Premium dining
https://www.zomato.com/pune/hotel-kaveri-balewadi,0,Premium dining
https://www.zomato.com/pune/annapoorna-chinchwad,2,High-volume crowd favorites
https://www.zomato.com/pune/mystic-masala-blue-diamond-koregaon-park,2,High-volume crowd favorites
https://www.zomato.com/pune/foodland-pimpri,0,Premium dining
https://www.zomato.com/pune/cafe-chokolade-wanowrie,0,Premium dining
https://www.zomato.com/pune/il-fungo-magico-viman-nagar,0,Premium dining
https://www.zomato.com/pune/sarovar-family-resto-bar-balewadi,1,Polarizing experiences
https://www.zomato.com/pune/cake-cart-1-camp-area,0,Premium dining
https://www.zomato.com/pune/saffron-exotic-family-restaurant-bt-kawade-road,0,Premium dining
https://www.zomato.com/pune/cafe-yezdan-camp-area,0,Premium dining
https://www.zomato.com/pune/the-davangeri-benne-dosa-chinchwad,0,Premium dining
https://www.zomato.com/pune/hotel-rangoli-family-dhaba-wakad,0,Premium dining
https://www.zomato.com/pune/momo-2go-courtyard-by-marriott-pune-hinjewadi-hinjawadi,2,High-volume crowd favorites
https://www.zomato.com/pune/ras-rang-sweets-pimpri,3,Low-volume neighborhood venues
https://www.zomato.com/pune/cafe-bistro-satara-road,2,High-volume crowd favorites
https://www.zomato.com/pune/burger-forever-pimpri,1,Polarizing experiences
https://www.zomato.com/pune/sai-cafe-katta-tilak-road,3,Low-volume neighborhood venues
https://www.zomato.com/pune/danish-darbar-caterers-2-pimple-nilakh,0,Premium dining
https://www.zomato.com/pune/maggi-house-kothrud,3,Low-volume neighborhood venues
https://www.zomato.com/pune/pune-zarthosti-seva-mandal-mg-road,0,Premium dining
https://www.zomato.com/pune/kulkarni-mess-dhankawadi,1,Polarizing experiences
https://www.zomato.com/pune/flavour-live-kitchen-1-bavdhan,3,Low-volume neighborhood venues
https://www.zomato.com/pune/kerala-junction-kondhwa,1,Polarizing experiences
https://www.zomato.com/pune/turkish-delight-senapati-bapat-road,0,Premium dining
https://www.zomato.com/pune/sweetish-house-mafia-koregaon-park,0,Premium dining
https://www.zomato.com/pune/soy-affair-aundh,0,Premium dining
https://www.zomato.com/pune/hotel-kamat-kolhapuri-sinhgad-road,0,Premium dining
https://www.zomato.com/pune/palange-biryanis-shivapur,0,Premium dining
https://www.zomato.com/street-stopper-food-truck,0,Premium dining
https://www.zomato.com/pune/indian-thali-house-hinjawadi,0,Premium dining
https://www.zomato.com/gourmand-food-truck-food-truck,0,Premium dining
https://www.zomato.com/pune/rajmandir-ice-cream-kothrud,0,Premium dining
https://www.zomato.com/pune/indorilaal-baner,0,Premium dining
https://www.zomato.com/pune/fusion-cafe-chinchwad,3,Low-volume neighborhood venues
https://www.zomato.com/pune/chinese-house-narhe,1,Polarizing experiences
https://www.zomato.com/pune/sangrila-chinese-and-fast-food-baner,3,Low-volume neighborhood venues
https://www.zomato.com/pune/ramdevs-khana-khazana-pimple-saudagar,0,Premium dining
https://www.zomato.com/pune/bhavya-garden-model-colony,0,Premium dining
https://www.zomato.com/pune/new-poona-cold-drinks-house-camp-area,0,Premium dining
https://www.zomato.com/pune/punjabi-rasoi-koregaon-park,1,Polarizing experiences
https://www.zomato.com/pune/sadguru-amruttuly-kothrud,0,Premium dining
https://www.zomato.com/pune/d9-litti-chokha-wakad,0,Premium dining
https://www.zomato.com/pune/falooda-junction-pimple-saudagar,3,Low-volume neighborhood venues
https://www.zomato.com/pune/hotel-jijau-kondhwa,0,Premium dining
https://www.zomato.com/pune/the-chinese-corner-baner,3,Low-volume neighborhood venues
https://www.zomato.com/pune/hotel-swaraj-solapur-special-shukrawar-peth,0,Premium dining
https://www.zomato.com/pune/thekka-restro-lounge-hinjawadi,1,Polarizing experiences
https://www.zomato.com/pune/mr-and-mrs-idly-pimple-saudagar,1,Polarizing experiences
https://www.zomato.com/pune/vrundavan-hadapsar,1,Polarizing experiences
https://www.zomato.com/pune/fire-n-ice-camp-area,3,Low-volume neighborhood venues
https://www.zomato.com/pune/alfa-hotel-pimpri,1,Polarizing experiences
https://www.zomato.com/pune/gomantak-restaurant-dange-chowk,3,Low-volume neighborhood venues
https://www.zomato.com/pune/hamza-food-factory-kondhwa,3,Low-volume neighborhood venues
https://www.zomato.com/pune/hotel-shalimar-viman-nagar,3,Low-volume neighborhood venues
https://www.zomato.com/pune/seacrates-of-konkan-1-pimple-saudagar,3,Low-volume neighborhood venues
https://www.zomato.com/pune/royal-house-wadgaon-sheri,0,Premium dining
https://www.zomato.com/pune/cake-me-home-magarpatta,1,Polarizing experiences
https://www.zomato.com/pune/food-365-ravet,3,Low-volume neighborhood venues
https://www.zomato.com/pune/bring-it-on-bistro-hadapsar,0,Premium dining
https://www.zomato.com/pune/brothers-kitchen-balewadi,3,Low-volume neighborhood venues
https://www.zomato.com/pune/the-fries-cafe-parvati,3,Low-volume neighborhood venues
https://www.zomato.com/pune/the-royal-punjab-baner,3,Low-volume neighborhood venues
https://www.zomato.com/pune/pavitra-veg-restaurant-nibm-road,3,Low-volume neighborhood venues
https://www.zomato.com/pune/edp-family-restaurant-nibm-road,0,Premium dining
https://www.zomato.com/pune/hotel-gurudatta-fast-food-and-snacks-1-kothrud,3,Low-volume neighborhood venues
https://www.zomato.com/pune/burger-express-chinchwad,0,Premium dining
https://www.zomato.com/pune/maharashtrian-thali-narhe,1,Polarizing experiences
https://www.zomato.com/pune/janhavi-egg-food-nigdi,3,Low-volume neighborhood venues
https://www.zomato.com/pune/cake-choice-hinjawadi,3,Low-volume neighborhood venues
https://www.zomato.com/pune/scallions-1-baner,3,Low-volume neighborhood venues
https://www.zomato.com/pune/om-sai-hotel-wagholi,3,Low-volume neighborhood venues
https://www.zomato.com/pune/china-province-wadgaon-sheri,3,Low-volume neighborhood venues
https://www.zomato.com/pune/whata-sandwich-dhankawadi,3,Low-volume neighborhood venues
https://www.zomato.com/pune/c-top-sandwich-and-milkshake-magarpatta,3,Low-volume neighborhood venues
https://www.zomato.com/pune/peacock-the-un-restaurant-lonavala,1,Polarizing experiences
https://www.zomato.com/pune/sapna-pav-bhaji-bibvewadi,1,Polarizing experiences
https://www.zomato.com/pune/the-barrel-in-hadapsar,2,High-volume crowd favorites
https://www.zomato.com/pune/hotel-ayodhya-akurdi,1,Polarizing experiences
https://www.zomato.com/pune/khan-sahab-salunkhe-vihar-road,1,Polarizing experiences
https://www.zomato.com/pune/anand-bhurji-centre-deccan-gymkhana,3,Low-volume neighborhood venues
https://www.zomato.com/pune/chak-de-akkha-masoor-parvati,3,Low-volume neighborhood venues
https://www.zomato.com/pune/fresca-deli-1-viman-nagar,0,Premium dining
https://www.zomato.com/pune/hotel-sahyadri-1-dange-chowk,3,Low-volume neighborhood venues
https://www.zomato.com/pune/chandra-garden-family-restaurant-chinchwad,1,Polarizing experiences
https://www.zomato.com/pune/the-red-lantern-1-ravet,0,Premium dining
https://www.zomato.com/pune/shandaar-shawarma-balewadi,3,Low-volume neighborhood venues
https://www.zomato.com/pune/cafe-jump-in-sinhgad-road,0,Premium dining
https://www.zomato.com/pune/aladdin-restaurant-pimpri,0,Premium dining
https://www.zomato.com/pune/shakes-and-bites-magarpatta,0,Premium dining
https://www.zomato.com/pune/aditya-house-pure-veg-pimpri,3,Low-volume neighborhood venues
https://www.zomato.com/pune/maak-o-pizza-sandwiches-nigdi,0,Premium dining
https://www.zomato.com/pune/whistle-podu-wakad,1,Polarizing experiences
https://www.zomato.com/pune/mottu-seth-baner,1,Polarizing experiences
https://www.zomato.com/pune/maratha-darbar-pashan,3,Low-volume neighborhood venues
https://www.zomato.com/pune/meat-me-here-wakad,0,Premium dining
https://www.zomato.com/pune/cafe-good-luck-pune-solapur-road,3,Low-volume neighborhood venues
https://www.zomato.com/pune/purnagiri-sinhgad-road,1,Polarizing experiences
https://www.zomato.com/punjabi-zaikaa,1,Polarizing experiences
https://www.zomato.com/pune/just-grill-pimple-saudagar,0,Premium dining
https://www.zomato.com/pune/pet-pooja-baner,1,Polarizing experiences
https://www.zomato.com/pune/pradeep-fast-food-khadki,1,Polarizing experiences
https://www.zomato.com/pune/hotel-wada-hadapsar,1,Polarizing experiences
https://www.zomato.com/pune/pizza-n-more-kondhwa,0,Premium dining
https://www.zomato.com/pune/litticious-the-litti-chokha-shop-wakad,0,Premium dining
https://www.zomato.com/pune/hotel-new-relax-sinhgad-road,1,Polarizing experiences
https://www.zomato.com/pune/flambe-litti-chokha-dal-bati-dhanori,1,Polarizing experiences
https://www.zomato.com/pune/jamsheds-food-senapati-bapat-road,0,Premium dining
https://www.zomato.com/buddhas-food-palace-food-truck,0,Premium dining
https://www.zomato.com/pune/the-perfect-slice-nibm-road,0,Premium dining
https://www.zomato.com/pune/london-muffin-kalyani-nagar,0,Premium dining
https://www.zomato.com/pune/yashda-family-restaurant-dehu-road,1,Polarizing experiences
https://www.zomato.com/pune/a-piece-of-cake-wanowrie,1,Polarizing experiences
https://www.zomato.com/pune/annapurna-sinhgad-road,0,Premium dining
https://www.zomato.com/pune/kumudini-karve-nagar,3,Low-volume neighborhood venues
https://www.zomato.com/pune/cafe-classic-1-pimple-saudagar,1,Polarizing experiences
https://www.zomato.com/pune/coffee-jar-kondhwa,0,Premium dining
https://www.zomato.com/pune/hotel-nisarg-misal-house-pimpri,0,Premium dining
https://www.zomato.com/pune/bakelove-aundh,3,Low-volume neighborhood venues
https://www.zomato.com/pune/roll-club-kothrud,1,Polarizing experiences
https://www.zomato.com/pune/cafe-level-9-senapati-bapat-road,0,Premium dining
https://www.zomato.com/pune/subhanallah-rasta-peth,0,Premium dining
https://www.zomato.com/pune/whispering-bamboo-blue-diamond-koregaon-park,2,High-volume crowd favorites
https://www.zomato.com/pune/sanskruti-sadashiv-peth,0,Premium dining
https://www.zomato.com/pune/spice-n-ice-bavdhan,0,Premium dining
https://www.zomato.com/pune/arizona-restaurant-shivaji-nagar,0,Premium dining
https://www.zomato.com/pune/gurunanak-dairy-and-sweets-kalyani-nagar,0,Premium dining
https://www.zomato.com/pune/new-kanchan-chinese-narhe,3,Low-volume neighborhood venues
https://www.zomato.com/pune/andhra-biryani-yerawada,1,Polarizing experiences
https://www.zomato.com/pune/indian-zaiqaa-senapati-bapat-road,0,Premium dining
https://www.zomato.com/pune/ruchita-misal-hadapsar,3,Low-volume neighborhood venues
https://www.zomato.com/pune/mamas-kitchen-1-shivapur,1,Polarizing experiences
https://www.zomato.com/pune/mr-gelato-kothrud,0,Premium dining
https://www.zomato.com/pune/new-saiba-bhugaon,2,High-volume crowd favorites
https://www.zomato.com/pune/jagruti-dining-hall-budhwar-peth,1,Polarizing experiences
https://www.zomato.com/pune/domiano-pizza-wagholi,1,Polarizing experiences
https://www.zomato.com/pune/big-bite-biryani-nigdi,0,Premium dining
https://www.zomato.com/pune/5-to-5-restaurant-pimple-saudagar,0,Premium dining
https://www.zomato.com/pune/riyasat-family-restaurant-sinhgad-road,1,Polarizing experiences
https://www.zomato.com/pune/sampan-food-court-camp-area,0,Premium dining
https://www.zomato.com/pune/kings-shawarma-bhosari,3,Low-volume neighborhood venues
https://www.zomato.com/pune/hotel-mahalaxmi-hadapsar,1,Polarizing experiences
https://www.zomato.com/pune/cafe-crush-budhwar-peth,3,Low-volume neighborhood venues
https://www.zomato.com/pune/freshmenu-hinjawadi,1,Polarizing experiences
https://www.zomato.com/pune/mr-sponzo-1-wakad,1,Polarizing experiences
https://www.zomato.com/pune/mh-12-global-parvati,3,Low-volume neighborhood venues
https://www.zomato.com/pune/taste-ride-family-restaurant-pimple-gurav,3,Low-volume neighborhood venues
https://www.zomato.com/pune/grillicious-baner,0,Premium dining
https://www.zomato.com/pune/snow-cafe-bibvewadi,0,Premium dining
https://www.zomato.com/pune/hotel-paradise-kondhwa,1,Polarizing experiences
https://www.zomato.com/pune/oyeee-desi-wakad,0,Premium dining
https://www.zomato.com/pune/hotel-darshan-kharadi,0,Premium dining
https://www.zomato.com/pune/sai-sagar-wanowrie,0,Premium dining
https://www.zomato.com/pune/shalini-pure-veg-rasta-peth,0,Premium dining
https://www.zomato.com/pune/absolute-china-erandwane,3,Low-volume neighborhood venues
https://www.zomato.com/pune/sharayu-restaurant-camp-area,3,Low-volume neighborhood venues
https://www.zomato.com/pune/torna-mutton-khanawal-wakad,1,Polarizing experiences
https://www.zomato.com/pune/vicky-saoji-kitchen-kharadi,3,Low-volume neighborhood venues
https://www.zomato.com/pune/cakeman-kharadi,3,Low-volume neighborhood venues
https://www.zomato.com/pune/the-hungry-spot-1-hadapsar,3,Low-volume neighborhood venues
https://www.zomato.com/pune/pyramid-hotel-lohegaon,3,Low-volume neighborhood venues
https://www.zomato.com/pune/neopolitan-pizza-baner,0,Premium dining
https://www.zomato.com/pune/sawaee-baner,3,Low-volume neighborhood venues
https://www.zomato.com/pune/shivalay-a1-dum-biryani-pashan,3,Low-volume neighborhood venues
https://www.zomato.com/pune/abs-food-mall-vishrantwadi,3,Low-volume neighborhood venues
https://www.zomato.com/pune/kiga-ice-cream-ravet,3,Low-volume neighborhood venues
https://www.zomato.com/pune/arabian-corner-kondhwa,1,Polarizing experiences
https://www.zomato.com/pune/diwine-memories-wakad,1,Polarizing experiences
https://www.zomato.com/pune/fill-my-tummy-narhe,1,Polarizing experiences
https://www.zomato.com/pune/eateria-the-foodies-place-1-chinchwad,3,Low-volume neighborhood venues
https://www.zomato.com/pune/cafe-coffee-abk-viman-nagar,3,Low-volume neighborhood venues
https://www.zomato.com/pune/tasty-chinese-hadapsar,3,Low-volume neighborhood venues
https://www.zomato.com/pune/sai-chinese-erandwane,1,Polarizing experiences
https://www.zomato.com/pune/maya-rlc-1-wagholi,0,Premium dining
https://www.zomato.com/pune/freshia-cold-press-juice-bar-aundh,3,Low-volume neighborhood venues
https://www.zomato.com/pune/panchali-snacks-meals-pashan,3,Low-volume neighborhood venues
https://www.zomato.com/pune/spice-24-fine-chinese-shivaji-nagar,3,Low-volume neighborhood venues
https://www.zomato.com/pune/koji-kokani-saoji-cuisine-lohegaon,1,Polarizing experiences
https://www.zomato.com/pune/momo-house-1-narhe,3,Low-volume neighborhood venues
https://www.zomato.com/pune/vidarbha-tadka-restaurant-baner,1,Polarizing experiences
https://www.zomato.com/pune/eggsplore-hadapsar,0,Premium dining
https://www.zomato.com/pune/the-rasoi-pure-veg-dining-room-wadgaon-sheri,3,Low-volume neighborhood venues
https://www.zomato.com/pune/hotel-lijjat-viman-nagar,3,Low-volume neighborhood venues
https://www.zomato.com/pune/vp-alaina-chinese-warje,3,Low-volume neighborhood venues
https://www.zomato.com/pune/kulture-kalyani-nagar,0,Premium dining
https://www.zomato.com/pune/eatzip-wakad,0,Premium dining
https://www.zomato.com/pune/rudra-cafe-model-colony,3,Low-volume neighborhood venues
https://www.zomato.com/pune/tapadia-college-katta-erandwane,3,Low-volume neighborhood venues
https://www.zomato.com/pune/pride-kitchens-hyderabadi-biryani-sinhgad-road,1,Polarizing experiences
https://www.zomato.com/pune/bharatis-pav-bhaji-n-cafe-hadapsar,1,Polarizing experiences
https://www.zomato.com/pune/pokket-cafe-1-pimpri,1,Polarizing experiences
https://www.zomato.com/pune/malabaar-biriyani-kharadi,1,Polarizing experiences
https://www.zomato.com/pune/jethaji-mishthan-hadapsar,3,Low-volume neighborhood venues
https://www.zomato.com/pune/rudra-pav-bhaji-juice-bar-aundh,0,Premium dining
https://www.zomato.com/pune/hotel-lucky-point-akurdi,1,Polarizing experiences
https://www.zomato.com/pune/new-burger-bits-kondhwa,1,Polarizing experiences
https://www.zomato.com/pune/j-m-cafe-camp-area,3,Low-volume neighborhood venues
https://www.zomato.com/pune/moti-mahal-delux-hadapsar,0,Premium dining
https://www.zomato.com/pune/biryani-house-pune-university,1,Polarizing experiences
https://www.zomato.com/pune/sufiz-bake-house-pashan,0,Premium dining
https://www.zomato.com/pune/happy-sandwich-lavasa,0,Premium dining
https://www.zomato.com/pune/manisha-bhel-panipuri-snacks-centre-karve-nagar,0,Premium dining
https://www.zomato.com/pune/golden-delite-fatima-nagar,0,Premium dining
https://www.zomato.com/pune/nation-330-bavdhan,2,High-volume crowd favorites
https://www.zomato.com/pune/samindra-parvati,1,Polarizing experiences
https://www.zomato.com/pune/sunrise-garden-cafe-nibm-road,0,Premium dining
https://www.zomato.com/pune/desi-chulha-wakad,0,Premium dining
https://www.zomato.com/pune/hotel-samrudh-hinjawadi,3,Low-volume neighborhood venues
https://www.zomato.com/pune/spice-24-chandan-nagar,0,Premium dining
https://www.zomato.com/pune/nawabi-zaika-yerawada,1,Polarizing experiences
https://www.zomato.com/pune/new-ashoka-pure-veg-bhosari,0,Premium dining
https://www.zomato.com/pune/fa-bio-food-court-nibm-road,0,Premium dining
https://www.zomato.com/pune/hotel-ashoka-chakan,1,Polarizing experiences
https://www.zomato.com/pune/granny-ammaas-cake-rasta-peth,0,Premium dining
https://www.zomato.com/pune/khalsa-pure-veg-khadki,0,Premium dining
https://www.zomato.com/pune/khandeshi-katta-akurdi,1,Polarizing experiences
https://www.zomato.com/pune/hotel-kinara-katraj,3,Low-volume neighborhood venues
https://www.zomato.com/pune/roll-house-point-pimpri,0,Premium dining
https://www.zomato.com/pune/bawarchi-wakad,1,Polarizing experiences
https://www.zomato.com/pune/hotel-vishal-shivapur,3,Low-volume neighborhood venues
https://www.zomato.com/pune/red-chillies-kharadi,0,Premium dining
https://www.zomato.com/pune/sudit-sus-chinese-kothrud,1,Polarizing experiences
https://www.zomato.com/pune/radha-soami-pimpri,0,Premium dining
https://www.zomato.com/pune/surya-hotel-deccan-rendezvous-shivaji-nagar,2,High-volume crowd favorites
https://www.zomato.com/pune/modern-lunch-home-model-colony,1,Polarizing experiences
https://www.zomato.com/pune/hotel-shivanjali-pashan,2,High-volume crowd favorites
https://www.zomato.com/pune/hotel-renuka-satara-road,3,Low-volume neighborhood venues
https://www.zomato.com/pune/hotel-akshat-wakad,1,Polarizing experiences
https://www.zomato.com/pune/sai-pav-bhaji-juice-bar-nibm-road,1,Polarizing experiences
https://www.zomato.com/pune/zaika-kathi-roll-kothrud,0,Premium dining
https://www.zomato.com/pune/sweet-chariot-cafe-koregaon-park,2,High-volume crowd favorites
https://www.zomato.com/pune/hotel-ranmala-baner,0,Premium dining
https://www.zomato.com/pune/alfa-south-inn-kalyani-nagar,3,Low-volume neighborhood venues
https://www.zomato.com/pune/raja-ices-sadashiv-peth,3,Low-volume neighborhood venues
https://www.zomato.com/pune/food-factory-24-khadki,1,Polarizing experiences
https://www.zomato.com/pune/ashoka-aavees-pimple-nilakh,0,Premium dining
https://www.zomato.com/pune/chav-assal-khandeshi-sinhgad-road,3,Low-volume neighborhood venues
https://www.zomato.com/pune/paper-lantern-aundh,0,Premium dining
https://www.zomato.com/pune/hyderabad-dum-biryani-1-lohegaon,0,Premium dining
https://www.zomato.com/pune/hotel-rajratna-pimple-saudagar,0,Premium dining
https://www.zomato.com/pune/namah-hotel-ambience-excellency-wakad,2,High-volume crowd favorites
https://www.zomato.com/pune/hotel-karachi-bhavan-pimpri,0,Premium dining
https://www.zomato.com/pune/vikram-resto-bar-camp-area,0,Premium dining
https://www.zomato.com/pune/cheese-omelette-cafe-wadgaon-sheri,1,Polarizing experiences
https://www.zomato.com/pune/sammich-bibvewadi,0,Premium dining
https://www.zomato.com/pune/hot-momos-and-burger-baner,0,Premium dining
https://www.zomato.com/pune/yaaron-da-kitchen-2-pashan,0,Premium dining
https://www.zomato.com/pune/ambika-satara-road,3,Low-volume neighborhood venues
https://www.zomato.com/pune/casablanca-pride-hotel-shivaji-nagar,2,High-volume crowd favorites
https://www.zomato.com/pune/shri-chaturshringi-mata-snack-centre-erandwane,1,Polarizing experiences
https://www.zomato.com/pune/harvest-club-erandwane,2,High-volume crowd favorites
https://www.zomato.com/pune/thai-chin-balewadi,3,Low-volume neighborhood venues
https://www.zomato.com/pune/emmer-bakery-koregaon-park,0,Premium dining
https://www.zomato.com/pune/cafe-cycl-on-dhankawadi,2,High-volume crowd favorites
https://www.zomato.com/pune/bait-brasserie-deccan-gymkhana,0,Premium dining
https://www.zomato.com/pune/the-king-shawarma-sinhgad-road,3,Low-volume neighborhood venues
https://www.zomato.com/pune/words-and-sips-book-cafe-fc-road,0,Premium dining
https://www.zomato.com/pune/ku-kooch-ku-deccan-gymkhana,0,Premium dining
https://www.zomato.com/pune/swarajya-veg-nonveg-restaurant-katraj,1,Polarizing experiences
https://www.zomato.com/pune/masala-punjab-da-viman-nagar,0,Premium dining
https://www.zomato.com/pune/ruchkar-mejwani-thali-narhe,3,Low-volume neighborhood venues
https://www.zomato.com/pune/durbar-biryani-pimple-saudagar,3,Low-volume neighborhood venues
https://www.zomato.com/pune/cafe-du-mich-mundhwa,2,High-volume crowd favorites
https://www.zomato.com/pune/happy-da-punjab-pashan,2,High-volume crowd favorites
https://www.zomato.com/pune/panchavati-gaurav-deccan-gymkhana,0,Premium dining
https://www.zomato.com/pune/jai-bhole-restaurant-hadapsar,1,Polarizing experiences
https://www.zomato.com/pune/china-express-viman-nagar,1,Polarizing experiences
https://www.zomato.com/pune/ancient-punjab-pimple-saudagar,3,Low-volume neighborhood venues
https://www.zomato.com/pune/torna-misal-wagholi,1,Polarizing experiences
https://www.zomato.com/pune/brijus-patisserie-bhugaon,0,Premium dining
https://www.zomato.com/pune/sudama-bhel-chinchwad,3,Low-volume neighborhood venues
https://www.zomato.com/pune/hangout-family-resto-bar-narhe,3,Low-volume neighborhood venues
https://www.zomato.com/pune/keshav-kunj-pure-veg-wagholi,0,Premium dining
https://www.zomato.com/pune/cafe-unique-table-bhosari,3,Low-volume neighborhood venues
https://www.zomato.com/pune/mr-fries-pimpri,0,Premium dining
https://www.zomato.com/pune/kokani-tadaka-sadashiv-peth,3,Low-volume neighborhood venues
https://www.zomato.com/pune/southwala-karve-nagar,0,Premium dining
https://www.zomato.com/pune/hotel-atithi-sadashiv-peth,1,Polarizing experiences
https://www.zomato.com/pune/alichis-irani-chai-maska-1-nibm-road,0,Premium dining
https://www.zomato.com/pune/bowl-de-kothrud,3,Low-volume neighborhood venues
https://www.zomato.com/pune/hotel-sunrup-wakad,0,Premium dining
https://www.zomato.com/pune/abs-food-kothrud,1,Polarizing experiences
https://www.zomato.com/pune/hotel-fish-land-wakad,1,Polarizing experiences
https://www.zomato.com/pune/evergreen-caterers-hadapsar,3,Low-volume neighborhood venues
https://www.zomato.com/pune/the-milk-shack-viman-nagar,3,Low-volume neighborhood venues
https://www.zomato.com/pune/cafe-atkt-akurdi,3,Low-volume neighborhood venues
https://www.zomato.com/pune/la-cheezy-lohegaon,3,Low-volume neighborhood venues
https://www.zomato.com/pune/nirvanas-delhi-curry-hinjawadi,3,Low-volume neighborhood venues
https://www.zomato.com/pune/fancy-cakes-hinjawadi,3,Low-volume neighborhood venues
https://www.zomato.com/pune/shiv-chinese-center-aundh,1,Polarizing experiences
https://www.zomato.com/pune/amit-da-dhaba-camp-area,3,Low-volume neighborhood venues
https://www.zomato.com/pune/the-urban-chinese-wadgaon-sheri,3,Low-volume neighborhood venues
https://www.zomato.com/pune/lunchbox-kothrud,3,Low-volume neighborhood venues
https://www.zomato.com/pune/seven-11-veg-restaurant-kothrud,1,Polarizing experiences
https://www.zomato.com/pune/round-the-clock-cravings-baner,0,Premium dining
https://www.zomato.com/pune/the-biryani-bliss-yerawada,3,Low-volume neighborhood venues
https://www.zomato.com/pune/aarna-veg-hinjawadi,3,Low-volume neighborhood venues
https://www.zomato.com/pune/royal-burgerio-wakad,3,Low-volume neighborhood venues
https://www.zomato.com/pune/food-station-1-kondhwa,3,Low-volume neighborhood venues
https://www.zomato.com/pune/sk-biryani-house-mundhwa,3,Low-volume neighborhood venues
https://www.zomato.com/pune/roll-bites-akurdi,3,Low-volume neighborhood venues
https://www.zomato.com/pune/golden-65-bites-kondhwa,3,Low-volume neighborhood venues
https://www.zomato.com/pune/cafe-rudra-dhankawadi,3,Low-volume neighborhood venues
https://www.zomato.com/pune/tasty-time-hinjawadi,1,Polarizing experiences
https://www.zomato.com/pune/balaji-ice-cream-lohegaon,3,Low-volume neighborhood venues
https://www.zomato.com/pune/unico-foods-pimple-nilakh,3,Low-volume neighborhood venues
https://www.zomato.com/pune/kawre-ice-cream-nigdi,1,Polarizing experiences
https://www.zomato.com/pune/gandharva-pure-veg-sinhgad-road,0,Premium dining
https://www.zomato.com/pune/aapli-aavad-dange-chowk,0,Premium dining
https://www.zomato.com/pune/pavbhaji-by-kilo-1-erandwane,1,Polarizing experiences
https://www.zomato.com/pune/jt-food-zone-kharadi,0,Premium dining
https://www.zomato.com/pune/late-night-foods-karve-nagar,1,Polarizing experiences
https://www.zomato.com/pune/relax-corner-1-bibvewadi,0,Premium dining
https://www.zomato.com/pune/hotel-gavran-tadka-sinhgad-road,1,Polarizing experiences
https://www.zomato.com/pune/law-of-chill-camp-area,0,Premium dining
https://www.zomato.com/pune/cafeverse-2-karve-nagar,3,Low-volume neighborhood venues
https://www.zomato.com/pune/dainostic-chinese-foods-nigdi,1,Polarizing experiences
https://www.zomato.com/pune/hotel-mutton-thali-sinhgad-road,1,Polarizing experiences
https://www.zomato.com/pune/cakesmith-by-prabjot-pimpri,0,Premium dining
https://www.zomato.com/pune/wafflez-bavdhan,0,Premium dining
https://www.zomato.com/pune/hug-my-mug-helly-and-chilly-premium-cafe-koregaon-park,0,Premium dining
https://www.zomato.com/pune/rajmudra-hotel-warje,1,Polarizing experiences
https://www.zomato.com/pune/homely-food-lonavala,0,Premium dining
https://www.zomato.com/pune/hotel-sarthak-wagholi,1,Polarizing experiences
https://www.zomato.com/pune/gaon-jevan-shivane,1,Polarizing experiences
https://www.zomato.com/pune/maratha-village-pashan,0,Premium dining
https://www.zomato.com/pune/vyanjan-lavasa,2,High-volume crowd favorites
https://www.zomato.com/pune/al-kebabi-kharadi,1,Polarizing experiences
https://www.zomato.com/pune/surya-1-erandwane,0,Premium dining
https://www.zomato.com/pune/friendz-cafe-pimpri,0,Premium dining
https://www.zomato.com/pune/yummy-parathas-sinhgad-road,0,Premium dining
https://www.zomato.com/pune/nationals-kitchen-bar-koregaon-park,2,High-volume crowd favorites
https://www.zomato.com/pune/paramhans-pure-veg-kharadi,0,Premium dining
https://www.zomato.com/pune/aaseings-kitchen-kothrud,1,Polarizing experiences
https://www.zomato.com/pune/pranjal-misal-snacks-centre-old-mumbai-pune-highway,0,Premium dining
https://www.zomato.com/pune/shree-krishna-chinchwad,0,Premium dining
https://www.zomato.com/pune/zest-cafe-bar-kothrud,0,Premium dining
https://www.zomato.com/pune/shri-krishna-bhuvan-budhwar-peth,0,Premium dining
https://www.zomato.com/pune/sky-touch-rolls-chinese-katraj,0,Premium dining
https://www.zomato.com/pune/simply-delicious-bavdhan,3,Low-volume neighborhood venues
https://www.zomato.com/pune/appa-shaniwar-peth,0,Premium dining
https://www.zomato.com/pune/kitsch-the-o-hotel-koregaon-park,2,High-volume crowd favorites
https://www.zomato.com/pune/zaheer-khans-dine-fine-kondhwa,2,High-volume crowd favorites
https://www.zomato.com/pune/salsa-the-corinthians-nibm-road,2,High-volume crowd favorites
https://www.zomato.com/pune/roof-top-bar-sheraton-grand-bund-garden,0,Premium dining
https://www.zomato.com/pune/shree-sagar-salunkhe-vihar-road,2,High-volume crowd favorites
https://www.zomato.com/pune/mystic-flavours-warje,0,Premium dining
https://www.zomato.com/pune/gs-biryani-chinchwad,0,Premium dining
https://www.zomato.com/pune/the-fishbowl-hyatt-pune-kalyani-nagar,2,High-volume crowd favorites
https://www.zomato.com/pune/vedas-akurdi,0,Premium dining
https://www.zomato.com/pune/drunken-diaries-nibm-road,1,Polarizing experiences
https://www.zomato.com/pune/shamiaana-the-sitout-place-viman-nagar,0,Premium dining
https://www.zomato.com/pune/pune-nashta-house-sadashiv-peth,3,Low-volume neighborhood venues
https://www.zomato.com/pune/delhi-darbar-dange-chowk,0,Premium dining
https://www.zomato.com/pune/cafe-farmhouse-1-nibm-road,0,Premium dining
https://www.zomato.com/pune/tamil-nadu-mess-viman-nagar,0,Premium dining
https://www.zomato.com/pune/cafe-tunes-mg-road,0,Premium dining
https://www.zomato.com/pune/china-garden-fc-road,0,Premium dining
https://www.zomato.com/pune/grub-jars-kondhwa,0,Premium dining
https://www.zomato.com/pune/chinese-corner-budhwar-peth,3,Low-volume neighborhood venues
https://www.zomato.com/pune/liyo-china-bt-kawade-road,0,Premium dining
https://www.zomato.com/pune/rajput-restaurant-koregaon-park,0,Premium dining
https://www.zomato.com/pune/piatto-dessert-studio-cafe-kalyani-nagar,2,High-volume crowd favorites
https://www.zomato.com/pune/new-govindas-family-restaurant-veg-and-non-veg-nigdi,1,Polarizing experiences
https://www.zomato.com/pune/baskin-robbins-wanowrie,0,Premium dining
https://www.zomato.com/pune/sri-krishna-aanand-bhavan-kothrud,0,Premium dining
https://www.zomato.com/pune/miyuki-doubletree-by-hilton-chinchwad,2,High-volume crowd favorites
https://www.zomato.com/pune/bhavvesh-pure-veg-sinhgad-road,3,Low-volume neighborhood venues
https://www.zomato.com/pune/yogi-tree-koregaon-park,0,Premium dining
https://www.zomato.com/pune/radhika-veg-restaurant-aundh,1,Polarizing experiences
https://www.zomato.com/pune/malwan-samudra-chinchwad,0,Premium dining
https://www.zomato.com/pune/supreme-restaurant-bar-pimpri,0,Premium dining
https://www.zomato.com/pune/rashid-khan-caterers-rasta-peth,0,Premium dining
https://www.zomato.com/pune/indra-pure-veg-hadapsar,3,Low-volume neighborhood venues
https://www.zomato.com/pune/royal-castle-pimpri,3,Low-volume neighborhood venues
https://www.zomato.com/pune/the-london-shakes-cafe-lohegaon,3,Low-volume neighborhood venues
https://www.zomato.com/pune/tarangan-paan-viman-nagar,3,Low-volume neighborhood venues
https://www.zomato.com/pune/food-fiesta-1-wakad,3,Low-volume neighborhood venues
https://www.zomato.com/pune/flavours@khavayyejunction-nigdi,3,Low-volume neighborhood venues
https://www.zomato.com/pune/kerala-kitchen-wakad,3,Low-volume neighborhood venues
https://www.zomato.com/pune/new-hotel-taj-1-viman-nagar,0,Premium dining
https://www.zomato.com/pune/ruchirangan-pure-veg-sadashiv-peth,1,Polarizing experiences
https://www.zomato.com/naansense-1,0,Premium dining
https://www.zomato.com/pune/hashtag09-bistro-cafe-pune-solapur-road,3,Low-volume neighborhood venues
https://www.zomato.com/pune/honey-singh-parathewala-wadgaon-sheri,3,Low-volume neighborhood venues
https://www.zomato.com/pune/swad-punjab-da-wanowrie,0,Premium dining
https://www.zomato.com/pune/all-ways-pure-veg-wakad,3,Low-volume neighborhood venues
https://www.zomato.com/pune/bombay-seekh-paratha-kondhwa,0,Premium dining
https://www.zomato.com/pune/savlahari-pot-ice-cream-mastani-kharadi,3,Low-volume neighborhood venues
https://www.zomato.com/pune/street-foods-by-punjab-grill-magarpatta,1,Polarizing experiences
https://www.zomato.com/pune/paparazzi-kondhwa,3,Low-volume neighborhood venues
https://www.zomato.com/pune/vishwas-snacks-hadapsar,3,Low-volume neighborhood venues
https://www.zomato.com/pune/fusion-kitchen-wadgaon-sheri,3,Low-volume neighborhood venues
https://www.zomato.com/pune/malgudi-bites-nigdi,3,Low-volume neighborhood venues
https://www.zomato.com/pune/relish-pan-pizza-pimpri,3,Low-volume neighborhood venues
https://www.zomato.com/pune/desi-appetite-shivaji-nagar,0,Premium dining
https://www.zomato.com/pune/the-chinese-cafe-ravet,3,Low-volume neighborhood venues
https://www.zomato.com/pune/hydrabad-biryani-express-pimple-saudagar,1,Polarizing experiences
https://www.zomato.com/pune/burger-boys-baner,1,Polarizing experiences
https://www.zomato.com/pune/unique-biryani-chinchwad,1,Polarizing experiences
https://www.zomato.com/pune/ghones-pure-non-veg-bibvewadi,3,Low-volume neighborhood venues
https://www.zomato.com/pune/taibah-restaurant-viman-nagar,0,Premium dining
https://www.zomato.com/pune/dumpling-panda-hinjawadi,1,Polarizing experiences
https://www.zomato.com/pune/flavour-stones-shivaji-nagar,3,Low-volume neighborhood venues
https://www.zomato.com/pune/hooked-pimple-saudagar,0,Premium dining
https://www.zomato.com/pune/engineers-adda-balewadi,3,Low-volume neighborhood venues
https://www.zomato.com/pune/chinese-point-bibvewadi,3,Low-volume neighborhood venues
https://www.zomato.com/pune/hotel-halal-viman-nagar,3,Low-volume neighborhood venues
https://www.zomato.com/pune/appachi-mutton-khanawal-pimple-saudagar,3,Low-volume neighborhood venues
https://www.zomato.com/pune/hotel-hindavi-swaraj-shivaji-nagar,3,Low-volume neighborhood venues
https://www.zomato.com/pune/the-lawn-affair-bhosari,3,Low-volume neighborhood venues
https://www.zomato.com/pune/star-italian-cafe-hadapsar,1,Polarizing experiences
https://www.zomato.com/pune/ketli-the-tea-bar-swargate,1,Polarizing experiences
https://www.zomato.com/pune/food-lovers-pimpri,3,Low-volume neighborhood venues
https://www.zomato.com/pune/cafe-richie-rich-talegaon,3,Low-volume neighborhood venues
https://www.zomato.com/pune/box-king-hadapsar,1,Polarizing experiences
https://www.zomato.com/pune/cafe-creme-4-kothrud,3,Low-volume neighborhood venues
https://www.zomato.com/pune/trupti-meals-pimpri,1,Polarizing experiences
https://www.zomato.com/pune/café-ansh-1-hinjawadi,0,Premium dining
https://www.zomato.com/pune/cafe-chocolate-mania-pimpri,3,Low-volume neighborhood venues
https://www.zomato.com/pune/house-of-momos-1-nigdi,0,Premium dining
https://www.zomato.com/pune/cafe-doubleseat-1-narhe,1,Polarizing experiences
https://www.zomato.com/pune/punjabi-bhukhad-pure-veg-bavdhan,0,Premium dining
https://www.zomato.com/pune/hippie-house-restaurant-and-lounge-kharadi,1,Polarizing experiences
https://www.zomato.com/pune/pranav-chinese-warje,1,Polarizing experiences
https://www.zomato.com/pune/sherlocks-pub-magarpatta,2,High-volume crowd favorites
https://www.zomato.com/pune/akkies-kitchen-katraj,0,Premium dining
https://www.zomato.com/pune/hotel-new-luqma-kondhwa,1,Polarizing experiences
https://www.zomato.com/pune/cheezy-1-chandan-nagar,0,Premium dining
https://www.zomato.com/pune/hotel-angaraj-1-kondhwa,0,Premium dining
https://www.zomato.com/pune/chef-abhis-kitchen-aundh,1,Polarizing experiences
https://www.zomato.com/pune/mothers-meal-pashan,1,Polarizing experiences
https://www.zomato.com/pune/puneri-katta-wanowrie,0,Premium dining
https://www.zomato.com/pune/shanghai-delights-hadapsar,1,Polarizing experiences
https://www.zomato.com/pune/kcs-food-logic-wanowrie,0,Premium dining
https://www.zomato.com/pune/parijat-sweets-viman-nagar,1,Polarizing experiences
https://www.zomato.com/pune/sahyadri-misal-house-pimpri,3,Low-volume neighborhood venues
https://www.zomato.com/pune/varuna-pure-veg-wakad,0,Premium dining
https://www.zomato.com/pune/tuljai-biryani-shukrawar-peth,0,Premium dining
https://www.zomato.com/pune/suryas-24-carat-biryani-kothrud,1,Polarizing experiences
https://www.zomato.com/pune/darshini-aundh,0,Premium dining
https://www.zomato.com/pune/classic-pani-puri-viman-nagar,3,Low-volume neighborhood venues
https://www.zomato.com/pune/the-jumbo-foods-sinhgad-road,0,Premium dining
https://www.zomato.com/pune/farmhouse-avis-restaurant-kondhwa,0,Premium dining
https://www.zomato.com/pune/royal-connaught-boat-club-bund-garden,0,Premium dining
https://www.zomato.com/pune/baithak-dhaba-lonavala,0,Premium dining
https://www.zomato.com/pune/swagat-macchi-house-hadapsar,1,Polarizing experiences
https://www.zomato.com/pune/chinar-gardens-china-garden-baner,1,Polarizing experiences
https://www.zomato.com/pune/rahul-garden-restaurant-bhosari,1,Polarizing experiences
https://www.zomato.com/pune/the-cake-art-baner,0,Premium dining
https://www.zomato.com/pune/baileys-the-cake-shop-1-pimple-saudagar,0,Premium dining
https://www.zomato.com/pune/siddharth-pav-bhaji-camp-area,0,Premium dining
https://www.zomato.com/pune/pauls-kondhwa,0,Premium dining
https://www.zomato.com/pune/mini-wok-oriental-kitchen-model-colony,0,Premium dining
https://www.zomato.com/pune/aubergine-parc-estique-viman-nagar,2,High-volume crowd favorites
https://www.zomato.com/pune/simply-south-kothrud,1,Polarizing experiences
https://www.zomato.com/pune/nandanvan-wanowrie,1,Polarizing experiences
https://www.zomato.com/pune/golden-chopsticx-pimple-saudagar,0,Premium dining
https://www.zomato.com/pune/rudra-restaurant-bar-mulshi,1,Polarizing experiences
https://www.zomato.com/pune/bake-n-cake-viman-nagar,1,Polarizing experiences
https://www.zomato.com/pune/sanjivani-ice-cream-nigdi,0,Premium dining
https://www.zomato.com/pune/momo-bistro-1-nibm-road,0,Premium dining
https://www.zomato.com/pune/madras-cafe-aundh,0,Premium dining
https://www.zomato.com/pune/mughals-east-street,0,Premium dining
https://www.zomato.com/pune/toni-daa-dhaba-old-mumbai-pune-highway,1,Polarizing experiences
https://www.zomato.com/pune/star-food-caterers-1-wakad,0,Premium dining
https://www.zomato.com/pune/mb-foods-hadapsar,1,Polarizing experiences
https://www.zomato.com/pune/puneri-biryani-1-kharadi,0,Premium dining
https://www.zomato.com/pune/hotel-hare-krushna-bibvewadi,1,Polarizing experiences
https://www.zomato.com/pune/steak-house-wadgaon-sheri,0,Premium dining
https://www.zomato.com/pune/eatino-baner,0,Premium dining
https://www.zomato.com/pune/goodfellas-cafe-bistro-wakad,2,High-volume crowd favorites
https://www.zomato.com/pune/healthy-affairs-1-bibvewadi,3,Low-volume neighborhood venues
https://www.zomato.com/pune/the-sugar-factory-1-bibvewadi,0,Premium dining
https://www.zomato.com/pune/bakers-point-nibm-road,3,Low-volume neighborhood venues
https://www.zomato.com/pune/hotel-nagpur-sadashiv-peth,0,Premium dining
https://www.zomato.com/pune/sawariya-delhi-chaat-and-pav-bhaji-wakad,3,Low-volume neighborhood venues
https://www.zomato.com/pune/breakfirst-kharadi,3,Low-volume neighborhood venues
https://www.zomato.com/pune/matargashti-baner,3,Low-volume neighborhood venues
https://www.zomato.com/pune/annapurna-pimpri,0,Premium dining
https://www.zomato.com/pune/perch-all-day-all-night-shivaji-nagar,2,High-volume crowd favorites
https://www.zomato.com/pune/lalit-mahal-fc-road,1,Polarizing experiences
https://www.zomato.com/pune/shailaja-restaurant-bar-jm-road,1,Polarizing experiences
https://www.zomato.com/pune/garam-veg-restaurant-bhosari,0,Premium dining
https://www.zomato.com/pune/shabrii-thalipeeth-center-wakad,1,Polarizing experiences
https://www.zomato.com/pune/red-chilly-chinese-hadapsar,3,Low-volume neighborhood venues
https://www.zomato.com/pune/2-eatly-cafe-talegaon,3,Low-volume neighborhood venues
https://www.zomato.com/pune/prawnelicious-nigdi,1,Polarizing experiences
https://www.zomato.com/pune/radhika-bengali-sweets-viman-nagar,1,Polarizing experiences
https://www.zomato.com/pune/hotel-rajendra-bhojnalay-pune-solapur-road,3,Low-volume neighborhood venues
https://www.zomato.com/pune/pintu-saoji-baner,0,Premium dining
https://www.zomato.com/pune/my-roti-shoti-koregaon-park,0,Premium dining
https://www.zomato.com/pune/lowasa-mundhwa,3,Low-volume neighborhood venues
https://www.zomato.com/pune/hotel-shivmudra-wadgaon-sheri,0,Premium dining
https://www.zomato.com/pune/sangita-bhel-pani-puri-erandwane,3,Low-volume neighborhood venues
https://www.zomato.com/pune/fontana-viva-italian-pizza-bistro-mahalunge,0,Premium dining
https://www.zomato.com/pune/the-grin-bunny-lohegaon,1,Polarizing experiences
https://www.zomato.com/pune/sd-cafe-pashan,3,Low-volume neighborhood venues
https://www.zomato.com/pune/famous-anda-bhurji-balewadi,3,Low-volume neighborhood venues
https://www.zomato.com/pune/mr-crispy-hadapsar,0,Premium dining
https://www.zomato.com/pune/potato-hut-1-balewadi,3,Low-volume neighborhood venues
https://www.zomato.com/pune/pot-biryani-house-kharadi,3,Low-volume neighborhood venues
https://www.zomato.com/pune/pacinos-pashan,0,Premium dining
https://www.zomato.com/pune/pizza-xprs-kondhwa,3,Low-volume neighborhood venues
https://www.zomato.com/pune/desi-masala-bavdhan,3,Low-volume neighborhood venues
https://www.zomato.com/pune/cafe-xinga-nibm-road,3,Low-volume neighborhood venues
https://www.zomato.com/pune/aairas-kitchen-kondhwa,3,Low-volume neighborhood venues
https://www.zomato.com/pune/homemade-the-taste-of-bengal-wagholi,1,Polarizing experiences
https://www.zomato.com/pune/g-b-quality-chinese-tandoori-sinhgad-road,3,Low-volume neighborhood venues
https://www.zomato.com/pune/cafe-aromatic-ravet,3,Low-volume neighborhood venues
https://www.zomato.com/pune/m-i-eggs-and-snacks-center-kharadi,3,Low-volume neighborhood venues
https://www.zomato.com/pune/vintage-club-kharadi,3,Low-volume neighborhood venues
https://www.zomato.com/pune/snacks-salad-kothrud,1,Polarizing experiences
https://www.zomato.com/pune/hungry-mania-viman-nagar,3,Low-volume neighborhood venues
https://www.zomato.com/pune/goli-vada-pav-no-1-narhe,3,Low-volume neighborhood venues
https://www.zomato.com/pune/cafe-ajmera-1-camp-area,3,Low-volume neighborhood venues
https://www.zomato.com/pune/vjs-curry-culture-pashan,3,Low-volume neighborhood venues
https://www.zomato.com/pune/royal-restaurant-chinchwad,1,Polarizing experiences
https://www.zomato.com/pune/momos-n-mock-bavdhan,3,Low-volume neighborhood venues
https://www.zomato.com/pune/robust-koregaon-park,2,High-volume crowd favorites
https://www.zomato.com/pune/something-fishy-viman-nagar,0,Premium dining
https://www.zomato.com/pune/mr-manchurian-hadapsar,0,Premium dining
https://www.zomato.com/pune/zaikedaar-yerawada,0,Premium dining
https://www.zomato.com/pune/puneri-express-wakad,3,Low-volume neighborhood venues
https://www.zomato.com/pune/amol-dakshin-davangiri-dosa-and-snacks-sadashiv-peth,3,Low-volume neighborhood venues
https://www.zomato.com/pune/sanvi-sandwich-viman-nagar,3,Low-volume neighborhood venues
https://www.zomato.com/pune/sachin-restaurant-hadapsar,3,Low-volume neighborhood venues
https://www.zomato.com/pune/the-good-food-kitchen-bhosari,1,Polarizing experiences
https://www.zomato.com/pune/1-more-biryani-narhe,0,Premium dining
https://www.zomato.com/pune/kunal-restaurant-pimpri,1,Polarizing experiences
https://www.zomato.com/pune/coriander-1-karve-nagar,3,Low-volume neighborhood venues
https://www.zomato.com/pune/akshay-pure-veg-family-restaurant-balewadi,0,Premium dining
https://www.zomato.com/pune/the-cake-house-cafe-narhe,3,Low-volume neighborhood venues
https://www.zomato.com/pune/mahesh-masoli-dhabba-lonavala,0,Premium dining
https://www.zomato.com/pune/mauli-family-paan-house-1-mundhwa,3,Low-volume neighborhood venues
https://www.zomato.com/pune/tulsi-malai-kulfi-icecream-baner,3,Low-volume neighborhood venues
https://www.zomato.com/pune/shamee-kitchen-karve-nagar,1,Polarizing experiences
https://www.zomato.com/pune/namratas-kitchen-sinhgad-road,1,Polarizing experiences
https://www.zomato.com/pune/bombay-sandwich-pizza-pimpri,0,Premium dining
https://www.zomato.com/pune/cake-o-cafe-dairy-don-warje,0,Premium dining
https://www.zomato.com/pune/kaivalya-cafe-katta-narhe,3,Low-volume neighborhood venues
https://www.zomato.com/pune/crossbar-kondhwa,0,Premium dining
https://www.zomato.com/pune/hotel-gayatri-pashan,0,Premium dining
https://www.zomato.com/pune/broccoli-picaddle-resort-lonavala,2,High-volume crowd favorites
https://www.zomato.com/pune/konkan-katta-pimple-saudagar,1,Polarizing experiences
https://www.zomato.com/pune/radhika-pure-veg-hadapsar,3,Low-volume neighborhood venues
https://www.zomato.com/pune/taste-of-punjab-balewadi,1,Polarizing experiences
https://www.zomato.com/pune/hotel-shivsankar-hinjawadi,0,Premium dining
https://www.zomato.com/pune/city-plaza-parvati,3,Low-volume neighborhood venues
https://www.zomato.com/pune/jai-mata-di-hinjawadi,0,Premium dining
https://www.zomato.com/pune/desi-chulha-baner,0,Premium dining
https://www.zomato.com/pune/diya-chinese-hinjawadi,0,Premium dining
https://www.zomato.com/pune/the-breakfast-box-pimple-saudagar,0,Premium dining
https://www.zomato.com/pune/shanghai-spice-sizzlers-magarpatta,0,Premium dining
https://www.zomato.com/pune/ycd-yummy-classic-delights-pimple-saudagar,3,Low-volume neighborhood venues
https://www.zomato.com/pune/the-davanageri-benne-dosa-chinchwad,0,Premium dining
https://www.zomato.com/pune/chaat-bazaar-swargate,0,Premium dining
https://www.zomato.com/pune/golden-palms-nigdi,0,Premium dining
https://www.zomato.com/pune/e-hide-cafe-viman-nagar,0,Premium dining
https://www.zomato.com/pune/shree-chamunda-purohit-dining-hall-hinjawadi,0,Premium dining
https://www.zomato.com/pune/new-sagar-pure-veg-warje,1,Polarizing experiences
https://www.zomato.com/pune/saptagiri-akurdi,0,Premium dining
https://www.zomato.com/pune/mazzedar-nigdi,0,Premium dining
https://www.zomato.com/pune/vandana-magarpatta,0,Premium dining
https://www.zomato.com/pune/om-pure-veg-kondhwa,3,Low-volume neighborhood venues
https://www.zomato.com/pune/naivedyam-parvati,0,Premium dining
https://www.zomato.com/pune/hotel-kautik-pimple-saudagar,3,Low-volume neighborhood venues
https://www.zomato.com/pune/metro-nine-restro-bar-pimpri,1,Polarizing experiences
https://www.zomato.com/pune/alens-restaurant-kondhwa,3,Low-volume neighborhood venues
https://www.zomato.com/pune/amrapali-restaurant-warje,1,Polarizing experiences
https://www.zomato.com/pune/kasba-royal-orchid-golden-suites-kalyani-nagar,2,High-volume crowd favorites
https://www.zomato.com/pune/puneri-sweets-vishrantwadi,3,Low-volume neighborhood venues
https://www.zomato.com/pune/hotel-morya-chandan-nagar,0,Premium dining
https://www.zomato.com/pune/kaveri-sea-food-warje,0,Premium dining
https://www.zomato.com/pune/barbeque-deck-sinhgad-road,1,Polarizing experiences
https://www.zomato.com/pune/sidheshwar-foods-pune-solapur-road,3,Low-volume neighborhood venues
https://www.zomato.com/pune/kwality-chinchwad,0,Premium dining
https://www.zomato.com/pune/just-baked-dhole-patil-road,0,Premium dining
https://www.zomato.com/pune/hotel-haveli-bhosari,0,Premium dining
https://www.zomato.com/pune/amaar-family-resto-chandan-nagar,0,Premium dining
https://www.zomato.com/pune/ibaco-kalyani-nagar,0,Premium dining
https://www.zomato.com/pune/tapri-the-street-cafe-hadapsar,1,Polarizing experiences
https://www.zomato.com/pune/haveli-unlimited-kothrud,0,Premium dining
https://www.zomato.com/pune/mad-about-drinks-law-college-road,2,High-volume crowd favorites
https://www.zomato.com/pune/shri-sai-lunch-home-1-sadashiv-peth,1,Polarizing experiences
https://www.zomato.com/pune/janjira-sea-food-resto-sadashiv-peth,2,High-volume crowd favorites
https://www.zomato.com/pune/hotel-sahil-rasta-peth,1,Polarizing experiences
https://www.zomato.com/pune/marvels-cake-and-bake-kharadi,0,Premium dining
https://www.zomato.com/pune/darvatkar-dosa-center-katraj,3,Low-volume neighborhood venues
https://www.zomato.com/pune/taha-curry-more-kharadi,0,Premium dining
https://www.zomato.com/pune/chawadi-grand-chinchwad,0,Premium dining
https://www.zomato.com/pune/afc-2-nibm-road,1,Polarizing experiences
https://www.zomato.com/pune/world-of-sweets-wakad,1,Polarizing experiences
https://www.zomato.com/pune/bora-chinese-viman-nagar,3,Low-volume neighborhood venues
https://www.zomato.com/pune/spice-garden-kothrud,0,Premium dining
https://www.zomato.com/pune/china-in-box-katraj,0,Premium dining
https://www.zomato.com/pune/indu-veg-restaurant-katraj,0,Premium dining
https://www.zomato.com/pune/china-hut-1-kothrud,3,Low-volume neighborhood venues
https://www.zomato.com/pune/rajeshahi-biryanis-bibvewadi,1,Polarizing experiences
https://www.zomato.com/pune/urban-spices-lonavala,3,Low-volume neighborhood venues
https://www.zomato.com/pune/bobby-da-dhaba-dehu-road,1,Polarizing experiences
https://www.zomato.com/pune/le-shawarma-1-wagholi,1,Polarizing experiences
https://www.zomato.com/pune/khandesh-jalgaon-mh-19-warje,1,Polarizing experiences
https://www.zomato.com/pune/kumbhakaran-com-kharadi,0,Premium dining
https://www.zomato.com/pune/your-ale-house-baner,2,High-volume crowd favorites
https://www.zomato.com/pune/padma-foods-law-college-road,3,Low-volume neighborhood venues
https://www.zomato.com/pune/shangri-la-erandwane,0,Premium dining
https://www.zomato.com/pune/manali-pure-veg-erandwane,0,Premium dining
https://www.zomato.com/pune/makkhan-maar-ke-baner,0,Premium dining
https://www.zomato.com/pune/dragon-family-restaurant-jm-road,1,Polarizing experiences
https://www.zomato.com/pune/kirti-fruit-juice-center-fc-road,0,Premium dining
https://www.zomato.com/pune/abhiman-pure-veg-pashan,1,Polarizing experiences
https://www.zomato.com/pune/ice-n-spice-katraj,0,Premium dining
https://www.zomato.com/pune/momos-house-bhosari,1,Polarizing experiences
https://www.zomato.com/pune/nice-feel-cafe-hinjawadi,3,Low-volume neighborhood venues
https://www.zomato.com/pune/mk-foods-balewadi,3,Low-volume neighborhood venues
https://www.zomato.com/pune/dhhyaass-hydrabad-biryani-paradise-hadapsar,3,Low-volume neighborhood venues
https://www.zomato.com/pune/sushil-misal-and-pohe-sadashiv-peth,0,Premium dining
https://www.zomato.com/pune/7-apple-resort-appetite-lonavala,3,Low-volume neighborhood venues
https://www.zomato.com/pune/the-divine-cafe-kharadi,3,Low-volume neighborhood venues
https://www.zomato.com/pune/kolhapuri-mirchi-1-nibm-road,3,Low-volume neighborhood venues
https://www.zomato.com/pune/a1-xprs-akurdi,3,Low-volume neighborhood venues
https://www.zomato.com/pune/pizza-bytes-kharadi,3,Low-volume neighborhood venues
https://www.zomato.com/pune/salad-story-kondhwa,3,Low-volume neighborhood venues
https://www.zomato.com/pune/foodies-table-baner,3,Low-volume neighborhood venues
https://www.zomato.com/pune/garwa-veg-nonveg-hadapsar,1,Polarizing experiences
https://www.zomato.com/pune/tasty-punjab-1-magarpatta,0,Premium dining
https://www.zomato.com/pune/chicken-xperience-by-venkys-narhe,1,Polarizing experiences
https://www.zomato.com/pune/hotel-vedant-pure-veg-katraj,1,Polarizing experiences
https://www.zomato.com/pune/uk-blend-kothrud,3,Low-volume neighborhood venues
https://www.zomato.com/pune/auntys-kitchen-dhankawadi,3,Low-volume neighborhood venues
https://www.zomato.com/pune/haveli-wagholi,3,Low-volume neighborhood venues
https://www.zomato.com/pune/green-woods-the-vegetarian-kitchen-bhosari,3,Low-volume neighborhood venues
https://www.zomato.com/pune/shree-narayan-khaman-and-sweets-dhankawadi,1,Polarizing experiences
https://www.zomato.com/pune/jivitva-hinjawadi,3,Low-volume neighborhood venues
https://www.zomato.com/pune/café-24-mind-space-hotel-pimpri,2,High-volume crowd favorites
https://www.zomato.com/pune/pet-pooja-indian-chinese-restaurant-hadapsar,3,Low-volume neighborhood venues
https://www.zomato.com/burger-mela-food-truck,1,Polarizing experiences
https://www.zomato.com/pune/om-shree-chinese-restaurant-pimple-gurav,3,Low-volume neighborhood venues
https://www.zomato.com/pune/a1-pizza-parvati,1,Polarizing experiences
https://www.zomato.com/pune/ice-cream-factory-kothrud,1,Polarizing experiences
https://www.zomato.com/pune/brihat-balewadi,0,Premium dining
https://www.zomato.com/pune/cafe-delight-talegaon,3,Low-volume neighborhood venues
https://www.zomato.com/pune/relax-pure-veg-katraj,0,Premium dining
https://www.zomato.com/pune/wink-meet-eat-baner,0,Premium dining
https://www.zomato.com/pune/galaxy-cafe-chakan,3,Low-volume neighborhood venues
https://www.zomato.com/pune/al-nayaab-yerawada,1,Polarizing experiences
https://www.zomato.com/pune/ranwara-family-restaurant-wagholi,0,Premium dining
https://www.zomato.com/pune/junglehood-shivapur,0,Premium dining
https://www.zomato.com/pune/south-more-model-colony,0,Premium dining
https://www.zomato.com/pune/riwayat-viman-nagar,0,Premium dining
https://www.zomato.com/pune/tarif-biryani-house-bavdhan,3,Low-volume neighborhood venues
https://www.zomato.com/pune/momos-hut-pimple-gurav,3,Low-volume neighborhood venues
https://www.zomato.com/pune/kohinoor-family-restaurant-pimpri,3,Low-volume neighborhood venues
https://www.zomato.com/pune/amrut-bhel-sinhgad-road,3,Low-volume neighborhood venues
https://www.zomato.com/pune/papas-choice-wakad,0,Premium dining
https://www.zomato.com/pune/rajeshahi-family-restaurant-sinhgad-road,1,Polarizing experiences
https://www.zomato.com/pune/hotel-garwa-pune-solapur-road,1,Polarizing experiences
https://www.zomato.com/pune/blackout-9-grand-exotica-business-hotel-chinchwad,0,Premium dining
https://www.zomato.com/pune/coffee-hub-salunkhe-vihar-road,0,Premium dining
https://www.zomato.com/pune/suras-dining-hall-parvati,0,Premium dining
https://www.zomato.com/pune/radha-krushna-sinhgad-road,1,Polarizing experiences
https://www.zomato.com/pune/medhekar-misal-kothrud,3,Low-volume neighborhood venues
https://www.zomato.com/pune/purohit-pizza-and-sandwich-pimple-saudagar,0,Premium dining
https://www.zomato.com/pune/purohit-sweets-swargate,0,Premium dining
https://www.zomato.com/pune/tara-mulchand-sweets-bibvewadi,0,Premium dining
https://www.zomato.com/pune/gavkari-warje,0,Premium dining
https://www.zomato.com/pune/goli-vada-pav-no-1-hadapsar,0,Premium dining
https://www.zomato.com/pune/k-p-biryaniwala-pimple-nilakh,0,Premium dining
https://www.zomato.com/pune/saurashtra-ni-rasdhar-baner,1,Polarizing experiences
https://www.zomato.com/pune/nawabi-rasoi-kothrud,1,Polarizing experiences
https://www.zomato.com/pune/pind-punjab-street-food-sweets-kharadi,1,Polarizing experiences
https://www.zomato.com/pune/hotel-kolhapuri-katta-hadapsar,0,Premium dining
https://www.zomato.com/pune/the-juicy-hub-1-bavdhan,0,Premium dining
https://www.zomato.com/pune/radhika-ac-garden-resto-lonavala,1,Polarizing experiences
https://www.zomato.com/pune/aaswad-wakad,3,Low-volume neighborhood venues
https://www.zomato.com/pune/radha-krishna-hinjawadi,1,Polarizing experiences
https://www.zomato.com/pune/raibhan-rasta-peth,3,Low-volume neighborhood venues
https://www.zomato.com/pune/kanak-restaurant-viman-nagar,0,Premium dining
https://www.zomato.com/pune/paradise-cafe-mulshi,1,Polarizing experiences
https://www.zomato.com/pune/kolhapuri-tadka-balewadi,3,Low-volume neighborhood venues
https://www.zomato.com/pune/sidhu-punjabi-dhaba-old-mumbai-pune-highway,0,Premium dining
https://www.zomato.com/pune/hotel-shreepad-mulshi,0,Premium dining
https://www.zomato.com/pune/hotel-jai-bhawani-shivapur,0,Premium dining
https://www.zomato.com/pune/rasoi-dining-hall-shaniwar-peth,0,Premium dining
https://www.zomato.com/pune/feast-cafe-and-lounge-spree-hotel-pimpri,2,High-volume crowd favorites
https://www.zomato.com/pune/kanak-swargate,1,Polarizing experiences
https://www.zomato.com/pune/ritz-restaurant-camp-area,0,Premium dining
https://www.zomato.com/pune/sunrise-restaurant-hinjawadi,1,Polarizing experiences
https://www.zomato.com/pune/royal-samrat-bhosari,1,Polarizing experiences
https://www.zomato.com/pune/ketan-family-garden-warje,3,Low-volume neighborhood venues
https://www.zomato.com/pune/shruti-restaurant-bar-akurdi,2,High-volume crowd favorites
https://www.zomato.com/pune/daily-treats-the-westin-mundhwa,2,High-volume crowd favorites
https://www.zomato.com/pune/the-raj-restaurant-bar-kothrud,0,Premium dining
https://www.zomato.com/pune/crust-patisserie-deli-novotel-viman-nagar,0,Premium dining
https://www.zomato.com/pune/v-deck-balewadi,2,High-volume crowd favorites
https://www.zomato.com/pune/shree-upahar-gruha-sadashiv-peth,0,Premium dining
https://www.zomato.com/pune/vaishali-hadapsar,0,Premium dining
https://www.zomato.com/pune/hotel-harsh-kothrud,2,High-volume crowd favorites
https://www.zomato.com/pune/kesar-family-restaurant-balewadi,0,Premium dining
https://www.zomato.com/pune/fusion-fariyas-holiday-resort-lonavala,0,Premium dining
https://www.zomato.com/pune/baarish-aundh,0,Premium dining
https://www.zomato.com/pune/amalfi-ambrosia-resort-and-spa-bavdhan,2,High-volume crowd favorites
https://www.zomato.com/pune/panhalgad-chinchwad,0,Premium dining
https://www.zomato.com/pune/osheens-varhadi-rasoi-flavours-from-nagpur-wagholi,3,Low-volume neighborhood venues
https://www.zomato.com/pune/the-american-street-viman-nagar,3,Low-volume neighborhood venues
https://www.zomato.com/pune/dumb-dumber-fc-road,2,High-volume crowd favorites
https://www.zomato.com/pune/indigo-burger-project-hadapsar,1,Polarizing experiences
https://www.zomato.com/pune/r-k-chinese-house-katraj,0,Premium dining
https://www.zomato.com/pune/amma-foods-kharadi,0,Premium dining
https://www.zomato.com/pune/cakezone-mundhwa,0,Premium dining
https://www.zomato.com/pune/kibbeh-aundh,0,Premium dining
https://www.zomato.com/pune/café-arabian-delight-kondhwa,1,Polarizing experiences
https://www.zomato.com/pune/pgi-restaurant-rasta-peth,0,Premium dining
https://www.zomato.com/pune/the-pizza-rocks-cafe-hadapsar,1,Polarizing experiences
https://www.zomato.com/pune/hotel-siddhi-1-karve-nagar,3,Low-volume neighborhood venues
https://www.zomato.com/pune/cafe-bonjour-vishrantwadi,3,Low-volume neighborhood venues
https://www.zomato.com/pune/chai-tapri-baner,0,Premium dining
https://www.zomato.com/pune/kuch-light-kuch-delight-nigdi,1,Polarizing experiences
https://www.zomato.com/pune/happy-da-dhaba-sinhgad-road,3,Low-volume neighborhood venues
https://www.zomato.com/pune/cheezy-bites-3-kothrud,3,Low-volume neighborhood venues
https://www.zomato.com/pune/grub-mix-kothrud,3,Low-volume neighborhood venues
https://www.zomato.com/pune/torso-curl-the-gym-cafe-baner,1,Polarizing experiences
https://www.zomato.com/pune/snacks-n-shakes-wakad,0,Premium dining
https://www.zomato.com/pune/live-cake-wanowrie,1,Polarizing experiences
https://www.zomato.com/pune/swara-caffee-bavdhan,3,Low-volume neighborhood venues
https://www.zomato.com/pune/lai-bhari-kolhapuri-2-hinjawadi,3,Low-volume neighborhood venues
https://www.zomato.com/pune/tbar-cafe-hadapsar,3,Low-volume neighborhood venues
https://www.zomato.com/pune/yo-paajis-vishrantwadi,0,Premium dining
https://www.zomato.com/pune/tasty-chinese-rolls-momos-wakad,1,Polarizing experiences
https://www.zomato.com/pune/food-flavour-wagholi,3,Low-volume neighborhood venues
https://www.zomato.com/pune/chintoos-the-foodies-hub-pimpri,0,Premium dining
https://www.zomato.com/pune/cafe-cremyz-14-1-dange-chowk,3,Low-volume neighborhood venues
https://www.zomato.com/pune/mayur-pavbhaji-fast-food-ravet,3,Low-volume neighborhood venues
https://www.zomato.com/pune/matruchhaya-malvani-restaurant-ravet,0,Premium dining
https://www.zomato.com/pune/foodsway-caffe-express-shivaji-nagar,3,Low-volume neighborhood venues
https://www.zomato.com/pune/the-dream-kitchen-magarpatta,2,High-volume crowd favorites
https://www.zomato.com/pune/reddy-vada-pav-vishrantwadi,0,Premium dining
https://www.zomato.com/pune/jalebi-junction-kalyani-nagar,1,Polarizing experiences
https://www.zomato.com/pune/temptations-wakad,3,Low-volume neighborhood venues
https://www.zomato.com/pune/hotel-vishranti-vishrantwadi,0,Premium dining
https://www.zomato.com/pune/hotel-basri-baner,2,High-volume crowd favorites
https://www.zomato.com/pune/hotel-green-villa-bhugaon,3,Low-volume neighborhood venues
https://www.zomato.com/pune/shree-sai-pure-veg-mundhwa,1,Polarizing experiences
https://www.zomato.com/pune/deelasa-chinese-fastfood-sinhgad-road,1,Polarizing experiences
https://www.zomato.com/pune/royal-woods-old-mumbai-pune-highway,3,Low-volume neighborhood venues
https://www.zomato.com/pune/babbi-daa-punjabi-dhaba-old-mumbai-pune-highway,0,Premium dining
https://www.zomato.com/pune/samarth-pav-bhaji-juice-centre-karve-nagar,0,Premium dining
https://www.zomato.com/pune/punjabi-grill-hadapsar,0,Premium dining
https://www.zomato.com/pune/dalchini-veg-non-veg-hadapsar,0,Premium dining
https://www.zomato.com/pune/badashahi-baner,1,Polarizing experiences
https://www.zomato.com/pune/cafe-hormuz-viman-nagar,0,Premium dining
https://www.zomato.com/pune/samadhan-lunch-home-kharadi,3,Low-volume neighborhood venues
https://www.zomato.com/pune/deepak-sweets-aundh,3,Low-volume neighborhood venues
https://www.zomato.com/pune/orchid-multi-cuisine-restaurant-fortune-inn-exotica-hinjawadi,0,Premium dining
https://www.zomato.com/pune/mankar-dosa-kondhawa,0,Premium dining
https://www.zomato.com/pune/hotel-amchee-karve-nagar,3,Low-volume neighborhood venues
https://www.zomato.com/pune/hira-garden-pune-solapur-road,3,Low-volume neighborhood venues
https://www.zomato.com/thesinglemaltandco,2,High-volume crowd favorites
https://www.zomato.com/pune/roopalli-dhole-patil-road,3,Low-volume neighborhood venues
https://www.zomato.com/pune/punjabi-rasoi-pimpri,1,Polarizing experiences
https://www.zomato.com/pune/welcome-to-khau-galli-sinhgad-road,0,Premium dining
https://www.zomato.com/pune/babas-veg-non-veg-erandwane,0,Premium dining
https://www.zomato.com/pune/step-inn-resto-bar-fc-road,0,Premium dining
https://www.zomato.com/pune/cafe-joshua-aundh,0,Premium dining
https://www.zomato.com/pune/hotel-swagat-kothrud,3,Low-volume neighborhood venues
https://www.zomato.com/pune/srushti-family-garden-restaurant-sinhgad-road,1,Polarizing experiences
https://www.zomato.com/pune/mango-sweets-baner,0,Premium dining
https://www.zomato.com/pune/shrimanti-misal-and-snacks-tilak-road,3,Low-volume neighborhood venues
https://www.zomato.com/pune/zaika-fast-food-senapati-bapat-road,0,Premium dining
https://www.zomato.com/pune/china-dragon-kharadi,1,Polarizing experiences
https://www.zomato.com/pune/90s-boy-pizza-baner,0,Premium dining
https://www.zomato.com/pune/spice-fusion-multi-cuisine-fine-dine-pimpri,2,High-volume crowd favorites
https://www.zomato.com/pune/andhra-mess-hinjawadi,0,Premium dining
https://www.zomato.com/pune/radhika-flavours-of-east-kharadi,1,Polarizing experiences
https://www.zomato.com/pune/cake-shake-viman-nagar,0,Premium dining
https://www.zomato.com/pune/garas-cafe-kharadi,3,Low-volume neighborhood venues
https://www.zomato.com/pune/jayesh-a1-sandwiches-kothrud,0,Premium dining
https://www.zomato.com/pune/cake-n-balloons-kothrud,1,Polarizing experiences
https://www.zomato.com/pune/the-queens-plate-bibvewadi,3,Low-volume neighborhood venues
https://www.zomato.com/pune/talli-nation-mundhwa,3,Low-volume neighborhood venues
https://www.zomato.com/pune/deeps-katta-1-pimple-saudagar,3,Low-volume neighborhood venues
https://www.zomato.com/pune/chai-villa-pimple-nilakh,3,Low-volume neighborhood venues
https://www.zomato.com/pune/menchies-frozen-yogurt-aundh,1,Polarizing experiences
https://www.zomato.com/pune/mike-n-yankees-model-colony,0,Premium dining
https://www.zomato.com/pune/woodlands-express-dhole-patil-road,0,Premium dining
https://www.zomato.com/pune/cafe-diamond-queen-camp-area,0,Premium dining
https://www.zomato.com/pune/ncc-canteen-senapati-bapat-road,0,Premium dining
https://www.zomato.com/pune/sugrans-kolhapuri-non-veg-sadashiv-peth,0,Premium dining
https://www.zomato.com/pune/chaitanya-aundh,1,Polarizing experiences
https://www.zomato.com/pune/green-thing-wadgaon-sheri,0,Premium dining
https://www.zomato.com/pune/relax-point-chandan-nagar,0,Premium dining
https://www.zomato.com/pune/tamanna-multi-cuisine-restaurant-bar-hinjawadi,0,Premium dining
https://www.zomato.com/pune/shangri-la-kamalbaug-wagholi,0,Premium dining
https://www.zomato.com/pune/mumbai-masalaa-lonavala,0,Premium dining
https://www.zomato.com/pune/sher-da-punjab-hadapsar,0,Premium dining
https://www.zomato.com/pune/rangoli-dhaba-wakad,1,Polarizing experiences
https://www.zomato.com/pune/garma-garam-the-authentic-street-food-wakad,0,Premium dining
https://www.zomato.com/pune/masti-katta-pimpri,0,Premium dining
https://www.zomato.com/pune/gundam-katta-1-nigdi,3,Low-volume neighborhood venues
https://www.zomato.com/pune/the-village-corner-bibvewadi,3,Low-volume neighborhood venues
https://www.zomato.com/pune/marathi-zatkaa-lonavala,3,Low-volume neighborhood venues
https://www.zomato.com/pune/collective-creams-aundh,0,Premium dining
https://www.zomato.com/pune/punjabi-paratha-kharadi,3,Low-volume neighborhood venues
https://www.zomato.com/pune/malashree-pure-veg-hinjawadi,3,Low-volume neighborhood venues
https://www.zomato.com/pune/karwar-katta-pimpri,3,Low-volume neighborhood venues
https://www.zomato.com/pune/deokar-biryani-house-lohegaon,3,Low-volume neighborhood venues
https://www.zomato.com/pune/the-cafe-evening-wagholi,3,Low-volume neighborhood venues
https://www.zomato.com/pune/annapurna-restaurant-wagholi,1,Polarizing experiences
https://www.zomato.com/pune/srushti-garden-vishrantwadi,1,Polarizing experiences
https://www.zomato.com/pune/streeeto-tandoori-kharadi,3,Low-volume neighborhood venues
https://www.zomato.com/pune/absolute-punjab-aundh,3,Low-volume neighborhood venues
https://www.zomato.com/pune/thats-eat-hinjawadi,0,Premium dining
https://www.zomato.com/pune/bistro-57-magarpatta,3,Low-volume neighborhood venues
https://www.zomato.com/pune/m-k-fast-food-hub-dhankawadi,3,Low-volume neighborhood venues
https://www.zomato.com/pune/bake-mary-cafe-camp-area,3,Low-volume neighborhood venues
https://www.zomato.com/pune/petoo-hadapsar,3,Low-volume neighborhood venues
https://www.zomato.com/pune/reva-misal-warje,1,Polarizing experiences
https://www.zomato.com/pune/creaminal-treats-hadapsar,3,Low-volume neighborhood venues
https://www.zomato.com/pune/cockatoo-the-fusion-bar-eatery-wakad,0,Premium dining
https://www.zomato.com/pune/sairat-chinese-and-tandoor-point-kharadi,1,Polarizing experiences
https://www.zomato.com/pune/appas-gurudev-sandwich-pizza-corner-sadashiv-peth,3,Low-volume neighborhood venues
https://www.zomato.com/pune/moshing-cuppa-hinjawadi,0,Premium dining
https://www.zomato.com/pune/mr-murga-biryani-karve-nagar,3,Low-volume neighborhood venues
https://www.zomato.com/pune/bake-mary-cafe-east-street,3,Low-volume neighborhood venues
https://www.zomato.com/pune/anna-dosa-wagholi,1,Polarizing experiences
https://www.zomato.com/pune/rajmudra-sadashiv-peth,3,Low-volume neighborhood venues
https://www.zomato.com/pune/hotel-alnoor-aundh,1,Polarizing experiences
https://www.zomato.com/pune/hotel-annapurna-akurdi,1,Polarizing experiences
https://www.zomato.com/pune/a-taste-of-indore-fun-food-kondhwa,1,Polarizing experiences
https://www.zomato.com/pune/the-roadies-momos-cafe-sinhgad-road,1,Polarizing experiences
https://www.zomato.com/pune/purnabramha-satara-road,1,Polarizing experiences
https://www.zomato.com/pune/bregos-cafe-eatery-kharadi,3,Low-volume neighborhood venues
https://www.zomato.com/pune/purepur-kolhapur-kothrud,1,Polarizing experiences
https://www.zomato.com/pune/bengamese-viman-nagar,1,Polarizing experiences
https://www.zomato.com/pune/hotel-masoli-dhankawadi,1,Polarizing experiences
https://www.zomato.com/pune/manasi-malai-gola-dhankawadi,0,Premium dining
https://www.zomato.com/pune/t3-resto-nibm-road,1,Polarizing experiences
https://www.zomato.com/pune/aangan-juice-corner-vishrantwadi,1,Polarizing experiences
https://www.zomato.com/pune/jayshree-pure-veg-kalyani-nagar,0,Premium dining
https://www.zomato.com/pune/megabites-magarpatta,1,Polarizing experiences
https://www.zomato.com/pune/pebbles-viman-nagar,3,Low-volume neighborhood venues
https://www.zomato.com/pune/kota-kachori-namkeens-wakad,0,Premium dining
https://www.zomato.com/pune/silver-spoon-restro-lounge-kondhwa,2,High-volume crowd favorites
https://www.zomato.com/pune/emerald-nigdi,0,Premium dining
https://www.zomato.com/pune/khana-khajana-nibm-road,1,Polarizing experiences
https://www.zomato.com/pune/saheba-hotel-vishrantwadi,1,Polarizing experiences
https://www.zomato.com/pune/hotel-kondhana-khadakwasla,3,Low-volume neighborhood venues
https://www.zomato.com/pune/nevrekar-health-home-budhwar-peth,3,Low-volume neighborhood venues
https://www.zomato.com/pune/faizan-caterers-kondhwa,0,Premium dining
https://www.zomato.com/pune/greenwood-resort-khadakwasla,0,Premium dining
https://www.zomato.com/pune/shahi-dawat-camp-area,0,Premium dining
https://www.zomato.com/pune/mh-27-pimple-saudagar,0,Premium dining
https://www.zomato.com/pune/banglore-iyanagrs-bakery-sweets-aundh,3,Low-volume neighborhood venues
https://www.zomato.com/pune/hotel-jay-malhar-pimpri,3,Low-volume neighborhood venues
https://www.zomato.com/pune/vaibhav-restaurant-pune-university,0,Premium dining
https://www.zomato.com/pune/kailash-garden-shivapur,0,Premium dining
https://www.zomato.com/pune/atithi-kothrud,2,High-volume crowd favorites
https://www.zomato.com/pune/sukh-sagar-1-camp-area,0,Premium dining
https://www.zomato.com/pune/cafe-connect-erandwane,0,Premium dining
https://www.zomato.com/pune/maharashtra-restaurant-aundh,3,Low-volume neighborhood venues
https://www.zomato.com/pune/pushkar-sweets-kalyani-nagar,3,Low-volume neighborhood venues
https://www.zomato.com/pune/the-taste-with-spicy-twist-viman-nagar,0,Premium dining
https://www.zomato.com/pune/chavan-restaurant-salunkhe-vihar-road,3,Low-volume neighborhood venues
https://www.zomato.com/coffeetococktailsbar,2,High-volume crowd favorites
https://www.zomato.com/pune/hotel-shri-durga-chandan-nagar,0,Premium dining
https://www.zomato.com/pune/preets-punjabi-swad-hinjawadi,0,Premium dining
https://www.zomato.com/pune/yermala-special-machchi-sinhgad-road,0,Premium dining
https://www.zomato.com/pune/tandoorkars-kitchen-baner,0,Premium dining
https://www.zomato.com/pune/casa-nostra-wadgaon-sheri,0,Premium dining
https://www.zomato.com/pune/aur-irani-chai-baner,0,Premium dining
https://www.zomato.com/pune/aakash-hotel-kharadi,0,Premium dining
https://www.zomato.com/sahil-chinese-fast-food-food-t,3,Low-volume neighborhood venues
https://www.zomato.com/pune/cafe-india-kondhwa,0,Premium dining
https://www.zomato.com/pune/la-bouchee-dor-koregaon-park,0,Premium dining
https://www.zomato.com/pune/swad-sadashiv-peth,3,Low-volume neighborhood venues
https://www.zomato.com/pune/cactus-beer-bar-camp-area,0,Premium dining
https://www.zomato.com/pune/hotel-sandeep-shivaji-nagar,3,Low-volume neighborhood venues
https://www.zomato.com/pune/hotel-andhra-mess-yerawada,3,Low-volume neighborhood venues
https://www.zomato.com/pune/chai-express-kothrud,0,Premium dining
https://www.zomato.com/pune/reddys-fast-food-yerawada,1,Polarizing experiences
https://www.zomato.com/pune/perks-n-brews-viman-nagar,0,Premium dining
https://www.zomato.com/pune/hotel-ganraj-sinhgad-road,3,Low-volume neighborhood venues
https://www.zomato.com/pune/kirti-restaurant-bar-vishrantwadi,1,Polarizing experiences
https://www.zomato.com/pune/legacy-restaurant-viman-nagar,2,High-volume crowd favorites
https://www.zomato.com/pune/uncles-kitchen-vishrantwadi,0,Premium dining
https://www.zomato.com/pune/tiger-trail-hotel-royal-orchid-central-kalyani-nagar,2,High-volume crowd favorites
https://www.zomato.com/pune/hotel-radha-baner,0,Premium dining
https://www.zomato.com/pune/casa-lolo-deccan-gymkhana,0,Premium dining
https://www.zomato.com/pune/oakleaf-at-oakwood-residence-bund-garden,2,High-volume crowd favorites
https://www.zomato.com/pune/olivia-kothrud,1,Polarizing experiences
https://www.zomato.com/pune/parihar-sweets-dry-fruits-aundh,0,Premium dining
https://www.zomato.com/pune/shree-krishna-juice-bar-jm-road,0,Premium dining
https://www.zomato.com/pune/hrishikesh-seafoods-erandwane,0,Premium dining
https://www.zomato.com/pune/bawarchi-erandwane,1,Polarizing experiences
https://www.zomato.com/pune/sparkle-bakerss-pimple-saudagar,0,Premium dining
https://www.zomato.com/pune/royal-bakery-mg-road,3,Low-volume neighborhood venues
https://www.zomato.com/pune/mitali-garden-restaurant-pimple-nilakh,1,Polarizing experiences
https://www.zomato.com/pune/hotel-jay-bhavani-chandan-nagar,1,Polarizing experiences
https://www.zomato.com/pune/tree-house-cafe-lonavala,0,Premium dining
https://www.zomato.com/pune/chynnax-rolls-wraps-wakad,0,Premium dining
https://www.zomato.com/pune/chinaar-pure-veg-hadapsar,0,Premium dining
https://www.zomato.com/pune/hotel-super-shriraj-wakad,0,Premium dining
https://www.zomato.com/pune/the-fat-and-the-sexy-chef-wanowrie,0,Premium dining
https://www.zomato.com/pune/yes-ok-pizza-chakan,1,Polarizing experiences
https://www.zomato.com/pune/khana-khazana-pimple-saudagar,0,Premium dining
https://www.zomato.com/pune/much-much-wakad,3,Low-volume neighborhood venues
https://www.zomato.com/pune/xfoo-hangout-katraj,3,Low-volume neighborhood venues
https://www.zomato.com/pune/indori-choupal-sinhgad-road,3,Low-volume neighborhood venues
https://www.zomato.com/pune/biryani-bowl-ravet,1,Polarizing experiences
https://www.zomato.com/pune/h2o-yummies-pani-puri-nigdi,0,Premium dining
https://www.zomato.com/pune/lions-dhaaba-6-lonavala,2,High-volume crowd favorites
https://www.zomato.com/pune/misal-ani-barach-kahi-viman-nagar,0,Premium dining
https://www.zomato.com/pune/celebration-pimpri,0,Premium dining
https://www.zomato.com/pune/myshas-biryani-wagholi,0,Premium dining
https://www.zomato.com/pune/hotel-jai-bhawani-katraj,0,Premium dining
https://www.zomato.com/pune/masakha-seafood-resto-bar-narhe,2,High-volume crowd favorites
https://www.zomato.com/pune/hotel-kalpana-sadashiv-peth,0,Premium dining
https://www.zomato.com/pune/akkha-masoor-pailwan-dhaba-1-karve-nagar,0,Premium dining
https://www.zomato.com/pune/kakas-kitchen-1-pashan,3,Low-volume neighborhood venues
https://www.zomato.com/pune/druk-bistro-nibm-road,3,Low-volume neighborhood venues
https://www.zomato.com/pune/harajuku-the-o-hotel-koregaon-park,2,High-volume crowd favorites
https://www.zomato.com/pune/jayshree-pure-veg-bibvewadi,0,Premium dining
https://www.zomato.com/pune/new-hyderabadi-biryani-house-magarpatta,1,Polarizing experiences
https://www.zomato.com/pune/hotel-delhi-darbar-viman-nagar,0,Premium dining
https://www.zomato.com/pune/sumitra-restaurant-kothrud,0,Premium dining
https://www.zomato.com/pune/magnolia-baner,2,High-volume crowd favorites
https://www.zomato.com/pune/jai-bhavani-dhankawadi,0,Premium dining
https://www.zomato.com/pune/dragon-aundh,1,Polarizing experiences
https://www.zomato.com/pune/sagar-camp-area,0,Premium dining
https://www.zomato.com/pune/vanashree-garden-restaurant-bavdhan,3,Low-volume neighborhood venues
https://www.zomato.com/pune/tiffinee-katraj,0,Premium dining
https://www.zomato.com/pune/groot-cafe-wagholi,3,Low-volume neighborhood venues
https://www.zomato.com/pune/gaarva-family-restaurant-and-bar-chakan,3,Low-volume neighborhood venues
https://www.zomato.com/pune/1000-konts-kothrud,1,Polarizing experiences
https://www.zomato.com/pune/royal-cake-and-more-bibvewadi,0,Premium dining
https://www.zomato.com/pune/hotel-kunal-dehu-road,1,Polarizing experiences
https://www.zomato.com/pune/noodles-co-asian-delivery-kitchen-kothrud,0,Premium dining
https://www.zomato.com/pune/jayashree-pavbhaji-juice-bar-swargate,3,Low-volume neighborhood venues
https://www.zomato.com/pune/puneri-tadka-kondhwa,3,Low-volume neighborhood venues
https://www.zomato.com/pune/grab-chill-hinjawadi,0,Premium dining
https://www.zomato.com/pune/cafe-1000-knots-kothrud,3,Low-volume neighborhood venues
https://www.zomato.com/pune/jovos-2-0-nibm-road,0,Premium dining
https://www.zomato.com/pune/shoor-gavran-thali-viman-nagar,0,Premium dining
https://www.zomato.com/pune/renis-rolls-akurdi,3,Low-volume neighborhood venues
https://www.zomato.com/pune/punjabi-tadka-resto-hinjawadi,1,Polarizing experiences
https://www.zomato.com/pune/tiffins-homely-meals-kothrud,3,Low-volume neighborhood venues
https://www.zomato.com/pune/yashveer-seafood-family-resto-bar-1-sinhgad-road,2,High-volume crowd favorites
https://www.zomato.com/pune/smoked-biryani-2-vishrantwadi,3,Low-volume neighborhood venues
https://www.zomato.com/pune/spice-24-7-kothrud,3,Low-volume neighborhood venues
https://www.zomato.com/pune/china-bhavan-yerawada,3,Low-volume neighborhood venues
https://www.zomato.com/pune/kabul-restaurant-kondhwa,3,Low-volume neighborhood venues
https://www.zomato.com/pune/fortune-cafe-kondhwa,1,Polarizing experiences
https://www.zomato.com/pune/akshaya-restaurant-camp-area,3,Low-volume neighborhood venues
https://www.zomato.com/pune/masters-of-taste-wagholi,3,Low-volume neighborhood venues
https://www.zomato.com/pune/divyanjali-foods-hadapsar,1,Polarizing experiences
https://www.zomato.com/pune/cafe-moriyos-chinchwad,3,Low-volume neighborhood venues
https://www.zomato.com/pune/spice-curry-kharadi,3,Low-volume neighborhood venues
https://www.zomato.com/pune/bread-bash-parvati,3,Low-volume neighborhood venues
https://www.zomato.com/pune/the-rice-bowl-co-pimple-nilakh,3,Low-volume neighborhood venues
https://www.zomato.com/pune/mumbaian-pav-bhaji-baner,3,Low-volume neighborhood venues
https://www.zomato.com/pune/janhvis-pimpri,3,Low-volume neighborhood venues
https://www.zomato.com/pune/hotel-rudra-karve-nagar,3,Low-volume neighborhood venues
https://www.zomato.com/pune/cafe-deccan-deccan-gymkhana,0,Premium dining
https://www.zomato.com/pune/coffee-connection-parvati,3,Low-volume neighborhood venues
https://www.zomato.com/pune/malvan-curry-family-restaurants-hinjawadi,0,Premium dining
https://www.zomato.com/pune/arabian-nights-senapati-bapat-road,1,Polarizing experiences
https://www.zomato.com/pune/tasty-bites-2-kondhwa,3,Low-volume neighborhood venues
https://www.zomato.com/pune/kafe-milano-1-pune-solapur-road,0,Premium dining
https://www.zomato.com/pune/hobbit-food-balewadi,1,Polarizing experiences
https://www.zomato.com/pune/cheez-sos-katraj,0,Premium dining
https://www.zomato.com/pune/bluecherry-family-resto-bar-wagholi,2,High-volume crowd favorites
https://www.zomato.com/pune/martand-misal-1-shukrawar-peth,3,Low-volume neighborhood venues
https://www.zomato.com/pune/hotel-maratha-velu-2-shivapur,3,Low-volume neighborhood venues
https://www.zomato.com/pune/bittos-kulcha-hatti-pimple-saudagar,1,Polarizing experiences
https://www.zomato.com/pune/neelraj-misal-house-baner,3,Low-volume neighborhood venues
https://www.zomato.com/pune/vardhan-pure-veg-kothrud,2,High-volume crowd favorites
https://www.zomato.com/pune/ancient-andhra-hinjawadi,0,Premium dining
https://www.zomato.com/pune/the-thali-palace-camp-area,0,Premium dining
https://www.zomato.com/pune/oh-so-stoned-kharadi,2,High-volume crowd favorites
https://www.zomato.com/pune/karachi-dum-biryani-chinchwad,1,Polarizing experiences
https://www.zomato.com/pune/preksha-veg-restaurant-pimpri,0,Premium dining
https://www.zomato.com/pune/eon-fine-dine-resto-bar-kharadi,2,High-volume crowd favorites
https://www.zomato.com/fork-the-kebab-food-truck,0,Premium dining
https://www.zomato.com/pune/mankar-dosa-center-sinhgad-road,3,Low-volume neighborhood venues
https://www.zomato.com/pune/the-butcher-kothrud,0,Premium dining
https://www.zomato.com/pune/swad-paratha-house-kothrud,3,Low-volume neighborhood venues
https://www.zomato.com/pune/lakewoods-sinhgad-road,0,Premium dining
https://www.zomato.com/pune/sanjivini-upahar-gruh-sadashiv-peth,3,Low-volume neighborhood venues
https://www.zomato.com/pune/chintoos-snacks-meals-pimpri,3,Low-volume neighborhood venues
https://www.zomato.com/pune/garwa-hills-kondhwa,0,Premium dining
https://www.zomato.com/pune/anandi-dining-hall-sinhgad-road,0,Premium dining
https://www.zomato.com/pune/rajyabhishek-kothrud,3,Low-volume neighborhood venues
https://www.zomato.com/pune/phadke-dining-hall-sadashiv-peth,0,Premium dining
https://www.zomato.com/pune/sonai-garden-hotel-hadapsar,1,Polarizing experiences
https://www.zomato.com/pune/satej-snacks-baner,0,Premium dining
https://www.zomato.com/pune/mh-j1-nibm-road,1,Polarizing experiences
https://www.zomato.com/pune/hotel-nisarg-ravet,0,Premium dining
https://www.zomato.com/pune/signature-family-restaurant-bar-chandan-nagar,0,Premium dining
https://www.zomato.com/pune/soy-stories-baner,0,Premium dining
https://www.zomato.com/pune/why-not-tea-the-cafe-wagholi,0,Premium dining
https://www.zomato.com/pune/murli-best-bhelpuri-east-street,0,Premium dining
https://www.zomato.com/pune/latur-corner-sinhgad-road,1,Polarizing experiences
https://www.zomato.com/pune/cheers-lounge-bar-lonavala,2,High-volume crowd favorites
https://www.zomato.com/pune/3d-burger-dhanori,0,Premium dining
https://www.zomato.com/pune/annapurna-caterers-hadapsar,1,Polarizing experiences
https://www.zomato.com/pune/shivprasad-restaurant-bavdhan,3,Low-volume neighborhood venues
https://www.zomato.com/pune/shree-saikrupa-hotel-chandan-nagar,1,Polarizing experiences
https://www.zomato.com/pune/food-galaxy-baner,1,Polarizing experiences
https://www.zomato.com/pune/someshwar-bhel-wagholi,3,Low-volume neighborhood venues
https://www.zomato.com/pune/surabhi-bavdhan,1,Polarizing experiences
https://www.zomato.com/pune/bhagyashree-executive-hadapsar,0,Premium dining
https://www.zomato.com/pune/green-court-resto-n-bar-fatima-nagar,0,Premium dining
https://www.zomato.com/pune/cafe-sai-pure-veg-yerawada,0,Premium dining
https://www.zomato.com/pune/more-dosa-kothrud,0,Premium dining
https://www.zomato.com/pune/pankaj-resto-swargate,3,Low-volume neighborhood venues
https://www.zomato.com/pune/hotel-dwarka-bhosari,3,Low-volume neighborhood venues
https://www.zomato.com/pune/roopa-pure-veg-hinjawadi,0,Premium dining
https://www.zomato.com/pune/satvik-thali-restaurant-sadashiv-peth,3,Low-volume neighborhood venues
https://www.zomato.com/pune/sarovar-restaurant-bar-deccan-gymkhana,0,Premium dining
https://www.zomato.com/pune/shree-krishna-palace-dhole-patil-road,0,Premium dining
https://www.zomato.com/pune/golden-dragon-khadki,0,Premium dining
https://www.zomato.com/pune/hotel-ashirwad-sadashiv-peth,3,Low-volume neighborhood venues
https://www.zomato.com/pune/hotel-bharati-kothrud,3,Low-volume neighborhood venues
https://www.zomato.com/pune/rasoi-se-nigdi,0,Premium dining
https://www.zomato.com/pune/patio-the-bakehouse-aundh,0,Premium dining
https://www.zomato.com/pune/alfa-southin-cafeteria-kalyani-nagar,0,Premium dining
https://www.zomato.com/pune/seven-shawarma-burgers-koregaon-park,0,Premium dining
https://www.zomato.com/pune/shatranj-wine-dine-koregaon-park,2,High-volume crowd favorites
https://www.zomato.com/pune/nitrobuzz-erandwane,2,High-volume crowd favorites
https://www.zomato.com/pune/cafe-choco-craze-akurdi,0,Premium dining
https://www.zomato.com/pune/aai-saheb-bavdhan,0,Premium dining
https://www.zomato.com/pune/hotel-madhuban-garden-resto-bar-hinjawadi,0,Premium dining
https://www.zomato.com/pune/hotel-malvani-gajali-baner,1,Polarizing experiences
https://www.zomato.com/pune/sws-veg-pizzaria-bibvewadi,1,Polarizing experiences
https://www.zomato.com/pune/vishal-restaurant-fatima-nagar,0,Premium dining
https://www.zomato.com/pune/ganraj-bhel-panipuri-katraj,0,Premium dining
https://www.zomato.com/pune/spice-affair-dhanori,1,Polarizing experiences
https://www.zomato.com/pune/glass-cafe-lonavala,3,Low-volume neighborhood venues
https://www.zomato.com/pune/tool-bar-wakad,2,High-volume crowd favorites
https://www.zomato.com/pune/london-bubble-co-kothrud,0,Premium dining
https://www.zomato.com/pune/sa-cremee-erandwane,0,Premium dining
https://www.zomato.com/pune/mr-fries-mrs-maggie-erandwane,1,Polarizing experiences
https://www.zomato.com/pune/hotel-khandeshi-spice-karve-nagar,1,Polarizing experiences
https://www.zomato.com/pune/hotel-king-hadapsar,1,Polarizing experiences
https://www.zomato.com/pune/the-oven-1-lonavala,3,Low-volume neighborhood venues
https://www.zomato.com/pune/dareecha-chinchwad,3,Low-volume neighborhood venues
https://www.zomato.com/pune/healthycious-kothrud,1,Polarizing experiences
https://www.zomato.com/pune/madras-coffee-house-hadapsar,0,Premium dining
https://www.zomato.com/pune/lavangi-mirchi-kolhapurchi-shaniwar-peth,1,Polarizing experiences
https://www.zomato.com/pune/the-casanova-lounge-bavdhan,2,High-volume crowd favorites
https://www.zomato.com/pune/malwani-katta-sinhgad-road,3,Low-volume neighborhood venues
https://www.zomato.com/pune/cafe-london-dreams-koregaon-park,2,High-volume crowd favorites
https://www.zomato.com/pune/nimish-seafoods-erandwane,3,Low-volume neighborhood venues
https://www.zomato.com/pune/amara-mundhwa,0,Premium dining
https://www.zomato.com/pune/aroma-the-ambience-hotel-model-colony,0,Premium dining
https://www.zomato.com/pune/lavang-kitchen-karve-nagar,3,Low-volume neighborhood venues
https://www.zomato.com/pune/kulfi-story-bibvewadi,3,Low-volume neighborhood venues
https://www.zomato.com/pune/chaikund-mulshi,0,Premium dining
https://www.zomato.com/pune/morbiwala-bibvewadi,3,Low-volume neighborhood venues
https://www.zomato.com/pune/kebab-unlimited-hotel-hindusthan-international-viman-nagar,2,High-volume crowd favorites
https://www.zomato.com/pune/damodar-p30-bibvewadi,0,Premium dining
https://www.zomato.com/pune/krishnai-veg-non-veg-restaurant-nibm-road,0,Premium dining
https://www.zomato.com/pune/nagpur-saoji-kothrud,0,Premium dining
https://www.zomato.com/pune/hyderabad-tandoori-dhole-patil-road,1,Polarizing experiences
https://www.zomato.com/pune/green-coriander-pimple-gurav,1,Polarizing experiences
https://www.zomato.com/pune/fly-curry-pimple-saudagar,0,Premium dining
https://www.zomato.com/pune/shri-wadeshwar-bhuvan-sadashiv-peth,0,Premium dining
https://www.zomato.com/pune/peacock-restaurant-shukrawar-peth,2,High-volume crowd favorites
https://www.zomato.com/pune/wake-up-and-eat-wadgaon-sheri,3,Low-volume neighborhood venues
https://www.zomato.com/pune/bangalore-cafe-pure-veg-mg-road,3,Low-volume neighborhood venues
https://www.zomato.com/pune/chilimili-pimple-saudagar,0,Premium dining
https://www.zomato.com/pune/holy-smokes-koregaon-park,0,Premium dining
https://www.zomato.com/pune/kitchen-cornucopia-pimple-nilakh,0,Premium dining
https://www.zomato.com/pune/foodland-restaurant-bund-garden,0,Premium dining
https://www.zomato.com/pune/kanishka-restaurant-bar-warje,0,Premium dining
https://www.zomato.com/pune/shabari-bar-restaurant-kothrud,0,Premium dining
https://www.zomato.com/pune/mehfil-restaurant-bar-satara-road,0,Premium dining
https://www.zomato.com/pune/pushpak-restaurant-bar-kothrud,0,Premium dining
https://www.zomato.com/pune/saptaruchi-chinchwad,0,Premium dining
https://www.zomato.com/pune/hotel-prachi-kharadi,1,Polarizing experiences
https://www.zomato.com/pune/tamanna-cafeteria-hinjawadi,2,High-volume crowd favorites
https://www.zomato.com/pune/hotel-nikhara-sinhgad-road,1,Polarizing experiences
https://www.zomato.com/pune/kgn-special-biryani-wakad,1,Polarizing experiences
https://www.zomato.com/pune/pune-delhi-corner-hadapsar,3,Low-volume neighborhood venues
https://www.zomato.com/pune/moon-light-real-chinese-tandoor-point-warje,3,Low-volume neighborhood venues
https://www.zomato.com/pune/rathod-snacks-mg-road,3,Low-volume neighborhood venues
https://www.zomato.com/pune/hotel-kandil-1-shivapur,3,Low-volume neighborhood venues
https://www.zomato.com/pune/marhaba-viman-nagar,0,Premium dining
https://www.zomato.com/pune/chaat-bazaar-koregaon-park,1,Polarizing experiences
https://www.zomato.com/pune/the-bento-company-kharadi,0,Premium dining
https://www.zomato.com/pune/the-cake-house-n-cafe-katraj,3,Low-volume neighborhood venues
https://www.zomato.com/pune/hero-sandwiches-karve-nagar,1,Polarizing experiences
https://www.zomato.com/pune/cafe-metromix-1-erandwane,0,Premium dining
https://www.zomato.com/pune/chota-bite-by-cafe-goodluck-magarpatta,1,Polarizing experiences
https://www.zomato.com/pune/savlahari-pot-ice-cream-mastani-rasta-peth,3,Low-volume neighborhood venues
https://www.zomato.com/pune/madurai-tiffin-pashan,3,Low-volume neighborhood venues
https://www.zomato.com/pune/vaishnavi-bhel-and-panipuri-center-karve-nagar,3,Low-volume neighborhood venues
https://www.zomato.com/pune/hotel-asmita-wagholi,3,Low-volume neighborhood venues
https://www.zomato.com/pune/torna-misal-1-kharadi,3,Low-volume neighborhood venues
https://www.zomato.com/pune/chutney-sauce-murabba-pimple-nilakh,3,Low-volume neighborhood venues
https://www.zomato.com/pune/hungry-hippos-hadapsar,1,Polarizing experiences
https://www.zomato.com/pune/the-goal-post-baner,2,High-volume crowd favorites
https://www.zomato.com/pune/sairat-biryani-chandan-nagar,3,Low-volume neighborhood venues
https://www.zomato.com/pune/bluffin-muffin-chandan-nagar,3,Low-volume neighborhood venues
https://www.zomato.com/pune/simba-cafe-pimple-gurav,3,Low-volume neighborhood venues
https://www.zomato.com/pune/silver-spoon-akurdi,3,Low-volume neighborhood venues
https://www.zomato.com/pune/kinki-delivery-the-sushi-and-asian-kitchen-balewadi,0,Premium dining
https://www.zomato.com/pune/grooviess-island-wakad,3,Low-volume neighborhood venues
https://www.zomato.com/pune/cafe-chill-and-grill-kothrud,3,Low-volume neighborhood venues
https://www.zomato.com/pune/the-chinese-corner-kothrud,3,Low-volume neighborhood venues
https://www.zomato.com/pune/lay-bhari-anda-bhurji-centre-hinjawadi,1,Polarizing experiences
https://www.zomato.com/pune/divine-foods-ravet,3,Low-volume neighborhood venues
https://www.zomato.com/pune/wrapking-bavdhan,3,Low-volume neighborhood venues
https://www.zomato.com/pune/birya-house-sinhgad-road,3,Low-volume neighborhood venues
https://www.zomato.com/pune/matka-misal-house-hadapsar,3,Low-volume neighborhood venues
https://www.zomato.com/pune/kalyani-food-court-kalyani-nagar,1,Polarizing experiences
https://www.zomato.com/pune/mr-fusionist-nigdi,3,Low-volume neighborhood venues
https://www.zomato.com/pune/as-chinese-yerawada,3,Low-volume neighborhood venues
https://www.zomato.com/pune/cafe@6-koregaon-park,3,Low-volume neighborhood venues
https://www.zomato.com/pune/brawny-food-company-viman-nagar,0,Premium dining
https://www.zomato.com/pune/samarth-misal-house-vishrantwadi,3,Low-volume neighborhood venues
https://www.zomato.com/pune/bakasur-sinhgad-road,0,Premium dining
https://www.zomato.com/pune/downtown-restaurant-bar-lavasa,1,Polarizing experiences
https://www.zomato.com/pune/mankar-bandhu-dosa-sinhgad-road,1,Polarizing experiences
https://www.zomato.com/pune/shree-datta-bhel-hinjawadi,1,Polarizing experiences
https://www.zomato.com/pune/patilwada-lohegaon,3,Low-volume neighborhood venues
https://www.zomato.com/pune/ofcourse-bistro-kothrud,0,Premium dining
https://www.zomato.com/pune/shiv-sai-snacks-aundh,1,Polarizing experiences
https://www.zomato.com/pune/ramsar-bakery-1-shivaji-nagar,1,Polarizing experiences
https://www.zomato.com/pune/rollsz-pimple-saudagar,1,Polarizing experiences
https://www.zomato.com/pune/millet-express-1-baner,0,Premium dining
https://www.zomato.com/pune/pk-spice-sinhgad-road,3,Low-volume neighborhood venues
https://www.zomato.com/pune/stats-rooftop-sports-lounge-baner,1,Polarizing experiences
https://www.zomato.com/pune/sarvadnya-misal-1-wagholi,3,Low-volume neighborhood venues
https://www.zomato.com/pune/old-mumbai-ice-cream-kondhwa,1,Polarizing experiences
https://www.zomato.com/pune/av-biryani-house-wakad,1,Polarizing experiences
https://www.zomato.com/pune/the-noshery-koregaon-park,2,High-volume crowd favorites
https://www.zomato.com/pune/aradhyam-pure-veg-6-bhosari,1,Polarizing experiences
https://www.zomato.com/pune/7club-cafe-chinchwad,3,Low-volume neighborhood venues
https://www.zomato.com/pune/waffle-house-magarpatta,0,Premium dining
https://www.zomato.com/pune/swaad-lucknowi-chaat-paratha-and-more-kondhwa,1,Polarizing experiences
https://www.zomato.com/pune/peshwai-misal-fc-road,3,Low-volume neighborhood venues
https://www.zomato.com/pune/hotel-gavgada-narhe,0,Premium dining
https://www.zomato.com/pune/la-cafe-tera-kothrud,1,Polarizing experiences
https://www.zomato.com/pune/bistro-nutrifood-koregaon-park,0,Premium dining
https://www.zomato.com/pune/rau-shivane,0,Premium dining
https://www.zomato.com/pune/hotel-marathwada-pashan,1,Polarizing experiences
https://www.zomato.com/pune/music-cafe-law-college-road,0,Premium dining
https://www.zomato.com/pune/hotel-shivneri-misal-1-pune-solapur-road,3,Low-volume neighborhood venues
https://www.zomato.com/pune/wrong-turn-bhugaon,0,Premium dining
https://www.zomato.com/pune/gavthan-pune-solapur-road,0,Premium dining
https://www.zomato.com/pune/hotel-niyamat-1-budhwar-peth,1,Polarizing experiences
https://www.zomato.com/pune/akshay-pure-veg-dhankawadi,0,Premium dining
https://www.zomato.com/pune/hotel-suruchi-pimple-gurav,1,Polarizing experiences
https://www.zomato.com/pune/imdr-canteen-fc-road,0,Premium dining
https://www.zomato.com/pune/hotel-carnival-chakan,3,Low-volume neighborhood venues
https://www.zomato.com/pune/durga-pav-bhaji-and-juice-center-hadapsar,1,Polarizing experiences
https://www.zomato.com/pune/hotel-saffron-wakad,3,Low-volume neighborhood venues
https://www.zomato.com/pune/chalo-dilli-wakad,0,Premium dining
https://www.zomato.com/pune/yummilicious-cakes-n-more-wagholi,0,Premium dining
https://www.zomato.com/pune/leeward-balewadi,2,High-volume crowd favorites
https://www.zomato.com/pune/malhar-pimple-saudagar,1,Polarizing experiences
https://www.zomato.com/pune/sai-sagar-chakan,1,Polarizing experiences
https://www.zomato.com/pune/the-cake-palette-lonavala,3,Low-volume neighborhood venues
https://www.zomato.com/pune/flying-cakes-hinjawadi,1,Polarizing experiences
https://www.zomato.com/pune/bageecha-resort-old-mumbai-pune-highway,3,Low-volume neighborhood venues
https://www.zomato.com/pune/jai-ambika-hadapsar,0,Premium dining
https://www.zomato.com/pune/karishma-mount-view-dhaba-lonavala,1,Polarizing experiences
https://www.zomato.com/pune/persian-bakery-kalyani-nagar,0,Premium dining
https://www.zomato.com/pune/calcutta-sweet-mart-salunkhe-vihar-road,3,Low-volume neighborhood venues
https://www.zomato.com/pune/tea-town-koregaon-park,0,Premium dining
https://www.zomato.com/pune/hot-momos-burger-model-colony,0,Premium dining
https://www.zomato.com/pune/rks-hydrabadi-biryani-nigdi,3,Low-volume neighborhood venues
https://www.zomato.com/pune/hotel-shree-kolhapur-shivapur,1,Polarizing experiences
https://www.zomato.com/pune/darbar-the-royal-treat-senapati-bapat-road,0,Premium dining
https://www.zomato.com/pune/paratha-house-katraj,1,Polarizing experiences
https://www.zomato.com/pune/hotel-ashray-swargate,3,Low-volume neighborhood venues
https://www.zomato.com/pune/new-punjabi-grill-bavdhan,1,Polarizing experiences
https://www.zomato.com/pune/shettys-chaat-narhe,1,Polarizing experiences
https://www.zomato.com/pune/zora-yerawada,2,High-volume crowd favorites
https://www.zomato.com/pune/sahils-veg-non-veg-seafood-sinhgad-road,0,Premium dining
https://www.zomato.com/pune/the-rusty-kona-sinhgad-road,2,High-volume crowd favorites
https://www.zomato.com/pune/new-pratik-biryani-house-chinchwad,1,Polarizing experiences
https://www.zomato.com/pune/ladeed-restaurant-viman-nagar,1,Polarizing experiences
https://www.zomato.com/pune/apsara-ice-creams-wakad,0,Premium dining
https://www.zomato.com/pune/raj-bhel-1-lohegaon,1,Polarizing experiences
https://www.zomato.com/pune/chop-chop-wok-to-go-koregaon-park,0,Premium dining
https://www.zomato.com/pune/choudhary-dhaba-bhosari,1,Polarizing experiences
https://www.zomato.com/pune/hotel-torna-lohegaon,3,Low-volume neighborhood venues
https://www.zomato.com/pune/kapila-restaurant-wagholi,0,Premium dining
https://www.zomato.com/pune/sapna-bar-and-restaurant-senapati-bapat-road,3,Low-volume neighborhood venues
https://www.zomato.com/pune/spice-island-chinese-yerawada,0,Premium dining
https://www.zomato.com/pune/bourn-village-1-model-colony,0,Premium dining
https://www.zomato.com/pune/kareems-magarpatta,1,Polarizing experiences
https://www.zomato.com/pune/cakes-n-coffee-camp-area,1,Polarizing experiences
https://www.zomato.com/pune/xanadu-ambrosia-resort-and-spa-bavdhan,2,High-volume crowd favorites
https://www.zomato.com/pune/hotel-rajyog-garden-wakad,0,Premium dining
https://www.zomato.com/pune/hotel-shree-yash-bhosari,3,Low-volume neighborhood venues
https://www.zomato.com/pune/jassi-da-dhaba-sinhgad-road,1,Polarizing experiences
https://www.zomato.com/pune/kailash-express-inn-shivapur,0,Premium dining
https://www.zomato.com/pune/great-poona-cold-drink-house-camp-area,0,Premium dining
https://www.zomato.com/pune/club-09-kharadi,3,Low-volume neighborhood venues
https://www.zomato.com/pune/hotel-samrat-shivaji-nagar,0,Premium dining
https://www.zomato.com/pune/krishna-pure-veg-karve-nagar,0,Premium dining
https://www.zomato.com/pune/valentine-square-pimple-nilakh,1,Polarizing experiences
https://www.zomato.com/pune/bar-101-jw-marriott-pune-senapati-bapat-road,0,Premium dining
https://www.zomato.com/pune/saathee-kitchen-bar-khadki,0,Premium dining
https://www.zomato.com/pune/vaishali-restaurant-akurdi,1,Polarizing experiences
https://www.zomato.com/pune/lovely-restaurant-wanowrie,0,Premium dining
https://www.zomato.com/pune/lilys-garden-satara-road,0,Premium dining
https://www.zomato.com/pune/cafe-cad-b-corner-nigdi,0,Premium dining
https://www.zomato.com/pune/hotel-saudagar-pimple-saudagar,1,Polarizing experiences
https://www.zomato.com/pune/soak-novotel-viman-nagar,2,High-volume crowd favorites
https://www.zomato.com/pune/poona-cafe-rasta-peth,0,Premium dining
https://www.zomato.com/pune/hotel-sitai-bhosari,1,Polarizing experiences
https://www.zomato.com/pune/exo-garden-grand-exotica-business-hotel-chinchwad,2,High-volume crowd favorites
https://www.zomato.com/pune/shri-gajanan-shegaon-kachori-karve-nagar,0,Premium dining
https://www.zomato.com/pune/new-poona-bakery-cafe-sinhgad-road,0,Premium dining
https://www.zomato.com/pune/mak-bitts-east-street,3,Low-volume neighborhood venues
https://www.zomato.com/pune/cookrookoo-pimple-saudagar,0,Premium dining
https://www.zomato.com/pune/royal-symphony-deccan-gymkhana,0,Premium dining
https://www.zomato.com/pune/hotel-roxy-pimpri,1,Polarizing experiences
https://www.zomato.com/pune/punjabi-darbaar-1-bt-kawade-road,1,Polarizing experiences
https://www.zomato.com/pune/rasika-wadgaon-sheri,0,Premium dining
https://www.zomato.com/pune/hotel-satvik-pure-veg-bt-kawade-road,0,Premium dining
https://www.zomato.com/pune/matoshri-bhel-kothrud,0,Premium dining
https://www.zomato.com/pune/greenlland-barbeque-bavdhan,1,Polarizing experiences
https://www.zomato.com/pune/fit-eats-1-viman-nagar,1,Polarizing experiences
https://www.zomato.com/pune/garden-seekh-kebab-camp-area,3,Low-volume neighborhood venues
https://www.zomato.com/pune/sagys-healthy-bites-kothrud,0,Premium dining
https://www.zomato.com/pune/de-bakers-lounge-kothrud,0,Premium dining
https://www.zomato.com/pune/chilling-adda-shukrawar-peth,0,Premium dining
https://www.zomato.com/pune/retro-madhushala-shivaji-nagar,0,Premium dining
https://www.zomato.com/pune/lean-life-bistro-kothrud,0,Premium dining
https://www.zomato.com/pune/speedy-wok-salunkhe-vihar-road,0,Premium dining
https://www.zomato.com/pune/zaffran-family-restaurant-dhanori,1,Polarizing experiences
https://www.zomato.com/pune/halo-wadgaon-sheri,3,Low-volume neighborhood venues
https://www.zomato.com/pune/football-cafe-viman-nagar,3,Low-volume neighborhood venues
https://www.zomato.com/pune/al-mustafa-dum-biryani-bund-garden,1,Polarizing experiences
https://www.zomato.com/pune/the-dugout-lounge-khadakwasla,3,Low-volume neighborhood venues
https://www.zomato.com/pune/butter-chicken-dabba-kondhwa,1,Polarizing experiences
https://www.zomato.com/pune/apsara-restaurant-tilak-road,0,Premium dining
https://www.zomato.com/pune/utsavv-1-hadapsar,1,Polarizing experiences
https://www.zomato.com/pune/daily-dabba-baner,0,Premium dining
https://www.zomato.com/pune/jagdamba-veg-non-veg-erandwane,0,Premium dining
https://www.zomato.com/pune/grand-hotel-restaurant-and-beer-bar-camp-area,0,Premium dining
https://www.zomato.com/pune/the-all-american-diner-lavasa,0,Premium dining
https://www.zomato.com/pune/puran-da-dhaba-pride-hotel-shivaji-nagar,2,High-volume crowd favorites
https://www.zomato.com/pune/babu-moshai-misti-khadki,0,Premium dining
https://www.zomato.com/pune/madina-restaurant-caterers-pimple-saudagar,1,Polarizing experiences
https://www.zomato.com/pune/bhavnagri-fancy-sweet-mart-camp-area,3,Low-volume neighborhood venues
https://www.zomato.com/pune/scossa-kothrud,3,Low-volume neighborhood venues
https://www.zomato.com/pune/the-noodle-story-magarpatta,0,Premium dining
https://www.zomato.com/pune/makhni-balewadi,1,Polarizing experiences
https://www.zomato.com/pune/balaji-pure-veg-akurdi,0,Premium dining
https://www.zomato.com/pune/kreative-kakez-bibvewadi,1,Polarizing experiences
https://www.zomato.com/pune/garamtawa-bistro-llp-jm-road,0,Premium dining
https://www.zomato.com/pune/food-o-zone-5-pimple-saudagar,0,Premium dining
https://www.zomato.com/pune/poona-restaurant-shukrawar-peth,3,Low-volume neighborhood venues
https://www.zomato.com/pune/woods-bavdhan,1,Polarizing experiences
https://www.zomato.com/pune/muktai-coffee-shop-kothrud,0,Premium dining
https://www.zomato.com/pune/santosh-biryani-house-chandan-nagar,1,Polarizing experiences
https://www.zomato.com/pune/tiffin-says-hello-hadapsar,1,Polarizing experiences
https://www.zomato.com/pune/hotel-garib-nawaz-caterers-2-chinchwad,1,Polarizing experiences
https://www.zomato.com/pune/sheetal-refreshment-pimpri,0,Premium dining
https://www.zomato.com/pune/flavours-by-noorya-hometel-chinchwad,2,High-volume crowd favorites
https://www.zomato.com/pune/radha-krishna-chinchwad,0,Premium dining
https://www.zomato.com/pune/v3-paratha-palace-wadgaon-sheri,3,Low-volume neighborhood venues
https://www.zomato.com/pune/status-family-rest-o-bar-camp-area,2,High-volume crowd favorites
https://www.zomato.com/pune/radhakrishna-pav-bhaji-snacks-center-wakad,3,Low-volume neighborhood venues
https://www.zomato.com/pune/cafe-tea-talkss-kothrud,0,Premium dining
https://www.zomato.com/pune/deccan-dhaba-jm-road,1,Polarizing experiences
https://www.zomato.com/pune/shubham-pure-veg-jm-road,0,Premium dining
https://www.zomato.com/pune/k-lounge-erandwane,0,Premium dining
https://www.zomato.com/pune/ruchira-restaurant-bar-jm-road,0,Premium dining
https://www.zomato.com/pune/hotel-sahil-camp-area,0,Premium dining
https://www.zomato.com/pune/satkar-budhwar-peth,1,Polarizing experiences
https://www.zomato.com/pune/rasoi-viman-nagar,0,Premium dining
https://www.zomato.com/pune/vishwas-family-resto-bar-sinhgad-road,1,Polarizing experiences
https://www.zomato.com/pune/river-view-family-restaurant-and-bar-chinchwad,3,Low-volume neighborhood venues
https://www.zomato.com/pune/evebox-baner,0,Premium dining
https://www.zomato.com/pune/a1-sandwich-and-dabeli-kharadi,3,Low-volume neighborhood venues
https://www.zomato.com/pune/shree-swamisneh-dining-hall-chinchwad,3,Low-volume neighborhood venues
https://www.zomato.com/pune/khandesh-samrat-kothrud,1,Polarizing experiences
https://www.zomato.com/pune/ice-cream-factory-1-nibm-road,1,Polarizing experiences
https://www.zomato.com/pune/cad-m-cad-b-1-shivaji-nagar,3,Low-volume neighborhood venues
https://www.zomato.com/pune/uncle-da-dhaba-kalyani-nagar,0,Premium dining
https://www.zomato.com/pune/the-sindhi-rasoi-chandan-nagar,3,Low-volume neighborhood venues
https://www.zomato.com/pune/gavran-tadka-kharadi,3,Low-volume neighborhood venues
https://www.zomato.com/pune/shaukeen-paan-shop-baner,3,Low-volume neighborhood venues
https://www.zomato.com/pune/the-momo-company-wagholi,0,Premium dining
https://www.zomato.com/pune/sai-shraddha-veg-non-veg-katraj,3,Low-volume neighborhood venues
https://www.zomato.com/pune/bismillah-caterers-balewadi,3,Low-volume neighborhood venues
https://www.zomato.com/pune/spice-magic-pimple-gurav,0,Premium dining
https://www.zomato.com/pune/farmaish-family-restaurant-hadapsar,3,Low-volume neighborhood venues
https://www.zomato.com/pune/ashirwad-dinning-hall-kothrud,3,Low-volume neighborhood venues
https://www.zomato.com/pune/pramit-veg-non-veg-karve-nagar,3,Low-volume neighborhood venues
https://www.zomato.com/pune/dhokla-house-sweets-and-namkeen-bibvewadi,1,Polarizing experiences
https://www.zomato.com/pune/mh-31-nagpur-savji-restaurant-sinhgad-road,3,Low-volume neighborhood venues
https://www.zomato.com/pune/the-greedy-panda-baner,3,Low-volume neighborhood venues
https://www.zomato.com/pune/djs-nonveg-wakad,3,Low-volume neighborhood venues
https://www.zomato.com/pune/chocolate-delight-celebration-cakes-hinjawadi,0,Premium dining
https://www.zomato.com/pune/ocean-spice-talegaon,1,Polarizing experiences
https://www.zomato.com/pune/yonies-koregaon-park,0,Premium dining
https://www.zomato.com/pune/radha-krishna-pure-veg-koregaon-park,1,Polarizing experiences
https://www.zomato.com/pune/china-hut-pure-veg-chinese-restaurant-swargate,1,Polarizing experiences
https://www.zomato.com/pune/morya-chinese-wagholi,1,Polarizing experiences
https://www.zomato.com/pune/satvik-veg-non-veg-family-restaurant-hadapsar,1,Polarizing experiences
https://www.zomato.com/pune/arya-chole-bhature-katraj,1,Polarizing experiences
https://www.zomato.com/pune/dhone-wada-warje,1,Polarizing experiences
https://www.zomato.com/pune/teno-sizzlers-kondhwa,1,Polarizing experiences
https://www.zomato.com/pune/premacha-chaha-hadapsar,3,Low-volume neighborhood venues
https://www.zomato.com/pune/masi-ki-rasoi-bibvewadi,3,Low-volume neighborhood venues
https://www.zomato.com/pune/tarri-tadka-wakad,0,Premium dining
https://www.zomato.com/pune/w6-bar-eatery-yerawada,0,Premium dining
https://www.zomato.com/pune/savera-pure-veg-fc-road,1,Polarizing experiences
https://www.zomato.com/pune/café-robusta-koregaon-park,0,Premium dining
https://www.zomato.com/pune/tamboli-biryani-house-dhankawadi,1,Polarizing experiences
https://www.zomato.com/pune/shreenath-bhel-and-sandwich-corner-shivaji-nagar,3,Low-volume neighborhood venues
https://www.zomato.com/pune/orion-cafe-n-bistro-kothrud,3,Low-volume neighborhood venues
https://www.zomato.com/pune/hotel-mejwani-wagholi,3,Low-volume neighborhood venues
https://www.zomato.com/pune/jjs-cafe-1-kothrud,0,Premium dining
https://www.zomato.com/pune/andeywala-tilak-road,3,Low-volume neighborhood venues
https://www.zomato.com/pune/wah-maratha-pune-solapur-road,3,Low-volume neighborhood venues
https://www.zomato.com/pune/ajits-nagpuri-saoji-pimple-saudagar,1,Polarizing experiences
https://www.zomato.com/pune/91-biryani-1-kondhwa,3,Low-volume neighborhood venues
https://www.zomato.com/pune/vishnu-caterers-akurdi,3,Low-volume neighborhood venues
https://www.zomato.com/pune/housefull-paratha-jm-road,0,Premium dining
https://www.zomato.com/pune/aishwarya-veg-non-veg-law-college-road,0,Premium dining
https://www.zomato.com/pune/hotel-urmil-dhankawadi,1,Polarizing experiences
https://www.zomato.com/pune/wtf-wheres-the-food-koregaon-park,1,Polarizing experiences
https://www.zomato.com/pune/yardbird-biryani-house-lohegaon,3,Low-volume neighborhood venues
https://www.zomato.com/pune/yash-da-dhaba-warje,3,Low-volume neighborhood venues
https://www.zomato.com/pune/wai-wai-city-pimpri,1,Polarizing experiences
https://www.zomato.com/pune/calypso-cafe-kothrud,0,Premium dining
https://www.zomato.com/pune/the-waffles-hut-baner,0,Premium dining
https://www.zomato.com/pune/shivneri-misal-kharadi,3,Low-volume neighborhood venues
https://www.zomato.com/pune/hotel-shree-kateel-narhe,0,Premium dining
https://www.zomato.com/pune/gatha-pure-veg-family-restaurant-hadapsar,0,Premium dining
https://www.zomato.com/pune/bhookha-bacha-magarpatta,1,Polarizing experiences
https://www.zomato.com/pune/360-degree-foods-1-kothrud,3,Low-volume neighborhood venues
https://www.zomato.com/pune/riya-pure-veg-restaurant-salunkhe-vihar-road,3,Low-volume neighborhood venues
https://www.zomato.com/pune/shri-krishna-pure-veg-restaurant-akurdi,1,Polarizing experiences
https://www.zomato.com/pune/ganesh-bhel-7-kothrud,3,Low-volume neighborhood venues
https://www.zomato.com/pune/pakko-biryani-house-yerawada,1,Polarizing experiences
https://www.zomato.com/pune/regal-cakes-and-bakers-hinjawadi,0,Premium dining
https://www.zomato.com/pune/bharit-katta-hadapsar,3,Low-volume neighborhood venues
https://www.zomato.com/pune/fog-city-1-viman-nagar,1,Polarizing experiences
https://www.zomato.com/pune/panchali-gruha-vastu-bhandar-pashan,3,Low-volume neighborhood venues
https://www.zomato.com/pune/khandeshi-that-1-kothrud,3,Low-volume neighborhood venues
https://www.zomato.com/pune/hotel-kaveri-nigdi,3,Low-volume neighborhood venues
https://www.zomato.com/pune/hotel-pancham-magarpatta,3,Low-volume neighborhood venues
https://www.zomato.com/pune/momo-hoggers-kothrud,1,Polarizing experiences
https://www.zomato.com/pune/hotel-karyat-maval-khadakwasla,0,Premium dining
https://www.zomato.com/pune/grovow-salad-satara-road,1,Polarizing experiences
https://www.zomato.com/pune/heena-hotel-caterers-akurdi,3,Low-volume neighborhood venues
https://www.zomato.com/pune/mark-restaurant-viman-nagar,1,Polarizing experiences
https://www.zomato.com/pune/the-china-wok-mundhwa,3,Low-volume neighborhood venues
https://www.zomato.com/pune/shivam-restaurant-ravet,1,Polarizing experiences
https://www.zomato.com/pune/whatta-waffle-camp-area,0,Premium dining
https://www.zomato.com/pune/callow-1-kalyani-nagar,2,High-volume crowd favorites
https://www.zomato.com/pune/peshwai-veg-sinhgad-road,1,Polarizing experiences
https://www.zomato.com/pune/bangalore-ayyangers-bakery-wakad,3,Low-volume neighborhood venues
https://www.zomato.com/pune/jashn-e-biryani-fatima-nagar,1,Polarizing experiences
https://www.zomato.com/pune/new-sher-e-punjab-pimpri,3,Low-volume neighborhood venues
https://www.zomato.com/pune/khaidai-pashan,1,Polarizing experiences
https://www.zomato.com/pune/love-sugar-dough-koregaon-park,0,Premium dining
https://www.zomato.com/pune/sunny-corner-pure-veg-kothrud,3,Low-volume neighborhood venues
https://www.zomato.com/pune/tvum-koregaon-park,0,Premium dining
https://www.zomato.com/pune/tempteys-viman-nagar,0,Premium dining
https://www.zomato.com/pune/the-garage-cafe-sus,3,Low-volume neighborhood venues
https://www.zomato.com/pune/kraks-n-bruns-dhankawadi,0,Premium dining
https://www.zomato.com/pune/satwik-dining-hall-deccan-gymkhana,0,Premium dining
https://www.zomato.com/pune/awwsome-bite-chinchwad,0,Premium dining
https://www.zomato.com/pune/supperyum-court-wakad,0,Premium dining
https://www.zomato.com/pune/anda-ghotala-baner,1,Polarizing experiences
https://www.zomato.com/pune/prestone-resto-bar-wakad,2,High-volume crowd favorites
https://www.zomato.com/pune/vithal-kamat-hinjawadi,1,Polarizing experiences
https://www.zomato.com/pune/friends-corner-katraj,0,Premium dining
https://www.zomato.com/pune/southin-cafe-kalyani-nagar,3,Low-volume neighborhood venues
https://www.zomato.com/pune/varsha-bhel-wanowrie,1,Polarizing experiences
https://www.zomato.com/pune/kalandar-misal-sadashiv-peth,0,Premium dining
https://www.zomato.com/pune/s-p-food-point-yerawada,3,Low-volume neighborhood venues
https://www.zomato.com/pune/sairaj-rolls-house-balewadi,3,Low-volume neighborhood venues
https://www.zomato.com/pune/hotel-jay-malhar-hinjawadi,3,Low-volume neighborhood venues
https://www.zomato.com/pune/bapat-veg-uphar-gruh-shukrawar-peth,0,Premium dining
https://www.zomato.com/pune/poona-cold-drink-house-sadashiv-peth,0,Premium dining
https://www.zomato.com/pune/regal-sweets-camp-area,1,Polarizing experiences
https://www.zomato.com/pune/rutugandh-heritage-deccan-gymkhana,3,Low-volume neighborhood venues
https://www.zomato.com/pune/royal-babas-garden-kothrud,3,Low-volume neighborhood venues
https://www.zomato.com/pune/pandurang-bhel-sadashiv-peth,0,Premium dining
https://www.zomato.com/pune/amruteshwar-erandwane,0,Premium dining
https://www.zomato.com/pune/ankas-cakes-n-cuisines-kharadi,0,Premium dining
https://www.zomato.com/pune/hotel-virinda-hinjawadi,3,Low-volume neighborhood venues
https://www.zomato.com/pune/khansama-nibm-road,1,Polarizing experiences
https://www.zomato.com/pune/nirvana-baner,2,High-volume crowd favorites
https://www.zomato.com/pune/hotel-grandeur-nigdi,0,Premium dining
https://www.zomato.com/pune/hotel-rajwada-akurdi,1,Polarizing experiences
https://www.zomato.com/pune/pyasa-restaurant-bar-shukrawar-peth,0,Premium dining
https://www.zomato.com/pune/hotel-hill-view-old-mumbai-pune-highway,1,Polarizing experiences
https://www.zomato.com/pune/new-apurwai-non-veg-sadashiv-peth,0,Premium dining
https://www.zomato.com/pune/s-a-biryani-house-mulshi,3,Low-volume neighborhood venues
https://www.zomato.com/pune/murugan-idli-center-rasta-peth,3,Low-volume neighborhood venues
https://www.zomato.com/pune/nagmani-restaurant-bar-chinchwad,3,Low-volume neighborhood venues
https://www.zomato.com/pune/khana-junction-kothrud,1,Polarizing experiences
https://www.zomato.com/pune/solty-fast-food-pimpri,3,Low-volume neighborhood venues
https://www.zomato.com/pune/mothers-food-tiffin-services-nibm-road,1,Polarizing experiences
https://www.zomato.com/pune/dabbawala-model-colony,1,Polarizing experiences
https://www.zomato.com/pune/chefs-nation-kharadi,1,Polarizing experiences
https://www.zomato.com/pune/annapurna-pure-veg-wakad,0,Premium dining
https://www.zomato.com/pune/pirajees-bt-kawade-road,1,Polarizing experiences
https://www.zomato.com/pune/the-organic-cookhouse-model-colony,0,Premium dining
https://www.zomato.com/pune/tft-satara-road,0,Premium dining
https://www.zomato.com/pune/hotel-majestique-pune-solapur-road,3,Low-volume neighborhood venues
https://www.zomato.com/pune/vaishnavi-snacks-bavdhan,0,Premium dining
https://www.zomato.com/pune/arun-ice-creams-aundh,0,Premium dining
https://www.zomato.com/pune/hotel-natraj-swargate,1,Polarizing experiences
https://www.zomato.com/pune/navmi-garden-chandan-nagar,3,Low-volume neighborhood venues
https://www.zomato.com/pune/new-pune-boarding-house-sadashiv-peth,0,Premium dining
https://www.zomato.com/pune/aaram-kolhapur-pimpri,0,Premium dining
https://www.zomato.com/pune/chandrama-chandan-nagar,0,Premium dining
https://www.zomato.com/pune/yogiraj-chandan-nagar,1,Polarizing experiences
https://www.zomato.com/pune/healthy-bites-chandan-nagar,0,Premium dining
https://www.zomato.com/pune/aradhana-garden-restaurant-bhosari,3,Low-volume neighborhood venues
https://www.zomato.com/pune/potli-wanowrie,1,Polarizing experiences
https://www.zomato.com/pune/sweekar-veg-restaurant-erandwane,0,Premium dining
https://www.zomato.com/pune/gayatri-restaurant-wakad,0,Premium dining
https://www.zomato.com/pune/silver-leaf-shivaji-nagar,2,High-volume crowd favorites
https://www.zomato.com/pune/kesar-family-restaurant-bar-chinchwad,0,Premium dining
https://www.zomato.com/pune/foodies-corner-nigdi,0,Premium dining
https://www.zomato.com/pune/sonai-dining-hall-rasta-peth,3,Low-volume neighborhood venues
https://www.zomato.com/pune/purab-hotel-deccan-gymkhana,3,Low-volume neighborhood venues
https://www.zomato.com/pune/rutus-restaurant-sadashiv-peth,0,Premium dining
https://www.zomato.com/pune/hotel-jagubai-chinchwad,1,Polarizing experiences
https://www.zomato.com/pune/hotel-vishwa-sadashiv-peth,0,Premium dining
https://www.zomato.com/pune/maharashtrian-darbar-viman-nagar,0,Premium dining
https://www.zomato.com/pune/sumadhu-pure-veg-sinhgad-road,1,Polarizing experiences
https://www.zomato.com/pune/shree-sai-pure-veg-restaurant-kharadi,1,Polarizing experiences
https://www.zomato.com/pune/gokul-veg-pimpri,1,Polarizing experiences
https://www.zomato.com/pune/soundarya-family-garden-restaurant-bar-warje,1,Polarizing experiences
https://www.zomato.com/pune/metway-grill-@-10th-mile-pune-solapur-road,2,High-volume crowd favorites
https://www.zomato.com/pune/barcode-chahul-garden-pimple-saudagar,2,High-volume crowd favorites
https://www.zomato.com/pune/shivanand-kharadi,3,Low-volume neighborhood venues
https://www.zomato.com/pune/vedanti-family-garden-restaurant-warje,1,Polarizing experiences
https://www.zomato.com/pune/hotel-manas-wakad,3,Low-volume neighborhood venues
https://www.zomato.com/pune/aqua-lounge-hotel-aurora-towers-mg-road,2,High-volume crowd favorites
https://www.zomato.com/pune/samarth-veg-restaurant-kothrud,0,Premium dining
https://www.zomato.com/pune/sarangi-family-restaurant-bar-east-street,2,High-volume crowd favorites
https://www.zomato.com/pune/bar-code-novotel-viman-nagar,2,High-volume crowd favorites
https://www.zomato.com/pune/sonaa-garden-sinhgad-road,1,Polarizing experiences
https://www.zomato.com/pune/chhaya-paratha-pimpri,0,Premium dining
https://www.zomato.com/pune/atithi-1-kalyani-nagar,0,Premium dining
https://www.zomato.com/pune/khanabadosh-kalyani-nagar,0,Premium dining
https://www.zomato.com/pune/cake-n-cafe-ice-cream-parlour-chinchwad,3,Low-volume neighborhood venues
https://www.zomato.com/pune/hotel-garva-chinchwad,1,Polarizing experiences
https://www.zomato.com/pune/namaskaar-resto-bar-shivaji-nagar,0,Premium dining
https://www.zomato.com/pune/food-n-snax-baner,1,Polarizing experiences
https://www.zomato.com/pune/rajratna-executive-chakan,0,Premium dining
https://www.zomato.com/pune/fresh-fruit-juices-milkshakes-camp-area,1,Polarizing experiences
https://www.zomato.com/pune/papajees-bhosari,2,High-volume crowd favorites
https://www.zomato.com/pune/skye-lounge-bar-radisson-blu-hotel-kharadi,2,High-volume crowd favorites
https://www.zomato.com/pune/shree-krushnai-kothrud,3,Low-volume neighborhood venues
https://www.zomato.com/pune/sai-sagar-restaurant-sadashiv-peth,0,Premium dining
https://www.zomato.com/pune/hyderabad-biryani-house-pimpri,1,Polarizing experiences
https://www.zomato.com/pune/hotel-siddharth-pashan,1,Polarizing experiences
https://www.zomato.com/pune/sheetal-refreshments-chinchwad,0,Premium dining
https://www.zomato.com/pune/panchamrut-pure-veg-hadapsar,1,Polarizing experiences
https://www.zomato.com/pune/cafe-veg-eatarian-kothrud,3,Low-volume neighborhood venues
https://www.zomato.com/pune/cafe-laileena-kondhwa,3,Low-volume neighborhood venues
https://www.zomato.com/pune/akkha-masoor-model-colony,0,Premium dining
https://www.zomato.com/pune/atharva-eggs-corner-tilak-road,3,Low-volume neighborhood venues
https://www.zomato.com/pune/hotel-sangam-wagholi,1,Polarizing experiences
https://www.zomato.com/pune/peshwa-resto-bar-aundh,3,Low-volume neighborhood venues
https://www.zomato.com/pune/hotel-banana-leaf-vishrantwadi,3,Low-volume neighborhood venues
https://www.zomato.com/pune/satej-misal-snacks-baner,1,Polarizing experiences
https://www.zomato.com/pune/bismillah-biryani-house-karve-nagar,3,Low-volume neighborhood venues
https://www.zomato.com/pune/cafe-poona-metro-kothrud,3,Low-volume neighborhood venues
https://www.zomato.com/pune/mummys-kitchen-viman-nagar,0,Premium dining
https://www.zomato.com/pune/ria-kathys-pizzeria-wadgaon-sheri,1,Polarizing experiences
https://www.zomato.com/pune/hotel-platinum-ravet,0,Premium dining
https://www.zomato.com/pune/hotel-yatrik-yashraj-restaurant-budhwar-peth,0,Premium dining
https://www.zomato.com/pune/hotel-reddy-hadapsar,0,Premium dining
https://www.zomato.com/pune/ganraj-pure-veg-hadapsar,0,Premium dining
https://www.zomato.com/pune/virgin-squeeze-kondhwa,3,Low-volume neighborhood venues
https://www.zomato.com/pune/khandeshi-jalgaon-kothrud,1,Polarizing experiences
https://www.zomato.com/pune/ct-point-konkan-cafe-pimple-nilakh,0,Premium dining
https://www.zomato.com/pune/egg-mafia-1-wakad,0,Premium dining
https://www.zomato.com/pune/hotel-rang-maratha-kharadi,3,Low-volume neighborhood venues
https://www.zomato.com/pune/slice-of-soul-s-o-s-kalyani-nagar,2,High-volume crowd favorites
https://www.zomato.com/pune/fish-o-fish-kothrud,0,Premium dining
https://www.zomato.com/pune/khushboo-dum-biryani-pimpri,0,Premium dining
https://www.zomato.com/pune/the-farm-life-cafe-store-senapati-bapat-road,0,Premium dining
https://www.zomato.com/pune/speeeeeza-chinchwad,1,Polarizing experiences
https://www.zomato.com/pune/caffeine-calories-wakad,0,Premium dining
https://www.zomato.com/pune/hotel-kokan-kolhapuri-chinchwad,0,Premium dining
https://www.zomato.com/pune/aal-baik-al-arab-restaurant-nibm-road,3,Low-volume neighborhood venues
https://www.zomato.com/pune/meridian-ice-cream-camp-area,0,Premium dining
https://www.zomato.com/pune/hots-for-chocolate-koregaon-park,0,Premium dining
https://www.zomato.com/pune/durga-pimple-nilakh,0,Premium dining
https://www.zomato.com/pune/vaibhavi-food-court-magarpatta,0,Premium dining
https://www.zomato.com/pune/maharaja-dhole-patil-road,0,Premium dining
https://www.zomato.com/pune/hideout-katraj,0,Premium dining
https://www.zomato.com/pune/special-delhi-chat-bhandar-magarpatta,1,Polarizing experiences
https://www.zomato.com/pune/cafe-milano-viman-nagar,0,Premium dining
https://www.zomato.com/pune/wok-talk-aundh,1,Polarizing experiences
https://www.zomato.com/pune/filli-aundh,0,Premium dining
https://www.zomato.com/pune/vintage-viman-nagar,1,Polarizing experiences
https://www.zomato.com/pune/box-o-burger-wakad,3,Low-volume neighborhood venues
https://www.zomato.com/pune/piconzza-1-aundh,0,Premium dining
https://www.zomato.com/pune/poonam-khanawal-sadashiv-peth,3,Low-volume neighborhood venues
https://www.zomato.com/pune/chaat-chatore-1-wagholi,1,Polarizing experiences
https://www.zomato.com/pune/the-paratha-singh-wagholi,0,Premium dining
https://www.zomato.com/pune/sunday-monday-bavdhan,3,Low-volume neighborhood venues
https://www.zomato.com/pune/subhanallah-biryani-house-camp-area,3,Low-volume neighborhood venues
https://www.zomato.com/pune/muscle-foodz-kondhwa,0,Premium dining
https://www.zomato.com/pune/the-indian-box-sadashiv-peth,1,Polarizing experiences
https://www.zomato.com/pune/oregano-the-ambience-hotel-model-colony,0,Premium dining
https://www.zomato.com/pune/tanus-kitchen-ravet,1,Polarizing experiences
https://www.zomato.com/pune/great-punjab-restaurant-bar-dhole-patil-road,1,Polarizing experiences
https://www.zomato.com/pune/hotel-laxman-deccan-gymkhana,3,Low-volume neighborhood venues
https://www.zomato.com/pune/richmond-ice-cream-fc-road,3,Low-volume neighborhood venues
https://www.zomato.com/pune/purepur-kolhapur-kharadi,1,Polarizing experiences
https://www.zomato.com/pune/mousam-restaurant-bar-warje,1,Polarizing experiences
https://www.zomato.com/pune/nakshatram-garden-chinchwad,3,Low-volume neighborhood venues
https://www.zomato.com/pune/hotel-royal-pimple-gurav,3,Low-volume neighborhood venues
https://www.zomato.com/pune/durva-foodies-baner,3,Low-volume neighborhood venues
https://www.zomato.com/pune/karvi-pure-veg-mulshi,3,Low-volume neighborhood venues
https://www.zomato.com/pune/param-anand-pure-veg-viman-nagar,3,Low-volume neighborhood venues
https://www.zomato.com/pune/hotel-sai-sagar-bhosari,1,Polarizing experiences
https://www.zomato.com/pune/asian-harbour-vivanta-pune-hinjawadi,0,Premium dining
https://www.zomato.com/pune/pi-r-square-cafe-sinhgad-road,0,Premium dining
https://www.zomato.com/pune/gurukripa-hinjawadi,1,Polarizing experiences
https://www.zomato.com/pune/aye-mere-pyaare-mutton-pimple-nilakh,1,Polarizing experiences
https://www.zomato.com/pune/samudra-manthan-restaurant-baner,3,Low-volume neighborhood venues
https://www.zomato.com/pune/janhvis-pashan,0,Premium dining
https://www.zomato.com/pune/special-parathas-more-1-hadapsar,3,Low-volume neighborhood venues
https://www.zomato.com/pune/degchi-biryani-chandan-nagar,3,Low-volume neighborhood venues
https://www.zomato.com/pune/cafe-dreamland-kothrud,1,Polarizing experiences
https://www.zomato.com/pune/tasty-tiffin-viman-nagar,1,Polarizing experiences
https://www.zomato.com/pune/saima-bakery-viman-nagar,3,Low-volume neighborhood venues
https://www.zomato.com/pune/cafe-isuite-kharadi,3,Low-volume neighborhood venues
https://www.zomato.com/pune/hotel-shivanya-hadapsar,1,Polarizing experiences
https://www.zomato.com/pune/khandesh-gavran-express-dhankawadi,1,Polarizing experiences
https://www.zomato.com/pune/super-samosas-hinjawadi,3,Low-volume neighborhood venues
https://www.zomato.com/pune/rich-o-cream-1-senapati-bapat-road,3,Low-volume neighborhood venues
https://www.zomato.com/pune/hyderabad-house-1-kothrud,1,Polarizing experiences
https://www.zomato.com/pune/spot-9-family-resto-bar-bhosari,3,Low-volume neighborhood venues
https://www.zomato.com/pune/new-tasty-punjab-hadapsar,1,Polarizing experiences
https://www.zomato.com/pune/the-keema-nigdi,3,Low-volume neighborhood venues
https://www.zomato.com/pune/kalpavruksha-swargate,3,Low-volume neighborhood venues
https://www.zomato.com/pune/swara-family-restaurant-shivaji-nagar,3,Low-volume neighborhood venues
https://www.zomato.com/pune/akshay-chinese-tandoor-hadapsar,1,Polarizing experiences
https://www.zomato.com/pune/balaji-pav-bhaji-balewadi,1,Polarizing experiences
https://www.zomato.com/pune/jai-malhar-misal-house-and-snacks-pimple-gurav,3,Low-volume neighborhood venues
https://www.zomato.com/pune/dakshin-swad-hadapsar,3,Low-volume neighborhood venues
https://www.zomato.com/pune/yorker-wakad,1,Polarizing experiences
https://www.zomato.com/pune/fruitox-1-pimpri,3,Low-volume neighborhood venues
https://www.zomato.com/pune/chatta-matta-kothrud,3,Low-volume neighborhood venues
https://www.zomato.com/pune/tipsy-topsy-hinjawadi,1,Polarizing experiences
https://www.zomato.com/pune/the-silver-plate-kondhwa,3,Low-volume neighborhood venues
https://www.zomato.com/pune/anjai-matki-bhel-baner,1,Polarizing experiences
https://www.zomato.com/pune/mh09-the-taste-of-kolhapur-magarpatta,3,Low-volume neighborhood venues
https://www.zomato.com/pune/the-coffee-club-senapati-bapat-road,3,Low-volume neighborhood venues
https://www.zomato.com/pune/jija-pure-veg-sadashiv-peth,0,Premium dining
https://www.zomato.com/pune/spark-food-court-kharadi,3,Low-volume neighborhood venues
https://www.zomato.com/pune/shanghai-china-nigdi,1,Polarizing experiences
https://www.zomato.com/pune/pune-shahi-biryanis-dhankawadi,1,Polarizing experiences
https://www.zomato.com/pune/house-of-chole-bhature-parathas-sinhgad-road,3,Low-volume neighborhood venues
https://www.zomato.com/pune/malvan-tadka-1-chinchwad,1,Polarizing experiences
https://www.zomato.com/pune/cafe-cheesy-nation-viman-nagar,3,Low-volume neighborhood venues
https://www.zomato.com/pune/pind-punjab-express-hinjawadi,1,Polarizing experiences
https://www.zomato.com/pune/biryani-maniaa-wagholi,1,Polarizing experiences
https://www.zomato.com/pune/mayur-misal-chinchwad,0,Premium dining
https://www.zomato.com/rolling-bistro-food-truck,1,Polarizing experiences
https://www.zomato.com/pune/fry-pan-pimpri,0,Premium dining
https://www.zomato.com/pune/atharva-pure-veg-bhosari,1,Polarizing experiences
https://www.zomato.com/pune/hotel-hilltop-bhugaon,2,High-volume crowd favorites
https://www.zomato.com/pune/wada-sanskruti-hadapsar,3,Low-volume neighborhood venues
https://www.zomato.com/pune/nourish-meals-and-salads-karve-nagar,3,Low-volume neighborhood venues
https://www.zomato.com/pune/chotus-magarpatta,0,Premium dining
https://www.zomato.com/pune/kolhapur-village-baner,3,Low-volume neighborhood venues
https://www.zomato.com/pune/kube-kitchen-and-bar-wagholi,1,Polarizing experiences
https://www.zomato.com/pune/pizza-xprs-parvati,1,Polarizing experiences
https://www.zomato.com/pune/morya-snacks-center-katraj,1,Polarizing experiences
https://www.zomato.com/pune/jyoti-bhel-hadapsar,1,Polarizing experiences
https://www.zomato.com/pune/kadak-special-sadashiv-peth,0,Premium dining
https://www.zomato.com/pune/avishkar-resto-and-bar-shukrawar-peth,1,Polarizing experiences
https://www.zomato.com/pune/chawlas2-dhanori,0,Premium dining
https://www.zomato.com/pune/cafe-food-network-1-karve-nagar,3,Low-volume neighborhood venues
https://www.zomato.com/pune/hotel-malvan-sadashiv-peth,3,Low-volume neighborhood venues
https://www.zomato.com/pune/food-junction-express-wanowrie,1,Polarizing experiences
https://www.zomato.com/pune/the-bowl-east-asian-koregaon-park,3,Low-volume neighborhood venues
https://www.zomato.com/pune/hidayat-caterers-aslam-biryani-house-senapati-bapat-road,3,Low-volume neighborhood venues
https://www.zomato.com/pune/aarya-biryani-house-erandwane,3,Low-volume neighborhood venues
https://www.zomato.com/pune/xoxo-club-lounge-viman-nagar,2,High-volume crowd favorites
https://www.zomato.com/pune/hotel-tampa-bavdhan,1,Polarizing experiences
https://www.zomato.com/pune/house-of-roll-cafe-sinhgad-road,1,Polarizing experiences
https://www.zomato.com/pune/royal-pune-rasta-peth,3,Low-volume neighborhood venues
https://www.zomato.com/pune/hotel-patilwada-shakha-3-pimple-gurav,3,Low-volume neighborhood venues
https://www.zomato.com/pune/ganesh-bhel-farsan-kothrud,3,Low-volume neighborhood venues
https://www.zomato.com/pune/cafe-koyla-old-mumbai-pune-highway,3,Low-volume neighborhood venues
https://www.zomato.com/pune/chatpatlal-pure-veg-magarpatta,1,Polarizing experiences
https://www.zomato.com/pune/adis-pure-veg-katraj,2,High-volume crowd favorites
https://www.zomato.com/pune/360-degree-the-patio-jm-road,2,High-volume crowd favorites
https://www.zomato.com/pune/cafe-raajas-karve-nagar,3,Low-volume neighborhood venues
https://www.zomato.com/pune/swad-a-punjab-bavdhan,1,Polarizing experiences
https://www.zomato.com/pune/shree-samarth-uphar-gruha-nigdi,3,Low-volume neighborhood venues
https://www.zomato.com/pune/madras-tiffen-1-baner,0,Premium dining
https://www.zomato.com/pune/varhadi-that-1-kothrud,3,Low-volume neighborhood venues
https://www.zomato.com/pune/copper-yerawada,3,Low-volume neighborhood venues
https://www.zomato.com/pune/the-picket-fence-mocktail-mexican-cafe-kothrud,3,Low-volume neighborhood venues
https://www.zomato.com/pune/paradise-biryani-bibvewadi,1,Polarizing experiences
https://www.zomato.com/pune/house-of-foodies-restro-wakad,1,Polarizing experiences
https://www.zomato.com/pune/assal-amravati-mh-27-1-karve-nagar,0,Premium dining
https://www.zomato.com/pune/the-burger-house-wakad,1,Polarizing experiences
https://www.zomato.com/pune/mushroom-hut-bund-garden,3,Low-volume neighborhood venues
https://www.zomato.com/pune/kps-restaurant-katraj,1,Polarizing experiences
https://www.zomato.com/pune/hotel-spicy-gavran-hinjawadi,1,Polarizing experiences
https://www.zomato.com/shake-shack-co,1,Polarizing experiences
https://www.zomato.com/pune/mövenpick-viman-nagar,0,Premium dining
https://www.zomato.com/pune/vrundavan-pure-veg-narhe,0,Premium dining
https://www.zomato.com/pune/royal-multi-cuisine-narhe,3,Low-volume neighborhood venues
https://www.zomato.com/pune/deshmukh-biryanis-baner,0,Premium dining
https://www.zomato.com/pune/won-china-koregaon-park,1,Polarizing experiences
https://www.zomato.com/pune/the-foodie-monk-baner,0,Premium dining
https://www.zomato.com/pune/nehas-yummy-cafe-shaniwar-peth,3,Low-volume neighborhood venues
https://www.zomato.com/pune/the-tiffin-company-kharadi,0,Premium dining
https://www.zomato.com/pune/the-delivery-kitchen-baner,0,Premium dining
https://www.zomato.com/pune/rai-mess-and-litti-chokha-kothrud,3,Low-volume neighborhood venues
https://www.zomato.com/pune/hotel-mahalaxmi-kothrud,0,Premium dining
https://www.zomato.com/pune/fitness-meals-wadgaon-sheri,3,Low-volume neighborhood venues
https://www.zomato.com/pune/the-valley-nibm-road,3,Low-volume neighborhood venues
https://www.zomato.com/pune/bismillah-hotel-camp-area,3,Low-volume neighborhood venues
https://www.zomato.com/pune/delights-pizza-and-sandwich-ravet,1,Polarizing experiences
https://www.zomato.com/pune/grand-tadka-pune-solapur-road,1,Polarizing experiences
https://www.zomato.com/pune/late-night-food-wakad,1,Polarizing experiences
https://www.zomato.com/pune/chefs-pan-baner,0,Premium dining
https://www.zomato.com/pune/hotel-samrudhi-hadapsar,1,Polarizing experiences
https://www.zomato.com/pune/rasoi-segdi-viman-nagar,0,Premium dining
https://www.zomato.com/pune/garden-gate-restaurant-hadapsar,0,Premium dining
https://www.zomato.com/pune/mughals-restaurant-wanowrie,0,Premium dining
https://www.zomato.com/pune/hotel-soundarya-fc-road,3,Low-volume neighborhood venues
https://www.zomato.com/pune/juugaad-kalyani-nagar,1,Polarizing experiences
https://www.zomato.com/pune/lavang-veg-warje,2,High-volume crowd favorites
https://www.zomato.com/pune/hotel-malhar-sinhgad-road,1,Polarizing experiences
https://www.zomato.com/pune/hotel-new-lucky-restaurant-yerawada,1,Polarizing experiences
https://www.zomato.com/pune/anand-wadewale-sinhgad-road,1,Polarizing experiences
https://www.zomato.com/pune/suvarna-plaza-hadapsar,2,High-volume crowd favorites
https://www.zomato.com/pune/klock-kitchen-yerawada,2,High-volume crowd favorites
https://www.zomato.com/pune/gaurav-biryani-house-shukrawar-peth,1,Polarizing experiences
https://www.zomato.com/pune/royal-maratha-bavdhan,1,Polarizing experiences
https://www.zomato.com/pune/sandys-khasiyat-veg-non-veg-chinchwad,3,Low-volume neighborhood venues
https://www.zomato.com/pune/ganesh-bhel-bavdhan,1,Polarizing experiences
https://www.zomato.com/pune/aadhi-potoba-pimple-gurav,3,Low-volume neighborhood venues
https://www.zomato.com/pune/hot-n-yummy-khadki,0,Premium dining
https://www.zomato.com/pune/poona-restaurant-pune-solapur-road,3,Low-volume neighborhood venues
https://www.zomato.com/pune/flavours-of-gujarat-sinhgad-road,1,Polarizing experiences
https://www.zomato.com/pune/thanda-mamla-old-mumbai-pune-highway,0,Premium dining
https://www.zomato.com/pune/high-on-palate-fc-road,0,Premium dining
https://www.zomato.com/pune/hotel-vinayak-hadapsar,1,Polarizing experiences
https://www.zomato.com/pune/tulsi-snacks-juice-bar-baner,1,Polarizing experiences
https://www.zomato.com/pune/marshmallow-hinjawadi,1,Polarizing experiences
https://www.zomato.com/pune/metro-midnight-kothrud,1,Polarizing experiences
https://www.zomato.com/pune/grannys-bowl-dhole-patil-road,0,Premium dining
https://www.zomato.com/pune/pakko-chinese-caterers-yerawada,3,Low-volume neighborhood venues
https://www.zomato.com/pune/egg-o-static-the-egg-café-wanowrie,0,Premium dining
https://www.zomato.com/pune/hotel-ashoka-hinjawadi,1,Polarizing experiences
https://www.zomato.com/pune/aaichya-gaavaat-kothrud,0,Premium dining
https://www.zomato.com/pune/kailash-parbat-aundh,1,Polarizing experiences
https://www.zomato.com/pune/the-mocktail-den-katraj,3,Low-volume neighborhood venues
https://www.zomato.com/pune/malhar-assal-kolhapuri-sadashiv-peth,1,Polarizing experiences
https://www.zomato.com/pune/sheetal-veg-non-veg-katraj,1,Polarizing experiences
https://www.zomato.com/pune/trushna-sadashiv-peth,1,Polarizing experiences
https://www.zomato.com/pune/skz-kolhapur-1-nigdi,0,Premium dining
https://www.zomato.com/pune/hotel-kanchan-wagholi,1,Polarizing experiences
https://www.zomato.com/pune/ranjai-hinjawadi,0,Premium dining
https://www.zomato.com/pune/the-melting-pot-pune-university,0,Premium dining
https://www.zomato.com/pune/new-sweet-home-hotel-abhijat-sadashiv-peth,0,Premium dining
https://www.zomato.com/pune/guru-da-dhaba-pune-solapur-road,3,Low-volume neighborhood venues
https://www.zomato.com/pune/kabab-e-roll-pimple-nilakh,1,Polarizing experiences
https://www.zomato.com/pune/kubera-garden-restaurant-rasta-peth,1,Polarizing experiences
https://www.zomato.com/pune/bikaner-mithaiwale-baner-road,0,Premium dining
https://www.zomato.com/pune/sagar-tandoor-house-pimpri,3,Low-volume neighborhood venues
https://www.zomato.com/pune/aatithya-shaniwar-peth,3,Low-volume neighborhood venues
https://www.zomato.com/pune/suhas-dining-hall-chinchwad,0,Premium dining
https://www.zomato.com/pune/dawat-sinhgad-road,3,Low-volume neighborhood venues
https://www.zomato.com/pune/cp7-the-bbq-heaven-baner,0,Premium dining
https://www.zomato.com/pune/sannidhi-hinjawadi,0,Premium dining
https://www.zomato.com/pune/prem-karve-nagar,3,Low-volume neighborhood venues
https://www.zomato.com/pune/city-bakery-camp-area,0,Premium dining
https://www.zomato.com/pune/sadguru-pure-veg-viman-nagar,1,Polarizing experiences
https://www.zomato.com/pune/naaz-bakery-east-street,0,Premium dining
https://www.zomato.com/pune/archana-pure-veg-budhwar-peth,0,Premium dining
https://www.zomato.com/pune/chandan-veg-restaurant-swargate,3,Low-volume neighborhood venues
https://www.zomato.com/pune/chetna-hotel-budhwar-peth,1,Polarizing experiences
https://www.zomato.com/pune/hotel-gomantak-pimple-gurav,1,Polarizing experiences
https://www.zomato.com/pune/unlock-the-restobar-keys-select-hotel-pimpri,0,Premium dining
https://www.zomato.com/pune/angan-bar-restaurant-dehu-road,1,Polarizing experiences
https://www.zomato.com/pune/hotel-janjira-bhosari,1,Polarizing experiences
https://www.zomato.com/pune/caramel-blue-diamond-koregaon-park,1,Polarizing experiences
https://www.zomato.com/pune/swaraj-restaurant-pimple-saudagar,1,Polarizing experiences
https://www.zomato.com/pune/sagar-garden-restaurant-chandan-nagar,3,Low-volume neighborhood venues
https://www.zomato.com/pune/ammbiir-hinjawadi,0,Premium dining
https://www.zomato.com/pune/parth-veg-non-veg-kothrud,0,Premium dining
https://www.zomato.com/pune/sagar-pure-veg-warje,1,Polarizing experiences
https://www.zomato.com/pune/step-in-salunkhe-vihar-road,0,Premium dining
https://www.zomato.com/pune/tandoor-restaurant-bar-fatima-nagar,0,Premium dining
https://www.zomato.com/pune/mass-kitchen-dhole-patil-road,3,Low-volume neighborhood venues
https://www.zomato.com/gourmetavenue,2,High-volume crowd favorites
https://www.zomato.com/pune/toss-n-stir-baner,0,Premium dining
https://www.zomato.com/pune/panorama-cafe-lonavala,0,Premium dining
https://www.zomato.com/pune/valley-bar-old-mumbai-pune-highway,2,High-volume crowd favorites
https://www.zomato.com/pune/hotel-california-tpd-pimple-saudagar,0,Premium dining
https://www.zomato.com/pune/hotel-dreams-restaurant-nigdi,1,Polarizing experiences
https://www.zomato.com/pune/bottoms-up-bhosari,2,High-volume crowd favorites
https://www.zomato.com/pune/hotel-radhe-krishna-1-yerawada,3,Low-volume neighborhood venues
https://www.zomato.com/pune/de-dhakka-snacks-centre-chinchwad,0,Premium dining
https://www.zomato.com/pune/hotel-raghvendra-chinchwad,0,Premium dining
https://www.zomato.com/pune/shree-restaurant-bar-baner,1,Polarizing experiences
https://www.zomato.com/pune/torque-the-lounge-bavdhan,2,High-volume crowd favorites
https://www.zomato.com/pune/prince-tandoori-xpress-akurdi,0,Premium dining
https://www.zomato.com/pune/omkar-restaurant-narhe,1,Polarizing experiences
https://www.zomato.com/pune/elements-restaurant-mapple-adhwryou-wagholi,1,Polarizing experiences
https://www.zomato.com/pune/hotel-samai-palace-vishrantwadi,1,Polarizing experiences
https://www.zomato.com/pune/shawarma-house-1-pimpri,1,Polarizing experiences
https://www.zomato.com/pune/apna-adda-hinjawadi,0,Premium dining
https://www.zomato.com/pune/hotel-rajdhani-chinchwad,3,Low-volume neighborhood venues
https://www.zomato.com/pune/16-18-20-the-pizzeria-pashan,0,Premium dining
https://www.zomato.com/pune/panini-cafe-salunkhe-vihar-road,0,Premium dining
https://www.zomato.com/pune/hotel-utsav-deluxe-satara-road,0,Premium dining
https://www.zomato.com/pune/swaraj-veg-restaurant-sinhgad-road,0,Premium dining
https://www.zomato.com/pune/king-punjab-hadapsar,1,Polarizing experiences
https://www.zomato.com/pune/sai-biryani-kolhapuri-thaat-satara-road,1,Polarizing experiences
https://www.zomato.com/pune/cafe-lets-eat-bibvewadi,1,Polarizing experiences
https://www.zomato.com/pune/kolhapuri-anand-thali-hadapsar,1,Polarizing experiences
https://www.zomato.com/pune/mosaic-pastry-lounge-crowne-plaza-pune-city-centre-bund-garden,3,Low-volume neighborhood venues
https://www.zomato.com/pune/jayesh-a1-sandwiches-karve-nagar,0,Premium dining
https://www.zomato.com/pune/preeti-restaurant-bar-swargate,3,Low-volume neighborhood venues
https://www.zomato.com/pune/swad-fish-house-katraj,3,Low-volume neighborhood venues
https://www.zomato.com/pune/shawarmamia-hadapsar,1,Polarizing experiences
https://www.zomato.com/pune/indore-spices-aundh,1,Polarizing experiences
https://www.zomato.com/pune/hotel-gurukrupa-bhosari,1,Polarizing experiences
https://www.zomato.com/pune/yo-waffles-n-fries-sadashiv-peth,0,Premium dining
https://www.zomato.com/pune/brotariza-chinchwad,0,Premium dining
https://www.zomato.com/pune/old-mumbai-ice-cream-wakad,0,Premium dining
https://www.zomato.com/pune/coffee-stories-bibvewadi,0,Premium dining
https://www.zomato.com/pune/mamta-sweets-jm-road,3,Low-volume neighborhood venues
https://www.zomato.com/pune/chai-tapri-fc-road,0,Premium dining
https://www.zomato.com/pune/jds-chinese-bistro-dhankawadi,1,Polarizing experiences
https://www.zomato.com/pune/king-of-biryani-1-parvati,3,Low-volume neighborhood venues
https://www.zomato.com/pune/de-kettle-cafe-nibm-road,0,Premium dining
https://www.zomato.com/pune/puneri55-kharadi,0,Premium dining
https://www.zomato.com/pune/shreya-lunch-home-and-fast-food-tilak-road,3,Low-volume neighborhood venues
https://www.zomato.com/pune/vaishnavi-restaurant-bar-old-mumbai-pune-highway,2,High-volume crowd favorites
https://www.zomato.com/the-eggs-factor-food-truck,0,Premium dining
https://www.zomato.com/pune/cafe-corner-momos-model-colony,3,Low-volume neighborhood venues
https://www.zomato.com/pune/pushkaraj-garden-katraj,1,Polarizing experiences
https://www.zomato.com/pune/golden-cafe-bhosari,0,Premium dining
https://www.zomato.com/pune/royal-palace-wakad,0,Premium dining
https://www.zomato.com/pune/rassam-idli-deccan-gymkhana,1,Polarizing experiences
https://www.zomato.com/pune/hotel-tilak-tilak-road,0,Premium dining
https://www.zomato.com/pune/making-memories-cafe-ravet,3,Low-volume neighborhood venues
https://www.zomato.com/pune/sarthak-family-restaurant-wakad,0,Premium dining
https://www.zomato.com/pune/milan-khanawal-dhankawadi,1,Polarizing experiences
https://www.zomato.com/pune/the-classroom-cafe-bavdhan,0,Premium dining
https://www.zomato.com/pune/apple-5-pimple-nilakh,0,Premium dining
https://www.zomato.com/pune/misal-darbar-pimpri,1,Polarizing experiences
https://www.zomato.com/pune/panchvati-by-panchratna-dhole-patil-road,2,High-volume crowd favorites
https://www.zomato.com/pune/cafe-detour-bavdhan,0,Premium dining
https://www.zomato.com/pune/konkan-fish-karve-nagar,3,Low-volume neighborhood venues
https://www.zomato.com/pune/cafe-rolla-costa-fc-road,0,Premium dining
https://www.zomato.com/pune/joost-smoothie-juice-bars-koregaon-park,3,Low-volume neighborhood venues
https://www.zomato.com/pune/samruddhi-garden-pimpri,0,Premium dining
https://www.zomato.com/pune/vaishali-garden-restaurant-bar-chinchwad,3,Low-volume neighborhood venues
https://www.zomato.com/pune/akkashay-bibvewadi,1,Polarizing experiences
https://www.zomato.com/pune/kp-lounge-koregaon-park,0,Premium dining
https://www.zomato.com/pune/mamta-cafe-pimpri,1,Polarizing experiences
https://www.zomato.com/pune/babas-family-fine-dine-resto-bar-nigdi,0,Premium dining
https://www.zomato.com/pune/sai-palace-restaurant-bhosari,3,Low-volume neighborhood venues
https://www.zomato.com/pune/sweets-corner-aundh,3,Low-volume neighborhood venues
https://www.zomato.com/pune/bavdhan-chaupati-bavdhan,1,Polarizing experiences
https://www.zomato.com/pune/murlidhar-pure-veg-sadashiv-peth,1,Polarizing experiences
https://www.zomato.com/pune/aryan-restaurant-fc-road,1,Polarizing experiences
https://www.zomato.com/pune/cook-in-my-kitchen-yerawada,3,Low-volume neighborhood venues
https://www.zomato.com/pune/spice-of-punjab-hadapsar,3,Low-volume neighborhood venues
https://www.zomato.com/pune/chaap-tikka-house-pimple-saudagar,3,Low-volume neighborhood venues
https://www.zomato.com/pune/little-punjab-mundhwa,1,Polarizing experiences
https://www.zomato.com/pune/bistro-cafe-senapati-bapat-road,1,Polarizing experiences
https://www.zomato.com/pune/ande-ka-funda-1-wakad,3,Low-volume neighborhood venues
https://www.zomato.com/pune/chowpati-natural-kulfi-rasta-peth,3,Low-volume neighborhood venues
https://www.zomato.com/pune/patil-misal-house-sinhgad-road,3,Low-volume neighborhood venues
https://www.zomato.com/pune/cafe-meet-and-eat-model-colony,3,Low-volume neighborhood venues
https://www.zomato.com/pune/the-happy-cafe-kothrud,3,Low-volume neighborhood venues
https://www.zomato.com/pune/mumbai-zaika-pimpri,0,Premium dining
https://www.zomato.com/pune/sudama-bhel-chandan-nagar,3,Low-volume neighborhood venues
https://www.zomato.com/pune/protiens-greens-baner,1,Polarizing experiences
https://www.zomato.com/pune/hotel-sandeep-dehu-road,1,Polarizing experiences
https://www.zomato.com/pune/rohith-snack-centre-chinchwad,1,Polarizing experiences
https://www.zomato.com/pune/kbc-sinhgad-road,1,Polarizing experiences
https://www.zomato.com/pune/china-gate-nigdi,3,Low-volume neighborhood venues
https://www.zomato.com/pune/online-veg-non-veg-kitchen-sinhgad-road,1,Polarizing experiences
https://www.zomato.com/pune/rangaas-by-chef-sanjiv-bhosari,3,Low-volume neighborhood venues
https://www.zomato.com/pune/jo-marzi-cafe-snacks-pimpri,3,Low-volume neighborhood venues
https://www.zomato.com/pune/hotel-mh44-wakad,3,Low-volume neighborhood venues
https://www.zomato.com/pune/rajeshahi-veg-non-veg-family-restaurant-pimpri,3,Low-volume neighborhood venues
https://www.zomato.com/pune/brunch-n-munch-hinjawadi,1,Polarizing experiences
https://www.zomato.com/pune/hotel-sai-darbar-wadgaon-sheri,1,Polarizing experiences
https://www.zomato.com/pune/fruits-junction-dange-chowk,3,Low-volume neighborhood venues
https://www.zomato.com/pune/raj-palace-hotel-koregaon-bhima,3,Low-volume neighborhood venues
https://www.zomato.com/pune/cafe-good-day-1-wanowrie,3,Low-volume neighborhood venues
https://www.zomato.com/pune/annapurna-tarangan-parvati,3,Low-volume neighborhood venues
https://www.zomato.com/pune/u-p-wala-viman-nagar,1,Polarizing experiences
https://www.zomato.com/pune/all-day-breakfast-wadgaon-sheri,1,Polarizing experiences
https://www.zomato.com/pune/persian-restaurant-camp-area,3,Low-volume neighborhood venues
https://www.zomato.com/pune/spice-of-delhi-kharadi,1,Polarizing experiences
https://www.zomato.com/pune/savlahari-mastani-pot-ice-cream-wadgaon-sheri,3,Low-volume neighborhood venues
https://www.zomato.com/pune/red-jack-wakad,0,Premium dining
https://www.zomato.com/pune/mr-dosa-kharadi,3,Low-volume neighborhood venues
https://www.zomato.com/pune/chef-spice-magarpatta,0,Premium dining
https://www.zomato.com/pune/sendur-saravana-bhavan-pashan,3,Low-volume neighborhood venues
https://www.zomato.com/pune/laziz-pizza-3-ravet,0,Premium dining
https://www.zomato.com/pune/the-village-dhaba-hinjawadi,3,Low-volume neighborhood venues
https://www.zomato.com/pune/sakshi-biryani-house-hadapsar,1,Polarizing experiences
https://www.zomato.com/pune/dakshin-rasoi-hadapsar,3,Low-volume neighborhood venues
https://www.zomato.com/pune/k9-family-restaurant-mundhwa,3,Low-volume neighborhood venues
https://www.zomato.com/pune/hotel-kaveri-1-yerawada,1,Polarizing experiences
https://www.zomato.com/pune/masala-co-viman-nagar,0,Premium dining
https://www.zomato.com/pune/hotel-ghanshyam-narhe,3,Low-volume neighborhood venues
https://www.zomato.com/pune/the-local-baner,3,Low-volume neighborhood venues
https://www.zomato.com/pune/vrindavan-pure-veg-pimpri,3,Low-volume neighborhood venues
https://www.zomato.com/pune/hotel-shalimar-wakad,1,Polarizing experiences
https://www.zomato.com/pune/cafe-pizza-bites-kothrud,0,Premium dining
https://www.zomato.com/pune/hotel-jagdamba-talegaon,3,Low-volume neighborhood venues
https://www.zomato.com/pune/jagdamb-anda-center-katraj,3,Low-volume neighborhood venues
https://www.zomato.com/pune/nashta-xpress-by-sk-wadewale-kharadi,1,Polarizing experiences
https://www.zomato.com/pune/kumaon-rassoi-hinjawadi,3,Low-volume neighborhood venues
https://www.zomato.com/pune/shree-krishna-sandwiches-fries-and-shakes-camp-area,3,Low-volume neighborhood venues
https://www.zomato.com/pune/wifi-tea-irani-cafe-pimple-saudagar,3,Low-volume neighborhood venues
https://www.zomato.com/pune/coastal-culture-restaurant-baner,3,Low-volume neighborhood venues
https://www.zomato.com/pune/guavaz-crravings-the-sundae-lounge-kalyani-nagar,0,Premium dining
https://www.zomato.com/pune/nawabo-100-biryani-ravet,1,Polarizing experiences
https://www.zomato.com/pune/dai-zou-wadgaon-sheri,1,Polarizing experiences
https://www.zomato.com/pune/krishna-veg-viman-nagar,3,Low-volume neighborhood venues
https://www.zomato.com/pune/a1-chikki-4-lonavala,3,Low-volume neighborhood venues
https://www.zomato.com/pune/kbc-baner,3,Low-volume neighborhood venues
https://www.zomato.com/pune/snow-peaks-magarpatta,3,Low-volume neighborhood venues
https://www.zomato.com/pune/affamato-wadgaon-sheri,3,Low-volume neighborhood venues
https://www.zomato.com/pune/anna-singh-kothrud,2,High-volume crowd favorites
https://www.zomato.com/pune/the-noodle-place-katraj,3,Low-volume neighborhood venues
https://www.zomato.com/pune/desi-paratha-hinjawadi,1,Polarizing experiences
https://www.zomato.com/pune/royal-pavbhaji-juice-bar-katraj,3,Low-volume neighborhood venues
https://www.zomato.com/pune/the-upper-deck-by-sadashib-resto-bar-chandan-nagar,2,High-volume crowd favorites
https://www.zomato.com/pune/biryani-express-hinjawadi,1,Polarizing experiences
https://www.zomato.com/pune/foodie-stop-1-wakad,0,Premium dining
https://www.zomato.com/pune/cafe-freddo-sinhgad-road,0,Premium dining
https://www.zomato.com/pune/manveer-dining-hall-1-wakad,3,Low-volume neighborhood venues
https://www.zomato.com/pune/km-chicken-dam-biryani-chinese-fast-food-kothrud,1,Polarizing experiences
https://www.zomato.com/pune/hashtag-cafe-chinese-restaurant-narhe,3,Low-volume neighborhood venues
https://www.zomato.com/pune/kavi-misal-chinchwad,3,Low-volume neighborhood venues
https://www.zomato.com/pune/fast-food-station-kothrud,3,Low-volume neighborhood venues
https://www.zomato.com/pune/the-salad-lounge-kharadi,3,Low-volume neighborhood venues
https://www.zomato.com/pune/morya-cafe-snacks-nigdi,1,Polarizing experiences
https://www.zomato.com/pune/delhiwale-viman-nagar,1,Polarizing experiences
https://www.zomato.com/pune/sampan-restaurant-nibm-road,1,Polarizing experiences
https://www.zomato.com/pune/the-culcutta-foods-pimple-saudagar,1,Polarizing experiences
https://www.zomato.com/pune/s-kumar-wadewale-premacha-chaha-bibvewadi,1,Polarizing experiences
https://www.zomato.com/pune/hotel-new-china-town-karve-nagar,3,Low-volume neighborhood venues
https://www.zomato.com/pune/nation-52-kitchens-shivaji-nagar,3,Low-volume neighborhood venues
https://www.zomato.com/pune/lassi-corner-1-lohegaon,3,Low-volume neighborhood venues
https://www.zomato.com/pune/pokket-cafe-3-kothrud,3,Low-volume neighborhood venues
https://www.zomato.com/pune/urban-maratha-cafe-magarpatta,3,Low-volume neighborhood venues
https://www.zomato.com/pune/ganga-litti-city-hadapsar,3,Low-volume neighborhood venues
https://www.zomato.com/pune/savaji-pure-non-veg-sadashiv-peth,3,Low-volume neighborhood venues
https://www.zomato.com/pune/tabbus-pure-veg-chinese-hinjawadi,1,Polarizing experiences
https://www.zomato.com/pune/hotel-nisarg-kothrud,3,Low-volume neighborhood venues
https://www.zomato.com/pune/spicy-tadka-kharadi,3,Low-volume neighborhood venues
https://www.zomato.com/pune/kiga-ice-cream-hadapsar,3,Low-volume neighborhood venues
https://www.zomato.com/pune/hotel-swarajya-1-hinjawadi,1,Polarizing experiences
https://www.zomato.com/pune/xtasy-lounge-bar-shivaji-nagar,2,High-volume crowd favorites
https://www.zomato.com/pune/elaaf-dhanori,3,Low-volume neighborhood venues
https://www.zomato.com/pune/hot-to-pot-viman-nagar,3,Low-volume neighborhood venues
https://www.zomato.com/pune/zaika-express-senapati-bapat-road,3,Low-volume neighborhood venues
https://www.zomato.com/pune/hotel-saaj-narhe,3,Low-volume neighborhood venues
https://www.zomato.com/pune/raga-creations-cakes-and-bakes-ravet,3,Low-volume neighborhood venues
https://www.zomato.com/pune/punjabis-hadapsar,0,Premium dining
https://www.zomato.com/pune/punjabi-zaika-chinchwad,3,Low-volume neighborhood venues
https://www.zomato.com/pune/gulzar-e-mohammedi-1-camp-area,3,Low-volume neighborhood venues
https://www.zomato.com/pune/paratha-wali-gali-kothrud,3,Low-volume neighborhood venues
https://www.zomato.com/pune/sindhi-street-pimple-saudagar,3,Low-volume neighborhood venues
https://www.zomato.com/pune/happy-hakka-kothrud,3,Low-volume neighborhood venues
https://www.zomato.com/pune/10000-fish-fry-sinhgad-road,3,Low-volume neighborhood venues
https://www.zomato.com/pune/kingdom-of-momos-1-viman-nagar,3,Low-volume neighborhood venues
https://www.zomato.com/pune/café-frosty-n-cheezy-narhe,3,Low-volume neighborhood venues
https://www.zomato.com/pune/new-siddheshwar-wagholi,1,Polarizing experiences
https://www.zomato.com/pune/crazy-food-cafe-dhankawadi,3,Low-volume neighborhood venues
https://www.zomato.com/pune/datta-bhel-sinhgad-road,1,Polarizing experiences
https://www.zomato.com/pune/hotel-red-chilly-hadapsar,3,Low-volume neighborhood venues
https://www.zomato.com/pune/gaurav-snacks-center-and-catering-budhwar-peth,3,Low-volume neighborhood venues
https://www.zomato.com/pune/cafe-mh-12-wadgaon-sheri,1,Polarizing experiences
https://www.zomato.com/pune/thali-service-dhole-patil-road,3,Low-volume neighborhood venues
https://www.zomato.com/pune/mehboob-caterers-biryani-house-pimple-gurav,0,Premium dining
https://www.zomato.com/pune/chinese-street-magarpatta,1,Polarizing experiences
https://www.zomato.com/pune/aai-saheb-jagubai-hotel-chinchwad,3,Low-volume neighborhood venues
https://www.zomato.com/pune/chota-bite-by-cafe-goodluck-sinhgad-road,0,Premium dining
https://www.zomato.com/pune/dilbahar-veg-non-veg-wagholi,3,Low-volume neighborhood venues
https://www.zomato.com/pune/the-cake-shop-kharadi,3,Low-volume neighborhood venues
https://www.zomato.com/pune/rajtoran-gavran-special-thali-katraj,1,Polarizing experiences
https://www.zomato.com/pune/fit-food-company-nibm-road,3,Low-volume neighborhood venues
https://www.zomato.com/pune/calcutta-foods-express-pimple-saudagar,1,Polarizing experiences
https://www.zomato.com/pune/yummmm-raj-hadapsar,1,Polarizing experiences
https://www.zomato.com/pune/shaan-e-punjaab-kharadi,3,Low-volume neighborhood venues
https://www.zomato.com/pune/ranna-ghor-pashan,0,Premium dining
https://www.zomato.com/pune/brittos-foodies-corner-salunkhe-vihar-road,3,Low-volume neighborhood venues
https://www.zomato.com/pune/ricefinity-narhe,3,Low-volume neighborhood venues
https://www.zomato.com/pune/zaytun-restaurant-cafe-1-kondhwa,3,Low-volume neighborhood venues
https://www.zomato.com/pune/le-chaat-1-baner,3,Low-volume neighborhood venues
https://www.zomato.com/pune/p-square-by-sanghavis-kitchen-ravet,3,Low-volume neighborhood venues
https://www.zomato.com/pune/bits-n-bites-nigdi,3,Low-volume neighborhood venues
https://www.zomato.com/pune/toasty-rosty-sadashiv-peth,1,Polarizing experiences
https://www.zomato.com/pune/k2h-meals-sinhgad-road,0,Premium dining
https://www.zomato.com/pune/new-shegaon-kachori-centre-kothrud,1,Polarizing experiences
https://www.zomato.com/pune/gokul-pure-veg-1-kothrud,1,Polarizing experiences
https://www.zomato.com/pune/fitfood-kharadi,3,Low-volume neighborhood venues
https://www.zomato.com/pune/mithai-magic-magarpatta,1,Polarizing experiences
https://www.zomato.com/pune/meramealbox-baner,0,Premium dining
https://www.zomato.com/pune/tandoor-factory-magarpatta,0,Premium dining
https://www.zomato.com/pune/al-rayan-restaurant-kharadi,0,Premium dining
https://www.zomato.com/pune/vaishnu-hotel-pimple-saudagar,1,Polarizing experiences
https://www.zomato.com/pune/hotel-farmaish-bhosari,1,Polarizing experiences
https://www.zomato.com/pune/dream-knight-hadapsar,2,High-volume crowd favorites
https://www.zomato.com/pune/kisa-veg-corner-hadapsar,1,Polarizing experiences
https://www.zomato.com/pune/auntys-paratha-house-vishrantwadi,3,Low-volume neighborhood venues
https://www.zomato.com/green-soul-kitchens,1,Polarizing experiences
https://www.zomato.com/pune/shree-abhishek-sinhgad-road,1,Polarizing experiences
https://www.zomato.com/pune/grandmas-kitchen-kothrud,1,Polarizing experiences
https://www.zomato.com/pune/kabab-king-ravet,1,Polarizing experiences
https://www.zomato.com/pune/day-lite-bite-sinhgad-road,0,Premium dining
https://www.zomato.com/pune/sweet-crumbs-viman-nagar,0,Premium dining
https://www.zomato.com/pune/biryani-darbar-senapati-bapat-road,1,Polarizing experiences
https://www.zomato.com/pune/the-pune-bistro-kothrud,0,Premium dining
https://www.zomato.com/pune/cafe-house-chat-corner-erandwane,3,Low-volume neighborhood venues
https://www.zomato.com/pune/cafe-old-delhi-viman-nagar,3,Low-volume neighborhood venues
https://www.zomato.com/pune/annapurna-kithchen-wadgaon-sheri,3,Low-volume neighborhood venues
https://www.zomato.com/pune/club-shawarma-pimpri,3,Low-volume neighborhood venues
https://www.zomato.com/pune/minimelts-kalyani-nagar,3,Low-volume neighborhood venues
https://www.zomato.com/pune/parathawale-kothrud,3,Low-volume neighborhood venues
https://www.zomato.com/pune/hotel-shree-vinayaka-pure-veg-pimple-gurav,3,Low-volume neighborhood venues
https://www.zomato.com/pune/london-street-lounge-restaurant-kharadi,0,Premium dining
https://www.zomato.com/pune/shree-sai-veg-non-veg-restaurant-model-colony,1,Polarizing experiences
https://www.zomato.com/pune/masala-chaiwala-wadgaon-sheri,3,Low-volume neighborhood venues
https://www.zomato.com/pune/arun-ice-creams-dhankawadi,0,Premium dining
https://www.zomato.com/pune/the-golden-box-tgb-pimple-nilakh,0,Premium dining
https://www.zomato.com/pune/cakes-n-bites-hinjawadi,1,Polarizing experiences
https://www.zomato.com/pune/sandwich-katta-1-erandwane,3,Low-volume neighborhood venues
https://www.zomato.com/pune/i-k-caterers-biryani-kharadi,1,Polarizing experiences
https://www.zomato.com/pune/shake-o-holic-wakad,0,Premium dining
https://www.zomato.com/pune/namaste-indian-restaurant-parvati,0,Premium dining
https://www.zomato.com/pune/jadhavanche-thalipeeth-bhosari,3,Low-volume neighborhood venues
https://www.zomato.com/pune/sargar-biryanis-sadashiv-peth,3,Low-volume neighborhood venues
https://www.zomato.com/pune/mm-biryani-house-wakad,1,Polarizing experiences
https://www.zomato.com/pune/sarpanch-mala-nigdi,1,Polarizing experiences
https://www.zomato.com/pune/hotel-mavala-narhe,3,Low-volume neighborhood venues
https://www.zomato.com/pune/hotel-anand-bhuwan-shukrawar-peth,3,Low-volume neighborhood venues
https://www.zomato.com/pune/gavathi-restaurant-wakad,3,Low-volume neighborhood venues
https://www.zomato.com/pune/red-chillies-wagholi,3,Low-volume neighborhood venues
https://www.zomato.com/pune/kastakaar-wadi-family-restaurant-sinhgad-road,3,Low-volume neighborhood venues
https://www.zomato.com/pune/food-paradise-kothrud,3,Low-volume neighborhood venues
https://www.zomato.com/pune/pure-veg-divine-karve-nagar,0,Premium dining
https://www.zomato.com/pune/bengali-tadka-nibm-road,0,Premium dining
https://www.zomato.com/pune/eat-em-up-koregaon-park,3,Low-volume neighborhood venues
https://www.zomato.com/pune/dakshin-bharat-balewadi,3,Low-volume neighborhood venues
https://www.zomato.com/pune/jalsa-resto-2-pimple-gurav,0,Premium dining
https://www.zomato.com/pune/shiv-dining-hall-restaurant-hinjawadi,1,Polarizing experiences
https://www.zomato.com/pune/pappu-chaiwalla-magarpatta,0,Premium dining
https://www.zomato.com/pune/cream-and-crush-bibvewadi,3,Low-volume neighborhood venues
https://www.zomato.com/pune/doodle-cafe-kothrud,1,Polarizing experiences
https://www.zomato.com/pune/swirl-station-1-sinhgad-road,3,Low-volume neighborhood venues
https://www.zomato.com/pune/egg-bite-nigdi,1,Polarizing experiences
https://www.zomato.com/pune/the-irani-cafe-restaurant-2-viman-nagar,0,Premium dining
https://www.zomato.com/pune/jugs-and-mugs-2-kharadi,3,Low-volume neighborhood venues
https://www.zomato.com/pune/big-belly-canteen-viman-nagar,0,Premium dining
https://www.zomato.com/pune/khushboo-resto-1-hinjawadi,1,Polarizing experiences
https://www.zomato.com/pune/q-sinhgad-road,1,Polarizing experiences
https://www.zomato.com/pune/flavours-the-veg-treat-wakad,0,Premium dining
https://www.zomato.com/pune/new-supreme-pavbhaji-and-creamist-live-ice-cream-rolls-wakad,3,Low-volume neighborhood venues
https://www.zomato.com/pune/red-chilli-restaurant-hadapsar,1,Polarizing experiences
https://www.zomato.com/pune/rankala-misal-house-snacks-centre-balewadi,0,Premium dining
https://www.zomato.com/pune/big-cheese-kothrud,0,Premium dining
https://www.zomato.com/pune/mithla-paratha-thali-house-baner,3,Low-volume neighborhood venues
https://www.zomato.com/pune/idli-sambar-bt-kawade-road,1,Polarizing experiences
https://www.zomato.com/pune/foodies-camp-area,1,Polarizing experiences
https://www.zomato.com/pune/pokket-cafe-kharadi,1,Polarizing experiences
https://www.zomato.com/pune/hot-tadka-restaurant-wakad,1,Polarizing experiences
https://www.zomato.com/pune/khau-gully-viman-nagar,1,Polarizing experiences
https://www.zomato.com/pune/urus-restaurant-shivapur,0,Premium dining
https://www.zomato.com/pune/kings-biryani-1-viman-nagar,1,Polarizing experiences
https://www.zomato.com/pune/the-veg-culture-1-aundh,2,High-volume crowd favorites
https://www.zomato.com/pune/capers-pizza-magarpatta,1,Polarizing experiences
https://www.zomato.com/pune/hotel-aishwarya-family-restaurant-bar-chakan,3,Low-volume neighborhood venues
https://www.zomato.com/pune/hotel-alishan-wadgaon-sheri,3,Low-volume neighborhood venues
https://www.zomato.com/pune/between-bread-sinhgad-road,0,Premium dining
https://www.zomato.com/pune/rasgandha-pure-veg-restaurant-dange-chowk,0,Premium dining
https://www.zomato.com/pune/nudo-pizzeria-al-naturale-kalyani-nagar,1,Polarizing experiences
https://www.zomato.com/pune/my-food-planet-1-pimple-gurav,0,Premium dining
https://www.zomato.com/pune/pick-me-up-dhanori,1,Polarizing experiences
https://www.zomato.com/pune/kathi-junction-1-pimple-saudagar,0,Premium dining
https://www.zomato.com/pune/hotel-patil-pimple-gurav,3,Low-volume neighborhood venues
https://www.zomato.com/pune/twisted-tiffin-ghorpadi,1,Polarizing experiences
https://www.zomato.com/pune/reddy-south-indian-spicy-food-court-dhankawadi,3,Low-volume neighborhood venues
https://www.zomato.com/pune/the-theka-pune-solapur-road,3,Low-volume neighborhood venues
https://www.zomato.com/pune/hungry-foodies-pimpri,3,Low-volume neighborhood venues
https://www.zomato.com/pune/nomads-model-colony,0,Premium dining
https://www.zomato.com/pune/metro-cafe-warje,3,Low-volume neighborhood venues
https://www.zomato.com/pune/punjabi-darbar-rasoi-king-hadapsar,1,Polarizing experiences
https://www.zomato.com/pune/oasis-family-resto-sinhgad-road,0,Premium dining
https://www.zomato.com/pune/zayka-wakad,1,Polarizing experiences
https://www.zomato.com/pune/kalpna-bhel-sadashiv-peth,3,Low-volume neighborhood venues
https://www.zomato.com/pune/redefined-tea-magarpatta,3,Low-volume neighborhood venues
https://www.zomato.com/pune/indian-food-company-kalyani-nagar,0,Premium dining
https://www.zomato.com/pune/hotel-shiv-paratha-house-deccan-gymkhana,3,Low-volume neighborhood venues
https://www.zomato.com/pune/zaika-biryani-house-nigdi,1,Polarizing experiences
https://www.zomato.com/pune/desi-firangi-bhosari,3,Low-volume neighborhood venues
https://www.zomato.com/pune/hotel-jijau-kothrud,3,Low-volume neighborhood venues
https://www.zomato.com/pune/sweet-brew-model-colony,1,Polarizing experiences
https://www.zomato.com/pune/kalyani-bhel-sinhgad-road,3,Low-volume neighborhood venues
https://www.zomato.com/pune/pita-pizza-hadapsar,0,Premium dining
https://www.zomato.com/pune/99-dishes-magarpatta,2,High-volume crowd favorites
https://www.zomato.com/pune/sai-tirth-misal-house-vishrantwadi,3,Low-volume neighborhood venues
https://www.zomato.com/pune/cafe-om-sai-pure-veg-bavdhan,1,Polarizing experiences
https://www.zomato.com/pune/vateshwar-bhuvan-1-shukrawar-peth,3,Low-volume neighborhood venues
https://www.zomato.com/pune/shree-siddhivinayak-vada-pav-center-pimple-gurav,3,Low-volume neighborhood venues
https://www.zomato.com/pune/sps-nonveg-hadapsar,1,Polarizing experiences
https://www.zomato.com/pune/rangda-punjab-khadki,1,Polarizing experiences
https://www.zomato.com/pune/khushboo-snacks-kothrud,3,Low-volume neighborhood venues
https://www.zomato.com/pune/kalpana-parvati,1,Polarizing experiences
https://www.zomato.com/pune/chai-it-baner,0,Premium dining
https://www.zomato.com/pune/hotel-suvarna-bt-kawade-road,3,Low-volume neighborhood venues
https://www.zomato.com/pune/minus-301-degrees-f-baner,0,Premium dining
https://www.zomato.com/pune/mayuresh-dining-hall-kothrud,3,Low-volume neighborhood venues
https://www.zomato.com/pune/sangram-hadapsar,1,Polarizing experiences
https://www.zomato.com/pune/hotel-new-vishwavilas-chinchwad,3,Low-volume neighborhood venues
https://www.zomato.com/pune/el-cafe-amigos-dhankawadi,0,Premium dining
https://www.zomato.com/pune/hindustan-bakery-karve-nagar,3,Low-volume neighborhood venues
https://www.zomato.com/pune/shree-maharaja-wanowrie,0,Premium dining
https://www.zomato.com/pune/night-cafe-pimple-saudagar,1,Polarizing experiences
https://www.zomato.com/pune/malwani-thaat-lonavala,0,Premium dining
https://www.zomato.com/pune/avenue-restaurant-and-bar-fc-road,3,Low-volume neighborhood venues
https://www.zomato.com/pune/paramount-ice-cream-baner,0,Premium dining
https://www.zomato.com/pune/the-veg-eatarian-satara-road,0,Premium dining
https://www.zomato.com/pune/surya-family-restaurant-bhosari,1,Polarizing experiences
https://www.zomato.com/pune/cafe-bollywood-chinchwad,1,Polarizing experiences
https://www.zomato.com/pune/s-l-j-bangalore-iyangars-bakery-pimple-saudagar,0,Premium dining
https://www.zomato.com/pune/green-lounge-pashan,2,High-volume crowd favorites
https://www.zomato.com/pune/raiba-rasta-peth,3,Low-volume neighborhood venues
https://www.zomato.com/pune/bhavnagari-sweets-rasta-peth,3,Low-volume neighborhood venues
https://www.zomato.com/pune/gourmade-with-love-camp-area,0,Premium dining
https://www.zomato.com/pune/celebration-mercure-lavasa,2,High-volume crowd favorites
https://www.zomato.com/pune/model-café-model-colony,1,Polarizing experiences
https://www.zomato.com/pune/mags-sports-lounge-baner,3,Low-volume neighborhood venues
https://www.zomato.com/pune/tapri-lavale,0,Premium dining
https://www.zomato.com/pune/hotel-sonam-hinjawadi,0,Premium dining
https://www.zomato.com/pune/sugran-swayampakghar-bibvewadi,3,Low-volume neighborhood venues
https://www.zomato.com/pune/katraj-junction-katraj,1,Polarizing experiences
https://www.zomato.com/pune/meal-40-wadgaon-sheri,0,Premium dining
https://www.zomato.com/pune/amrale-misal-mulshi,3,Low-volume neighborhood venues
https://www.zomato.com/pune/red-chillies-resto-bar-camp-area,3,Low-volume neighborhood venues
https://www.zomato.com/pune/tatyo-deccan-gymkhana,1,Polarizing experiences
https://www.zomato.com/pune/hotel-shree-b-nigdi,3,Low-volume neighborhood venues
https://www.zomato.com/pune/barbeque-garage-viman-nagar,1,Polarizing experiences
https://www.zomato.com/pune/portico-family-restaurant-chinchwad,0,Premium dining
https://www.zomato.com/pune/house-of-hungers-bhosari,1,Polarizing experiences
https://www.zomato.com/pune/shree-radhakrishna-pimpri,0,Premium dining
https://www.zomato.com/pune/taste-destination-aundh,1,Polarizing experiences
https://www.zomato.com/pune/dilli-6-se-mh-12-hadapsar,1,Polarizing experiences
https://www.zomato.com/pune/radhika-veg-non-veg-hadapsar,3,Low-volume neighborhood venues
https://www.zomato.com/pune/go-dabbas-1-baner,1,Polarizing experiences
https://www.zomato.com/pune/bakes-by-rj-baner,3,Low-volume neighborhood venues
https://www.zomato.com/pune/duchess-lonavala,1,Polarizing experiences
https://www.zomato.com/pune/prathamesh-hotel-ravet,0,Premium dining
https://www.zomato.com/pune/pizza-point-hadapsar,1,Polarizing experiences
https://www.zomato.com/pune/the-dark-horse-koregaon-park,0,Premium dining
https://www.zomato.com/pune/tejas-dhaba-lonavala,1,Polarizing experiences
https://www.zomato.com/pune/mantraa-wakad,1,Polarizing experiences
https://www.zomato.com/pune/suraj-dhaba-old-mumbai-pune-highway,3,Low-volume neighborhood venues
https://www.zomato.com/pune/dhaba-collage-lonavala,0,Premium dining
https://www.zomato.com/pune/jai-malhar-dhaba-old-mumbai-pune-highway,3,Low-volume neighborhood venues
https://www.zomato.com/pune/hotel-rajdhani-wagholi,1,Polarizing experiences
https://www.zomato.com/pune/hotel-ranjatra-wagholi,1,Polarizing experiences
https://www.zomato.com/pune/tasty-bites-jm-road,3,Low-volume neighborhood venues
https://www.zomato.com/pune/metro-cafe-katraj,0,Premium dining
https://www.zomato.com/pune/anjali-tiffin-services-bibvewadi,3,Low-volume neighborhood venues
https://www.zomato.com/pune/kalash-kondhwa,1,Polarizing experiences
https://www.zomato.com/pune/ganesh-bhawan-bt-kawade-road,3,Low-volume neighborhood venues
https://www.zomato.com/pune/meets-place-snacks-and-coffee-bar-wakad,1,Polarizing experiences
https://www.zomato.com/pune/a-loaf-story-nigdi,0,Premium dining
https://www.zomato.com/pune/royal-court-dhanori,1,Polarizing experiences
https://www.zomato.com/pune/lai-bhari-kolhapuri-sinhgad-road,1,Polarizing experiences
https://www.zomato.com/pune/hotel-nisarg-pimpri,1,Polarizing experiences
https://www.zomato.com/pune/sohail-machhli-lunch-home-lonavala,1,Polarizing experiences
https://www.zomato.com/pune/grab-a-bowl-viman-nagar,1,Polarizing experiences
https://www.zomato.com/pune/pakwan-sweets-and-namkeen-pimple-saudagar,0,Premium dining
https://www.zomato.com/pune/naivedya-restaurant-shivapur,1,Polarizing experiences
https://www.zomato.com/pune/candle-hut-mundhwa,0,Premium dining
https://www.zomato.com/himalaya-momo-food-truck,0,Premium dining
https://www.zomato.com/pune/darjeeling-momos-and-chinese-mundhwa,3,Low-volume neighborhood venues
https://www.zomato.com/pune/tarriii-misal-house-pimpri,0,Premium dining
https://www.zomato.com/pune/swaraj-hinjawadi,3,Low-volume neighborhood venues
https://www.zomato.com/pune/chai-shai-hinjawadi,0,Premium dining
https://www.zomato.com/pune/vandana-hadapsar,1,Polarizing experiences
https://www.zomato.com/pune/hotel-famous-pimpri,3,Low-volume neighborhood venues
https://www.zomato.com/pune/punjabi-darbar-hadapsar,1,Polarizing experiences
https://www.zomato.com/pune/rohit-coffee-corner-1-sadashiv-peth,0,Premium dining
https://www.zomato.com/pune/cafe-with-a-twist-nibm-road,0,Premium dining
https://www.zomato.com/pune/v-cafe-and-restaurant-sinhgad-road,2,High-volume crowd favorites
https://www.zomato.com/midnight-mario,0,Premium dining
https://www.zomato.com/pune/kareems-1-aundh,1,Polarizing experiences
https://www.zomato.com/pune/food-24x7-magarpatta,1,Polarizing experiences
https://www.zomato.com/pune/urbanspiice-old-mumbai-pune-highway,1,Polarizing experiences
https://www.zomato.com/pune/madhavas-chinchwad,3,Low-volume neighborhood venues
https://www.zomato.com/pune/new-tulsi-veg-idli-corner-chandan-nagar,1,Polarizing experiences
https://www.zomato.com/pune/spice-nigdi,0,Premium dining
https://www.zomato.com/pune/feast-multicuisine-restaurant-zip-by-spree-spine-hotel-hinjawadi,1,Polarizing experiences
https://www.zomato.com/pune/shivam-bhel-hadapsar,3,Low-volume neighborhood venues
https://www.zomato.com/pune/m-pizza-kothrud,1,Polarizing experiences
https://www.zomato.com/pune/ayyappa-dosa-centre-pimpri,3,Low-volume neighborhood venues
https://www.zomato.com/pune/le-cheezy-kothrud,1,Polarizing experiences
https://www.zomato.com/pune/gokool-camp-area,0,Premium dining
https://www.zomato.com/pune/hotel-ratna-pune-university,0,Premium dining
https://www.zomato.com/pune/sarathi-veg-restaurant-erandwane,3,Low-volume neighborhood venues
https://www.zomato.com/pune/kerala-snacks-centre-wanowrie,3,Low-volume neighborhood venues
https://www.zomato.com/pune/anand-bhuvan-khadki,3,Low-volume neighborhood venues
https://www.zomato.com/pune/sonali-restaurant-bhosari,1,Polarizing experiences
https://www.zomato.com/pune/sri-krishna-hotel-camp-area,3,Low-volume neighborhood venues
https://www.zomato.com/pune/hotel-harsha-dange-chowk,3,Low-volume neighborhood venues
https://www.zomato.com/pune/kadhai-1-aundh,0,Premium dining
https://www.zomato.com/pune/nisarg-veg-sinhgad-road,1,Polarizing experiences
https://www.zomato.com/pune/trimurti-pride-katraj,3,Low-volume neighborhood venues
https://www.zomato.com/pune/holiday-cottage-inn-khadakwasla,1,Polarizing experiences
https://www.zomato.com/pune/tapasya-sadashiv-peth,0,Premium dining
https://www.zomato.com/pune/kaware-cold-drinks-budhwar-peth,0,Premium dining
https://www.zomato.com/pune/hotel-atithi-pure-veg-bhosari,3,Low-volume neighborhood venues
https://www.zomato.com/pune/high-point-bar-restaurant-lonavala,0,Premium dining
https://www.zomato.com/pune/hotel-sai-restaurant-dhanori,1,Polarizing experiences
https://www.zomato.com/pune/kamats-green-house-lonavala,0,Premium dining
https://www.zomato.com/pune/dharwadi-mishra-pedha-sadashiv-peth,0,Premium dining
https://www.zomato.com/pune/brugge-dhole-patil-road,0,Premium dining
https://www.zomato.com/pune/vasant-family-resto-bar-rasta-peth,2,High-volume crowd favorites
https://www.zomato.com/pune/taipans-dhaba-camp-area,3,Low-volume neighborhood venues
https://www.zomato.com/pune/madhuban-restaurant-bar-bhosari,0,Premium dining
https://www.zomato.com/pune/fantasy-juice-bar-snacks-bund-garden,0,Premium dining
https://www.zomato.com/pune/uncle-kitchen-camp-area,0,Premium dining
https://www.zomato.com/pune/milestone-09-pune-solapur-road,3,Low-volume neighborhood venues
https://www.zomato.com/pune/bholenath-garden-dhaba-old-mumbai-pune-highway,1,Polarizing experiences
https://www.zomato.com/pune/hotel-prathamesh-shivapur,3,Low-volume neighborhood venues
https://www.zomato.com/pune/ganesh-bhel-kothrud,3,Low-volume neighborhood venues
https://www.zomato.com/pune/buninda-mulshi,1,Polarizing experiences
https://www.zomato.com/pune/kwality-walls-swirls-viman-nagar,3,Low-volume neighborhood venues
https://www.zomato.com/pune/madhur-family-restaurant-wakad,3,Low-volume neighborhood venues
https://www.zomato.com/pune/hotel-srushti-pimple-gurav,1,Polarizing experiences
https://www.zomato.com/pune/cafe-brookside-viman-nagar,1,Polarizing experiences
https://www.zomato.com/pune/spice-restaurant-hotel-park-ornate-yerawada,2,High-volume crowd favorites
https://www.zomato.com/pune/the-village-pimpri,0,Premium dining
https://www.zomato.com/pune/kamakshi-hotel-chinchwad,0,Premium dining
https://www.zomato.com/pune/chandani-karve-nagar,0,Premium dining
https://www.zomato.com/pune/sunny-farms-salunkhe-vihar-road,1,Polarizing experiences
https://www.zomato.com/pune/nirman-family-restaurant-bar-camp-area,3,Low-volume neighborhood venues
https://www.zomato.com/pune/hotel-anand-bavdhan,1,Polarizing experiences
https://www.zomato.com/pune/sanika-pimpri,2,High-volume crowd favorites
https://www.zomato.com/pune/woodlands-samudra-satara-road,3,Low-volume neighborhood venues
https://www.zomato.com/pune/dulari-garden-rasta-peth,0,Premium dining
https://www.zomato.com/pune/sai-palace-kothrud,1,Polarizing experiences
https://www.zomato.com/pune/log-house-baner,1,Polarizing experiences
https://www.zomato.com/pune/hotel-meghraj-hadapsar,0,Premium dining
https://www.zomato.com/pune/charus-baner,0,Premium dining
https://www.zomato.com/pune/rice-roti-dhole-patil-road,1,Polarizing experiences
https://www.zomato.com/pune/shockolaah-yerawada,0,Premium dining
https://www.zomato.com/pune/sheetal-lunch-home-and-bar-pimpri,1,Polarizing experiences
https://www.zomato.com/pune/the-mint-leaf-hinjawadi,0,Premium dining
https://www.zomato.com/pune/shree-inn-kalyani-nagar,0,Premium dining
https://www.zomato.com/pune/alaknandas-the-cake-shop-pimple-saudagar,3,Low-volume neighborhood venues
https://www.zomato.com/pune/la-boulangere-lonavala,0,Premium dining
https://www.zomato.com/pune/malini-family-restaurant-bar-hadapsar,1,Polarizing experiences
https://www.zomato.com/pune/saad-bakery-pimple-gurav,3,Low-volume neighborhood venues
https://www.zomato.com/pune/hotel-r-r-restaurant-bar-pimpri,3,Low-volume neighborhood venues
https://www.zomato.com/pune/samruddhi-family-restaurant-balewadi,1,Polarizing experiences
https://www.zomato.com/pune/samrat-dum-biryani-tandoor-bavdhan,1,Polarizing experiences
https://www.zomato.com/pune/cafe-cool-nigdi,0,Premium dining
https://www.zomato.com/pune/mantra-family-restaurant-sinhgad-road,0,Premium dining
https://www.zomato.com/pune/soham-dining-hall-food-zone-jm-road,0,Premium dining
https://www.zomato.com/pune/tasty-corner-bund-garden,0,Premium dining
https://www.zomato.com/pune/pratik-biryani-house-karve-nagar,0,Premium dining
https://www.zomato.com/pune/alfresco-beyond-the-eatery-four-points-by-sheraton-viman-nagar,0,Premium dining
https://www.zomato.com/pune/poolside-cafe-viman-nagar,3,Low-volume neighborhood venues
https://www.zomato.com/pune/bhajan-singh-da-dhaba-talegaon,1,Polarizing experiences
https://www.zomato.com/pune/malwani-dayz-hadapsar,1,Polarizing experiences
https://www.zomato.com/pune/hotel-aishwarya-chinchwad,1,Polarizing experiences
https://www.zomato.com/pune/curleys-mundhwa,1,Polarizing experiences
https://www.zomato.com/pune/kahwa-cafe-kothrud,1,Polarizing experiences
https://www.zomato.com/pune/ishaan-magarpatta,0,Premium dining
https://www.zomato.com/pune/tasty-tongues-chaats-bavdhan,0,Premium dining
https://www.zomato.com/pune/palkhi-restaurant-kothrud,1,Polarizing experiences
https://www.zomato.com/pune/athavan-dange-chowk,3,Low-volume neighborhood venues
https://www.zomato.com/pune/blinque-parc-estique-viman-nagar,2,High-volume crowd favorites
https://www.zomato.com/pune/has-juice-bar-aundh,3,Low-volume neighborhood venues
https://www.zomato.com/pune/cookie-man-viman-nagar,0,Premium dining
https://www.zomato.com/pune/hotel-sahara-wakad,1,Polarizing experiences
https://www.zomato.com/pune/sai-sakshi-akurdi,1,Polarizing experiences
https://www.zomato.com/pune/biryani-house-1-akurdi,1,Polarizing experiences
https://www.zomato.com/pune/real-aroma-pot-biryani-wadgaon-sheri,1,Polarizing experiences
https://www.zomato.com/pune/gholap-biryanis-shivapur,3,Low-volume neighborhood venues
https://www.zomato.com/pune/saffron-resto-bar-wakad,1,Polarizing experiences
https://www.zomato.com/pune/the-gabbars-cafe-pimple-saudagar,0,Premium dining
https://www.zomato.com/pune/hotel-chandrasi-pimple-gurav,1,Polarizing experiences
https://www.zomato.com/pune/lanterns-fc-road,0,Premium dining
https://www.zomato.com/pune/kulfi-story-wakad,0,Premium dining
https://www.zomato.com/pune/you-me-cafe-ravet,3,Low-volume neighborhood venues
https://www.zomato.com/pune/meal-mafia-viman-nagar,0,Premium dining
https://www.zomato.com/pune/lassi-wale-pimple-saudagar,1,Polarizing experiences
https://www.zomato.com/pune/hide-out-lounge-cafe-dhanori,2,High-volume crowd favorites
https://www.zomato.com/pune/zakirs-biryani-model-colony,1,Polarizing experiences
https://www.zomato.com/pune/greedys-cafe-1-sinhgad-road,1,Polarizing experiences
https://www.zomato.com/pune/oceanus-the-corinthians-nibm-road,2,High-volume crowd favorites
https://www.zomato.com/pune/jamshed-biryani-senapati-bapat-road,1,Polarizing experiences
https://www.zomato.com/pune/cafe-high-score-fc-kothrud,3,Low-volume neighborhood venues
https://www.zomato.com/pune/hotel-niwara-hadapsar,1,Polarizing experiences
https://www.zomato.com/pune/crown-cafe-3-kondhwa,3,Low-volume neighborhood venues
https://www.zomato.com/pune/misal-darbar-samshlok-foods-pimpri,1,Polarizing experiences
https://www.zomato.com/pune/landmark-restaurant-nibm-road,1,Polarizing experiences
https://www.zomato.com/pune/ashwamedh-shaniwar-peth,1,Polarizing experiences
https://www.zomato.com/pune/trupti-meals-chinchwad,3,Low-volume neighborhood venues
https://www.zomato.com/pune/poona-biryani-sinhgad-road,1,Polarizing experiences
https://www.zomato.com/pune/suaashi-restaurant-pimple-gurav,2,High-volume crowd favorites
https://www.zomato.com/pune/cake-cream-pimple-saudagar,1,Polarizing experiences
https://www.zomato.com/pune/shree-kala-aaba-misalwale-dhankawadi,3,Low-volume neighborhood venues
https://www.zomato.com/pune/shanti-restaurant-hadapsar,1,Polarizing experiences
https://www.zomato.com/pune/the-spicy-spoon-by-assal-amravati-mh-27-hinjawadi,1,Polarizing experiences
https://www.zomato.com/pune/china-town-lohegaon,1,Polarizing experiences
https://www.zomato.com/pune/new-durga-biryani-house-hadapsar,0,Premium dining
https://www.zomato.com/pune/navyug-restaurant-dhole-patil-road,1,Polarizing experiences
https://www.zomato.com/pune/tangerine-camp-area,2,High-volume crowd favorites
https://www.zomato.com/pune/pet-pujo-hinjawadi,3,Low-volume neighborhood venues
https://www.zomato.com/pune/one-stop-lounge-and-bar-viman-nagar,0,Premium dining
https://www.zomato.com/pune/hotel-shilpa-gavran-pimpri,0,Premium dining
https://www.zomato.com/pune/amyras-kitchen-wakad,3,Low-volume neighborhood venues
https://www.zomato.com/pune/pizza-in-excellence-nibm-road,0,Premium dining
https://www.zomato.com/pune/chinese-corner-warje,1,Polarizing experiences
https://www.zomato.com/pune/fulora-punjabi-by-nature-bibvewadi,2,High-volume crowd favorites
https://www.zomato.com/pune/mungarwadiz-mirchi-satara-road,0,Premium dining
https://www.zomato.com/pune/shree-parathas-viman-nagar,1,Polarizing experiences
https://www.zomato.com/pune/multigrain-thalipith-wakad,3,Low-volume neighborhood venues
https://www.zomato.com/pune/cream-centre-lonavala,0,Premium dining
https://www.zomato.com/pune/ambrosia-patisserie-cafe-ambrosia-resort-and-spa-bavdhan,0,Premium dining
https://www.zomato.com/pune/the-glass-house-hotel-eastin-easy-old-mumbai-pune-highway,2,High-volume crowd favorites
https://www.zomato.com/pune/kaffe-fuel-wakad,0,Premium dining
https://www.zomato.com/pune/neo-politan-pizza-bhosari,1,Polarizing experiences
https://www.zomato.com/pune/ckp-aaswad-bibvewadi,3,Low-volume neighborhood venues
https://www.zomato.com/pune/marina-cafe-hinjawadi,1,Polarizing experiences
https://www.zomato.com/pune/kps-pizza-pimpri,3,Low-volume neighborhood venues
https://www.zomato.com/pune/hotel-gurudatta-karve-nagar,3,Low-volume neighborhood venues
https://www.zomato.com/pune/bfs-burger-fries-shake-kothrud,1,Polarizing experiences
https://www.zomato.com/pune/king-of-paratha-baner,3,Low-volume neighborhood venues
https://www.zomato.com/pune/pride-pure-veg-nigdi,1,Polarizing experiences
https://www.zomato.com/pune/desais-mangoes-tilak-road,3,Low-volume neighborhood venues
https://www.zomato.com/pune/victoria-3-1-chinchwad,2,High-volume crowd favorites
https://www.zomato.com/pune/goketo-viman-nagar,3,Low-volume neighborhood venues
https://www.zomato.com/pune/nationals-spirits-restaurant-bar-wadgaon-sheri,3,Low-volume neighborhood venues
https://www.zomato.com/pune/shree-pure-veg-pimpri,3,Low-volume neighborhood venues
https://www.zomato.com/pune/downtown-cafe-shivaji-nagar,3,Low-volume neighborhood venues
https://www.zomato.com/pune/dr-bubbles-chai-specialist-fc-road,2,High-volume crowd favorites
https://www.zomato.com/pune/tuljabhavani-chinese-corner-wadgaon-sheri,3,Low-volume neighborhood venues
https://www.zomato.com/pune/curry-and-spice-shukrawar-peth,1,Polarizing experiences
https://www.zomato.com/pune/hotel-chandrama-aundh,1,Polarizing experiences
https://www.zomato.com/pune/burger-vurger-and-chinese-restaurant-wadgaon-sheri,0,Premium dining
https://www.zomato.com/pune/the-sugar-box-sinhgad-road,1,Polarizing experiences
https://www.zomato.com/pune/sagar-restaurant-pimpri,1,Polarizing experiences
https://www.zomato.com/pune/jalsa-restaurant-pimple-gurav,1,Polarizing experiences
https://www.zomato.com/pune/hotel-surya-chinchwad,1,Polarizing experiences
https://www.zomato.com/pune/shere-e-punjab-budhwar-peth,1,Polarizing experiences
https://www.zomato.com/pune/hotel-shifa-vishrantwadi,3,Low-volume neighborhood venues
https://www.zomato.com/pune/mayur-garden-restaurant-bar-bhosari,3,Low-volume neighborhood venues
https://www.zomato.com/pune/the-terrace-bistro-dhole-patil-road,3,Low-volume neighborhood venues
https://www.zomato.com/pune/palvi-pure-veg-kharadi,1,Polarizing experiences
https://www.zomato.com/pune/hotel-sinhgad-fountain-1-sinhgad-road,1,Polarizing experiences
https://www.zomato.com/pune/swamis-pure-veg-shukrawar-peth,1,Polarizing experiences
https://www.zomato.com/pune/hotel-barsa-wakad,0,Premium dining
https://www.zomato.com/pune/hotel-haveli-katraj,3,Low-volume neighborhood venues
https://www.zomato.com/pune/happy-bench-1-chinchwad,3,Low-volume neighborhood venues
https://www.zomato.com/pune/hotel-gandharv-kothrud,1,Polarizing experiences
https://www.zomato.com/pune/hotel-sitara-garden-pimple-saudagar,1,Polarizing experiences
https://www.zomato.com/pune/roshal-garden-bhosari,1,Polarizing experiences
https://www.zomato.com/pune/horizon-resto-vishrantwadi,3,Low-volume neighborhood venues
https://www.zomato.com/pune/dinesh-bar-family-restaurant-bt-kawade-road,1,Polarizing experiences
https://www.zomato.com/pune/balaji-pav-bhaji-karve-nagar,3,Low-volume neighborhood venues
https://www.zomato.com/pune/aakash-fc-road,3,Low-volume neighborhood venues
https://www.zomato.com/pune/cafe-magic-fc-road,3,Low-volume neighborhood venues
https://www.zomato.com/pune/cafe-high-street-corner-balewadi,3,Low-volume neighborhood venues
https://www.zomato.com/pune/hotel-arambha-veg-non-veg-jm-road,3,Low-volume neighborhood venues
https://www.zomato.com/pune/china-bowl-dhankawadi,3,Low-volume neighborhood venues
https://www.zomato.com/pune/shree-datta-bhel-pashan,3,Low-volume neighborhood venues
https://www.zomato.com/pune/shivshambhu-tiffin-hadapsar,3,Low-volume neighborhood venues
https://www.zomato.com/pune/snehas-kitchen-sinhgad-road,3,Low-volume neighborhood venues
https://www.zomato.com/pune/laxmi-narayan-best-chiwda-shukrawar-peth,3,Low-volume neighborhood venues
https://www.zomato.com/pune/meals-home-restaurant-hinjawadi,3,Low-volume neighborhood venues
https://www.zomato.com/pune/j-j-hotel-chinese-corner-pimpri,1,Polarizing experiences
https://www.zomato.com/pune/limra-restaurant-wadgaon-sheri,3,Low-volume neighborhood venues
https://www.zomato.com/pune/pizzeria-cafe-kothrud,3,Low-volume neighborhood venues
https://www.zomato.com/pune/ishita-chinese-corner-narhe,3,Low-volume neighborhood venues
https://www.zomato.com/pune/make-my-treat-hinjawadi,3,Low-volume neighborhood venues
https://www.zomato.com/pune/the-yellow-plate-kothrud,3,Low-volume neighborhood venues
https://www.zomato.com/pune/blue-bawarchi-pure-veg-wakad,3,Low-volume neighborhood venues
https://www.zomato.com/pune/kulfi-bar-wakad,3,Low-volume neighborhood venues
https://www.zomato.com/pune/curries-co-baner,0,Premium dining
https://www.zomato.com/pune/hotel-sugran-veg-non-veg-family-garden-restaurant-hadapsar,3,Low-volume neighborhood venues
https://www.zomato.com/pune/bhandgaon-jatra-pune-solapur-road,3,Low-volume neighborhood venues
https://www.zomato.com/pune/punjab-in-a-box-pimple-nilakh,0,Premium dining
https://www.zomato.com/pune/kranti-snack-centre-hinjawadi,3,Low-volume neighborhood venues
https://www.zomato.com/pune/rudraksh-pure-veg-narhe,3,Low-volume neighborhood venues
https://www.zomato.com/pune/highwayz-litti-chokha-wakad,1,Polarizing experiences
https://www.zomato.com/pune/taiyang-baner,3,Low-volume neighborhood venues
https://www.zomato.com/pune/infinity-cafe-hinjawadi,3,Low-volume neighborhood venues
https://www.zomato.com/pune/hotel-dhanashree-akurdi,3,Low-volume neighborhood venues
https://www.zomato.com/pune/snehal-bhojnalay-1-pune-solapur-road,3,Low-volume neighborhood venues
https://www.zomato.com/pune/dishas-dhaba-2-mulshi,3,Low-volume neighborhood venues
https://www.zomato.com/pune/cafe-96k-narhe,3,Low-volume neighborhood venues
https://www.zomato.com/pune/hungry-khopcha-viman-nagar,0,Premium dining
https://www.zomato.com/pune/pizzitos-1-erandwane,3,Low-volume neighborhood venues
https://www.zomato.com/pune/shokeen-rolls-1-wagholi,1,Polarizing experiences
https://www.zomato.com/pune/food-truck-rasa-hinjawadi,3,Low-volume neighborhood venues
https://www.zomato.com/pune/hotel-maitri-bhosari,3,Low-volume neighborhood venues
https://www.zomato.com/pune/tco-the-cutlet-outlet-magarpatta,1,Polarizing experiences
https://www.zomato.com/pune/spice-mantra-bavdhan,0,Premium dining
https://www.zomato.com/pune/k-k-family-restaurant-bhosari,3,Low-volume neighborhood venues
https://www.zomato.com/pune/on-99-viman-nagar,1,Polarizing experiences
https://www.zomato.com/pune/punjabi-dhaba-wagholi,1,Polarizing experiences
https://www.zomato.com/pune/mad-about-chinese-kothrud,1,Polarizing experiences
https://www.zomato.com/pune/badshahi-bhojanalay-sinhgad-road,3,Low-volume neighborhood venues
https://www.zomato.com/pune/cravers-1-pimple-saudagar,3,Low-volume neighborhood venues
https://www.zomato.com/pune/sonu-shakewala-kalyani-nagar,3,Low-volume neighborhood venues
https://www.zomato.com/pune/pari-dum-biryani-warje,3,Low-volume neighborhood venues
https://www.zomato.com/pune/sharvi-the-little-chef-kharadi,3,Low-volume neighborhood venues
https://www.zomato.com/pune/chefs-flair-sadashiv-peth,3,Low-volume neighborhood venues
https://www.zomato.com/pune/pride-of-kolhapur-satara-road,3,Low-volume neighborhood venues
https://www.zomato.com/pune/south-delight-chinchwad,3,Low-volume neighborhood venues
https://www.zomato.com/pune/alpahaar-snacks-centre-pimpri,3,Low-volume neighborhood venues
https://www.zomato.com/pune/golden-pavbhaji-pimple-saudagar,1,Polarizing experiences
https://www.zomato.com/pune/meals-mania-1-chinchwad,1,Polarizing experiences
https://www.zomato.com/pune/shreeraj-tasty-wakad,3,Low-volume neighborhood venues
https://www.zomato.com/pune/mystic-grill-mundhwa,3,Low-volume neighborhood venues
https://www.zomato.com/pune/j-js-kitchen-halal-wakad,3,Low-volume neighborhood venues
https://www.zomato.com/pune/pfc-pocket-friendly-cafe-wadgaon-sheri,3,Low-volume neighborhood venues
https://www.zomato.com/pune/jalebi-junction-1-mulshi,3,Low-volume neighborhood venues
https://www.zomato.com/pune/vista-cafe-hadapsar,3,Low-volume neighborhood venues
https://www.zomato.com/pune/food-express-kothrud,3,Low-volume neighborhood venues
https://www.zomato.com/pune/ice-burst-ice-cream-wakad,3,Low-volume neighborhood venues
https://www.zomato.com/pune/raj-saoji-restaurant-wakad,0,Premium dining
https://www.zomato.com/pune/golden-dragon-chinese-and-tandoor-chinchwad,3,Low-volume neighborhood venues
https://www.zomato.com/pune/special-spicy-crunchies-kharadi,3,Low-volume neighborhood venues
https://www.zomato.com/pune/the-fatayer-factory-1-bavdhan,3,Low-volume neighborhood venues
https://www.zomato.com/pune/sanskruti-family-restaurant-pimple-saudagar,3,Low-volume neighborhood venues
https://www.zomato.com/pune/savali-hotel-3-wagholi,3,Low-volume neighborhood venues
https://www.zomato.com/pune/smoked-paprika-1-kharadi,3,Low-volume neighborhood venues
https://www.zomato.com/pune/yolof-foods-kharadi,0,Premium dining
https://www.zomato.com/pune/richwood-multti-cuisine-restaurant-pimple-nilakh,2,High-volume crowd favorites
https://www.zomato.com/pune/the-coffee-cafe-1-kharadi,0,Premium dining
https://www.zomato.com/pune/the-cake-cream-factory-3-wakad,3,Low-volume neighborhood venues
https://www.zomato.com/pune/chaitanya-hotel-dhankawadi,1,Polarizing experiences
https://www.zomato.com/pune/nawabish-kothrud,1,Polarizing experiences
https://www.zomato.com/pune/kkb-xprs-1-chinchwad,3,Low-volume neighborhood venues
https://www.zomato.com/pune/hotel-ramnath-misal-khadakwasla,3,Low-volume neighborhood venues
https://www.zomato.com/pune/puran-poli-1-budhwar-peth,1,Polarizing experiences
https://www.zomato.com/pune/the-lunch-box-lohegaon,1,Polarizing experiences
https://www.zomato.com/pune/ankur-biryanis-1-narhe,3,Low-volume neighborhood venues
https://www.zomato.com/pune/aamhi-kokani-sadashiv-peth,0,Premium dining
https://www.zomato.com/pune/diwan-i-khas-caters-chandan-nagar,3,Low-volume neighborhood venues
https://www.zomato.com/pune/biryani-nawab-hadapsar,3,Low-volume neighborhood venues
https://www.zomato.com/pune/24-7-kitchen-wakad,0,Premium dining
https://www.zomato.com/pune/sant-krupa-tea-and-snacks-centre-pimpri,3,Low-volume neighborhood venues
https://www.zomato.com/pune/ziyas-bbq-grills-hadapsar,3,Low-volume neighborhood venues
https://www.zomato.com/pune/nisarg-gardan-and-family-restaurant-karve-nagar,3,Low-volume neighborhood venues
https://www.zomato.com/pune/ocean-the-taste-of-konkan-sinhgad-road,1,Polarizing experiences
https://www.zomato.com/pune/wok-and-grill-nibm-road,1,Polarizing experiences
https://www.zomato.com/pune/mm-caterers-pashan,3,Low-volume neighborhood venues
https://www.zomato.com/pune/hot-pot-dhanori,0,Premium dining
https://www.zomato.com/pune/kadak-zhatka-baner,3,Low-volume neighborhood venues
https://www.zomato.com/pune/chicken-xperience-by-venkys-1-hinjawadi,3,Low-volume neighborhood venues
https://www.zomato.com/pune/jds-chinese-katraj,3,Low-volume neighborhood venues
https://www.zomato.com/pune/karans-kitchen-yerawada,3,Low-volume neighborhood venues
https://www.zomato.com/pune/mad-over-momos-viman-nagar,1,Polarizing experiences
https://www.zomato.com/pune/on-the-go-hinjawadi,0,Premium dining
https://www.zomato.com/pune/kinara-family-restaurant-wakad,3,Low-volume neighborhood venues
https://www.zomato.com/pune/royal-katta-roll-house-katraj,3,Low-volume neighborhood venues
https://www.zomato.com/pune/snackers-katta-2-chakan,3,Low-volume neighborhood venues
https://www.zomato.com/pune/parshwa-chinchwad,1,Polarizing experiences
https://www.zomato.com/pune/dhadoom-baner,1,Polarizing experiences
https://www.zomato.com/pune/hotel-patilwada-pimple-gurav,1,Polarizing experiences
https://www.zomato.com/pune/cafe-bhaijaan-kondhwa,3,Low-volume neighborhood venues
https://www.zomato.com/pune/hotel-live-wakad,3,Low-volume neighborhood venues
https://www.zomato.com/pune/rice-bowl-factory-wakad,1,Polarizing experiences
https://www.zomato.com/pune/indian-spices-ravet,3,Low-volume neighborhood venues
https://www.zomato.com/pune/hotel-aaisaheb-sinhgad-road,3,Low-volume neighborhood venues
https://www.zomato.com/pune/the-cilantro-healthy-kitchen-3-hadapsar,3,Low-volume neighborhood venues
https://www.zomato.com/pune/hyderabad-biryani-and-curry-point-baner,3,Low-volume neighborhood venues
https://www.zomato.com/pune/red-chilles-mundhwa,3,Low-volume neighborhood venues
https://www.zomato.com/pune/overloaded-pimple-saudagar,3,Low-volume neighborhood venues
https://www.zomato.com/pune/swagat-chinese-house-narhe,3,Low-volume neighborhood venues
https://www.zomato.com/pune/rc-kitchen-hadapsar,3,Low-volume neighborhood venues
https://www.zomato.com/pune/jagadamba-veg-non-veg-dhankawadi,1,Polarizing experiences
https://www.zomato.com/pune/hotel-al-quresh-camp-area,3,Low-volume neighborhood venues
https://www.zomato.com/pune/jayashree-havmor-ice-cream-parlor-wagholi,3,Low-volume neighborhood venues
https://www.zomato.com/pune/hotel-shetkari-hadapsar,1,Polarizing experiences
https://www.zomato.com/pune/shivam-pav-bhaji-and-snack-centre-wakad,3,Low-volume neighborhood venues
https://www.zomato.com/pune/the-royal-dum-biryani-hadapsar,3,Low-volume neighborhood venues
https://www.zomato.com/pune/tasty-oh-tasty-wagholi,3,Low-volume neighborhood venues
https://www.zomato.com/pune/sandwich-24-kothrud,3,Low-volume neighborhood venues
https://www.zomato.com/pune/surekha-restaurant-1-wakad,3,Low-volume neighborhood venues
https://www.zomato.com/pune/shree-ji-restaurant-hinjawadi,3,Low-volume neighborhood venues
https://www.zomato.com/pune/siddys-corner-satara-road,3,Low-volume neighborhood venues
https://www.zomato.com/pune/food-mafiya-katraj,3,Low-volume neighborhood venues
https://www.zomato.com/pune/shivmalhar-bhurji-centre-erandwane,3,Low-volume neighborhood venues
https://www.zomato.com/pune/bengali-sweets-carnival-pimple-gurav,3,Low-volume neighborhood venues
https://www.zomato.com/pune/nisarg-biryani-and-catering-wagholi,1,Polarizing experiences
https://www.zomato.com/pune/ys-kitchen-1-hadapsar,1,Polarizing experiences
https://www.zomato.com/pune/dakshinayam-magarpatta,3,Low-volume neighborhood venues
https://www.zomato.com/pune/hashtag-high-kharadi,3,Low-volume neighborhood venues
https://www.zomato.com/pune/sidheshwar-foods-2-hadapsar,1,Polarizing experiences
https://www.zomato.com/pune/hungry-folks-ravet,3,Low-volume neighborhood venues
https://www.zomato.com/pune/red-panda-chinese-shivaji-nagar,3,Low-volume neighborhood venues
https://www.zomato.com/pune/mini-dabba-1-hadapsar,3,Low-volume neighborhood venues
https://www.zomato.com/pune/the-chinese-hub-hinjawadi,3,Low-volume neighborhood venues
https://www.zomato.com/pune/china-town-kondhwa,1,Polarizing experiences
https://www.zomato.com/pune/chitale-bandhu-mithaiwale-dhankawadi,3,Low-volume neighborhood venues
https://www.zomato.com/pune/machli-pimpri,3,Low-volume neighborhood venues
https://www.zomato.com/pune/fit-af-bibvewadi,3,Low-volume neighborhood venues
https://www.zomato.com/pune/tamasha-bavdhan,3,Low-volume neighborhood venues
https://www.zomato.com/pune/yo-mo-yours-only-momo-outlet-hinjawadi,3,Low-volume neighborhood venues
https://www.zomato.com/pune/kapila-chinese-and-fast-food-chinchwad,3,Low-volume neighborhood venues
https://www.zomato.com/pune/nks-biryani-house-kothrud,0,Premium dining
https://www.zomato.com/pune/china-town-wadgaon-sheri,1,Polarizing experiences
https://www.zomato.com/pune/friendly-fire-viman-nagar,3,Low-volume neighborhood venues
https://www.zomato.com/pune/eternal-cafe-aundh,3,Low-volume neighborhood venues
https://www.zomato.com/pune/chav-khandeshi-wadgaon-sheri,3,Low-volume neighborhood venues
https://www.zomato.com/pune/the-cakes-basket-chinchwad,3,Low-volume neighborhood venues
https://www.zomato.com/pune/kerala-spice-pimple-gurav,1,Polarizing experiences
https://www.zomato.com/pune/the-smookah-lounge-hinjawadi,2,High-volume crowd favorites
https://www.zomato.com/pune/anand-banjo-cafe-sadashiv-peth,3,Low-volume neighborhood venues
https://www.zomato.com/pune/s-kumar-wadewale-wagholi,3,Low-volume neighborhood venues
https://www.zomato.com/pune/mukta-uphar-gruh-wagholi,1,Polarizing experiences
https://www.zomato.com/pune/sangam-veg-non-veg-katraj,0,Premium dining
https://www.zomato.com/pune/a1-chinese-restaurant-sinhgad-road,3,Low-volume neighborhood venues
https://www.zomato.com/pune/uncle-mambo-viman-nagar,3,Low-volume neighborhood venues
https://www.zomato.com/pune/just-sizzlers-lonavala,0,Premium dining
https://www.zomato.com/pune/the-cheesy-bond-cafe-pimple-gurav,1,Polarizing experiences
https://www.zomato.com/pune/go-biryan-kothrud,0,Premium dining
https://www.zomato.com/pune/kothrud-vadapav-kothrud,1,Polarizing experiences
https://www.zomato.com/pune/bake-it-bundt-swargate,3,Low-volume neighborhood venues
https://www.zomato.com/pune/mubarak-caterers-wadgaon-sheri,1,Polarizing experiences
https://www.zomato.com/pune/creamy-scoops-akurdi,3,Low-volume neighborhood venues
https://www.zomato.com/pune/the-season-cafe-2-hinjawadi,0,Premium dining
https://www.zomato.com/pune/zucchini-bell-wakad,3,Low-volume neighborhood venues
https://www.zomato.com/pune/cafe-eatopia-pimple-gurav,3,Low-volume neighborhood venues
https://www.zomato.com/pune/chinese-gourmet-cafe-wadgaon-sheri,3,Low-volume neighborhood venues
https://www.zomato.com/pune/akashu-pizzeria-kothrud,3,Low-volume neighborhood venues
https://www.zomato.com/pune/awesome-oryza-pimple-saudagar,3,Low-volume neighborhood venues
https://www.zomato.com/pune/the-empire-restaurant-chinchwad,1,Polarizing experiences
https://www.zomato.com/pune/sashas-sus,0,Premium dining
https://www.zomato.com/pune/mothers-tawa-katraj,3,Low-volume neighborhood venues
https://www.zomato.com/pune/juzzz-baat-cafe-hinjawadi,3,Low-volume neighborhood venues
https://www.zomato.com/pune/yes-momos-chandan-nagar,3,Low-volume neighborhood venues
https://www.zomato.com/pune/hyderabadi-darbar-chandan-nagar,3,Low-volume neighborhood venues
https://www.zomato.com/pune/bhairavnath-misal-house-kharadi,1,Polarizing experiences
https://www.zomato.com/pune/badshah-biryani-pimple-saudagar,1,Polarizing experiences
https://www.zomato.com/pune/biryani-house-veg-non-veg-balewadi,3,Low-volume neighborhood venues
https://www.zomato.com/pune/amit-foods-kothrud,3,Low-volume neighborhood venues
https://www.zomato.com/pune/reddys-biryani-n-grill-1-wadgaon-sheri,3,Low-volume neighborhood venues
https://www.zomato.com/pune/ajinkya-pure-veg-chakan,3,Low-volume neighborhood venues
https://www.zomato.com/pune/paratha-corner-1-dhanori,3,Low-volume neighborhood venues
https://www.zomato.com/pune/chinese-food-and-many-more-nigdi,0,Premium dining
https://www.zomato.com/pune/aasyas-homemade-food-kothrud,3,Low-volume neighborhood venues
https://www.zomato.com/pune/vivo-tree-old-mumbai-pune-highway,1,Polarizing experiences
https://www.zomato.com/pune/shalimar-chinese-fast-food-kondhwa,3,Low-volume neighborhood venues
https://www.zomato.com/pune/roll-makers-ravet,3,Low-volume neighborhood venues
https://www.zomato.com/pune/mankar-dosa-center-chinchwad,3,Low-volume neighborhood venues
https://www.zomato.com/pune/aaloo-feast-sadashiv-peth,3,Low-volume neighborhood venues
https://www.zomato.com/pune/food-favourite-xpress-1-pimple-saudagar,3,Low-volume neighborhood venues
https://www.zomato.com/pune/al-suda-pure-veg-kharadi,3,Low-volume neighborhood venues
https://www.zomato.com/pune/pizza-express-kothrud,3,Low-volume neighborhood venues
https://www.zomato.com/pune/badnaam-baawarchi-viman-nagar,3,Low-volume neighborhood venues
https://www.zomato.com/pune/steffi-hinjawadi,3,Low-volume neighborhood venues
https://www.zomato.com/pune/dhaba-cafe-katraj,3,Low-volume neighborhood venues
https://www.zomato.com/pune/swaad-desi-pimpri,1,Polarizing experiences
https://www.zomato.com/pune/ns-biryani-bibvewadi,3,Low-volume neighborhood venues
https://www.zomato.com/pune/urban-lokal-cafe-1-katraj,3,Low-volume neighborhood venues
https://www.zomato.com/pune/the-firefly-resto-cafe-katraj,3,Low-volume neighborhood venues
https://www.zomato.com/pune/siddhi-desi-kitchen-wanowrie,3,Low-volume neighborhood venues
https://www.zomato.com/pune/famous-kulfi-rabdi-wakad,3,Low-volume neighborhood venues
https://www.zomato.com/pune/babas-vadapav-hadapsar,1,Polarizing experiences
https://www.zomato.com/pune/pokket-cafe-4-pimple-gurav,3,Low-volume neighborhood venues
https://www.zomato.com/pune/oaramehas-hinjawadi,3,Low-volume neighborhood venues
https://www.zomato.com/pune/cafe-bhp-dhankawadi,3,Low-volume neighborhood venues
https://www.zomato.com/pune/darvesh-biryani-house-kothrud,3,Low-volume neighborhood venues
https://www.zomato.com/pune/hotel-jai-malhar-hinjawadi,3,Low-volume neighborhood venues
https://www.zomato.com/pune/midnight-cafe-1-hinjawadi,3,Low-volume neighborhood venues
https://www.zomato.com/pune/cafe-bun-maska-kondhwa,1,Polarizing experiences
https://www.zomato.com/pune/pizza-boys-kondhwa,3,Low-volume neighborhood venues
https://www.zomato.com/pune/urbano-pizzas-akurdi,3,Low-volume neighborhood venues
https://www.zomato.com/pune/jps-pure-veg-kondhwa,3,Low-volume neighborhood venues
https://www.zomato.com/pune/om-gurudev-bhel-puri-vada-pav-center-pimple-saudagar,3,Low-volume neighborhood venues
https://www.zomato.com/pune/magic-oven-kondhwa,3,Low-volume neighborhood venues
https://www.zomato.com/pune/the-food-metro-kothrud,3,Low-volume neighborhood venues
https://www.zomato.com/pune/bhaijaans-kondhwa,3,Low-volume neighborhood venues
https://www.zomato.com/pune/dhanus-kitchen-sinhgad-road,3,Low-volume neighborhood venues
https://www.zomato.com/pune/foodpath-wakad,3,Low-volume neighborhood venues
https://www.zomato.com/pune/cafe-hunger-story-katraj,3,Low-volume neighborhood venues
https://www.zomato.com/pune/kasba-bistro-viman-nagar,3,Low-volume neighborhood venues
https://www.zomato.com/pune/hydrabadi-biryani-villa-wadgaon-sheri,3,Low-volume neighborhood venues
https://www.zomato.com/pune/new-rolls-house-and-tandoori-kabab-centre-hinjawadi,1,Polarizing experiences
https://www.zomato.com/pune/hotel-kolhapuri-chinese-snacks-center-chinchwad,3,Low-volume neighborhood venues
https://www.zomato.com/pune/kulkarni-bhojanalaya-karve-nagar,0,Premium dining
https://www.zomato.com/pune/crown-bakers-viman-nagar,3,Low-volume neighborhood venues
https://www.zomato.com/pune/foodies-cafe-bhosari,3,Low-volume neighborhood venues
https://www.zomato.com/pune/hello-kolkata-1-hinjawadi,3,Low-volume neighborhood venues
https://www.zomato.com/pune/kekiz-the-cake-shop-balewadi,3,Low-volume neighborhood venues
https://www.zomato.com/pune/savjis-non-veg-dhankawadi,3,Low-volume neighborhood venues
https://www.zomato.com/pune/thaat-marhathmola-akurdi,0,Premium dining
https://www.zomato.com/pune/the-cakers-delight-narhe,3,Low-volume neighborhood venues
https://www.zomato.com/pune/darbar-e-falafel-wakad,3,Low-volume neighborhood venues
https://www.zomato.com/pune/amazer-kothrud,3,Low-volume neighborhood venues
https://www.zomato.com/pune/hotel-torna-wakad,1,Polarizing experiences
https://www.zomato.com/pune/hotel-aagatya-katraj,0,Premium dining
https://www.zomato.com/pune/cafe-bantaai-wakad,3,Low-volume neighborhood venues
https://www.zomato.com/pune/indian-curry-pimpri,1,Polarizing experiences
https://www.zomato.com/pune/overload-lohegaon,3,Low-volume neighborhood venues
https://www.zomato.com/pune/hot-pizza-rasta-peth,3,Low-volume neighborhood venues
https://www.zomato.com/pune/shri-krishna-pure-veg-wadgaon-sheri,0,Premium dining
https://www.zomato.com/pune/99-kitchen-kharadi,3,Low-volume neighborhood venues
https://www.zomato.com/pune/aika-delicacies-diabetic-indulgence-koregaon-park,0,Premium dining
https://www.zomato.com/pune/hungers-bite-lohegaon,1,Polarizing experiences
https://www.zomato.com/pune/hotel-pushpa-veg-non-veg-akurdi,1,Polarizing experiences
https://www.zomato.com/pune/shree-sanjeevani-bhosari,3,Low-volume neighborhood venues
https://www.zomato.com/pune/iqbal-caterers-and-dum-biryani-wadgaon-sheri,3,Low-volume neighborhood venues
https://www.zomato.com/pune/jhagirdas-biryani-and-dalcha-wadgaon-sheri,3,Low-volume neighborhood venues
https://www.zomato.com/pune/panjabi-kitchen-ravet,3,Low-volume neighborhood venues
https://www.zomato.com/pune/hey-tasty-hadapsar,3,Low-volume neighborhood venues
https://www.zomato.com/pune/flavours@99-kondhwa,1,Polarizing experiences
https://www.zomato.com/pune/shahi-pakwan-viman-nagar,3,Low-volume neighborhood venues
https://www.zomato.com/pune/cafe-destination-nigdi,3,Low-volume neighborhood venues
https://www.zomato.com/pune/hotel-raosaheb-veg-and-nonveg-kondhwa,1,Polarizing experiences
https://www.zomato.com/pune/the-gusto-bar-chandan-nagar,3,Low-volume neighborhood venues
https://www.zomato.com/pune/hotel-savali-family-garden-hotel-talegaon,1,Polarizing experiences
https://www.zomato.com/pune/the-blue-whisk-kalyani-nagar,0,Premium dining
https://www.zomato.com/pune/captain-coffee-hadapsar,3,Low-volume neighborhood venues
https://www.zomato.com/pune/post-11-wadgaon-sheri,3,Low-volume neighborhood venues
https://www.zomato.com/pune/the-cue-cafe-kothrud,0,Premium dining
https://www.zomato.com/pune/sufra-restaurant-cafe-kondhwa,0,Premium dining
https://www.zomato.com/pune/samadhan-khanawal-nigdi,1,Polarizing experiences
https://www.zomato.com/pune/sahil-family-resto-bar-1-pimpri,3,Low-volume neighborhood venues
https://www.zomato.com/pune/knight-hunger-erandwane,0,Premium dining
https://www.zomato.com/pune/mahadev-dining-hall-wakad,3,Low-volume neighborhood venues
https://www.zomato.com/pune/cake-celebration-kondhwa,1,Polarizing experiences
https://www.zomato.com/pune/suraj-sweets-wanowrie,3,Low-volume neighborhood venues
https://www.zomato.com/pune/hunky-grillers-katraj,0,Premium dining
https://www.zomato.com/pune/abhisheks-kitchen-narhe,1,Polarizing experiences
https://www.zomato.com/pune/radha-nigdi,1,Polarizing experiences
https://www.zomato.com/pune/india-cakes-salunkhe-vihar-road,0,Premium dining
https://www.zomato.com/pune/desi-tadka-lohegaon,3,Low-volume neighborhood venues
https://www.zomato.com/pune/shantadurga-veg-nonveg-parvati,0,Premium dining
https://www.zomato.com/pune/ram-krishna-pure-veg-bhosari,3,Low-volume neighborhood venues
https://www.zomato.com/pune/curry-fry-katraj,3,Low-volume neighborhood venues
https://www.zomato.com/pune/mummys-kitchen-khadki,3,Low-volume neighborhood venues
https://www.zomato.com/pune/ms-point-sus,1,Polarizing experiences
https://www.zomato.com/pune/hyderabad-biryani-house-2-magarpatta,3,Low-volume neighborhood venues
https://www.zomato.com/pune/cafe-x-akurdi,1,Polarizing experiences
https://www.zomato.com/pune/creamy-world-viman-nagar,3,Low-volume neighborhood venues
https://www.zomato.com/pune/lets-roll-wagholi,1,Polarizing experiences
https://www.zomato.com/pune/the-food-station-wadgaon-sheri,0,Premium dining
https://www.zomato.com/pune/pangat-veg-nonveg-1-balewadi,3,Low-volume neighborhood venues
https://www.zomato.com/pune/great-punjab-family-restauant-chinchwad,3,Low-volume neighborhood venues
https://www.zomato.com/pune/hotel-hungry-birds-1-hinjawadi,1,Polarizing experiences
https://www.zomato.com/pune/tandoor-chai-cafe-viman-nagar,3,Low-volume neighborhood venues
https://www.zomato.com/pune/premji-mithaiwale-wakad,1,Polarizing experiences
https://www.zomato.com/pune/china-love-hadapsar,3,Low-volume neighborhood venues
https://www.zomato.com/pune/meal-24-kharadi,0,Premium dining
https://www.zomato.com/pune/kabirs-veg-shawarma-camp-area,1,Polarizing experiences
https://www.zomato.com/pune/cafe-and-rolls-kondhwa,1,Polarizing experiences
https://www.zomato.com/pune/hyderabadi-biryani-sadashiv-peth,1,Polarizing experiences
https://www.zomato.com/pune/samruddhi-fast-food-hadapsar,1,Polarizing experiences
https://www.zomato.com/pune/kulfi-house-pimple-saudagar,1,Polarizing experiences
https://www.zomato.com/pune/alfies-rolls-viman-nagar,0,Premium dining
https://www.zomato.com/pune/shivneri-missal-wagholi,3,Low-volume neighborhood venues
https://www.zomato.com/pune/lajij-biryani-in-a-pot-yerawada,0,Premium dining
https://www.zomato.com/pune/ti-raga-hinjawadi,1,Polarizing experiences
https://www.zomato.com/pune/sam-cake-shop-vishrantwadi,1,Polarizing experiences
https://www.zomato.com/pune/do-donutz-baner,3,Low-volume neighborhood venues
https://www.zomato.com/pune/maitri-snacks-and-dosa-centre-wagholi,1,Polarizing experiences
https://www.zomato.com/pune/milan-pure-veg-camp-area,1,Polarizing experiences
https://www.zomato.com/pune/the-royale-cafe-erandwane,1,Polarizing experiences
https://www.zomato.com/pune/indian-masala-house-hadapsar,1,Polarizing experiences
https://www.zomato.com/pune/southwest-cafe-kharadi,3,Low-volume neighborhood venues
https://www.zomato.com/pune/the-paratha-house-lohegaon,3,Low-volume neighborhood venues
https://www.zomato.com/pune/cravingz-magarpatta,3,Low-volume neighborhood venues
https://www.zomato.com/pune/hungry-birds-aundh,3,Low-volume neighborhood venues
https://www.zomato.com/pune/hotel-durva-wagholi,3,Low-volume neighborhood venues
https://www.zomato.com/pune/hiras-rooftop-family-restaurant-1-camp-area,3,Low-volume neighborhood venues
https://www.zomato.com/pune/carnivore-clan-hinjawadi,3,Low-volume neighborhood venues
https://www.zomato.com/pune/sahyadri-misal-1-kothrud,3,Low-volume neighborhood venues
https://www.zomato.com/pune/nishan-pure-veg-kothrud,1,Polarizing experiences
https://www.zomato.com/pune/the-blue-leaf-balewadi,1,Polarizing experiences
https://www.zomato.com/pune/om-paratha-house-and-snacks-kothrud,3,Low-volume neighborhood venues
https://www.zomato.com/pune/the-memes-cafe-1-sinhgad-road,3,Low-volume neighborhood venues
https://www.zomato.com/pune/mad-fries-baner,1,Polarizing experiences
https://www.zomato.com/pune/k-seven-sadashiv-peth,3,Low-volume neighborhood venues
https://www.zomato.com/pune/cafe-house-ice-cream-erandwane,3,Low-volume neighborhood venues
https://www.zomato.com/pune/foodgasmm-kothrud,0,Premium dining
https://www.zomato.com/pune/samosa-mania-pimple-saudagar,3,Low-volume neighborhood venues
https://www.zomato.com/pune/divine-dish-1-erandwane,0,Premium dining
https://www.zomato.com/pune/brew-bakes-balewadi,3,Low-volume neighborhood venues
https://www.zomato.com/pune/box-dabeli-erandwane,1,Polarizing experiences
https://www.zomato.com/pune/royale-resto-bibvewadi,3,Low-volume neighborhood venues
https://www.zomato.com/pune/republic-mundhwa,2,High-volume crowd favorites
https://www.zomato.com/pune/lsd-lebanese-shawarma-delicacy-wakad,0,Premium dining
https://www.zomato.com/pune/to-go-bavdhan,0,Premium dining
https://www.zomato.com/pune/new-hyderabadi-dum-biryani-house-baner,1,Polarizing experiences
https://www.zomato.com/pune/suruchi-pure-veg-swargate,3,Low-volume neighborhood venues
https://www.zomato.com/pune/shree-prasadam-talegaon,0,Premium dining
https://www.zomato.com/pune/fudhutz-baner,3,Low-volume neighborhood venues
https://www.zomato.com/pune/jagdamb-hotel-chinese-kharadi,1,Polarizing experiences
https://www.zomato.com/pune/sk-chinese-katraj,3,Low-volume neighborhood venues
https://www.zomato.com/pune/sagarg-hadapsar,1,Polarizing experiences
https://www.zomato.com/pune/aais-kitchen-1-chinchwad,1,Polarizing experiences
https://www.zomato.com/pune/hotel-jai-malhar-surabhi-hadapsar,1,Polarizing experiences
https://www.zomato.com/pune/hotel-vikram-wagholi,3,Low-volume neighborhood venues
https://www.zomato.com/pune/swatis-kitchen-nibm-road,3,Low-volume neighborhood venues
https://www.zomato.com/pune/balaji-dosa-dhole-patil-road,3,Low-volume neighborhood venues
https://www.zomato.com/pune/misal-ani-barach-kahi-sinhgad-road,1,Polarizing experiences
https://www.zomato.com/pune/snacky-snacks-1-kharadi,1,Polarizing experiences
https://www.zomato.com/pune/dwarka-pure-veg-family-restaurant-bibvewadi,3,Low-volume neighborhood venues
https://www.zomato.com/pune/aadhya-amruttulya-budhwar-peth,3,Low-volume neighborhood venues
https://www.zomato.com/pune/fish-boat-wadgaon-sheri,1,Polarizing experiences
https://www.zomato.com/pune/burger-love-wakad,1,Polarizing experiences
https://www.zomato.com/pune/mauli-pure-veg-restaurant-nibm-road,1,Polarizing experiences
https://www.zomato.com/pune/china-town-pure-veg-chinese-corner-hadapsar,3,Low-volume neighborhood venues
https://www.zomato.com/pune/green-chilly-restaurant-kharadi,1,Polarizing experiences
https://www.zomato.com/pune/farmaaish-veg-non-veg-viman-nagar,1,Polarizing experiences
https://www.zomato.com/pune/shawarmania-hinjawadi,3,Low-volume neighborhood venues
https://www.zomato.com/pune/ramas-kitchen-hadapsar,3,Low-volume neighborhood venues
https://www.zomato.com/pune/south-connection-sinhgad-road,3,Low-volume neighborhood venues
https://www.zomato.com/pune/pet-pooja-wakad,1,Polarizing experiences
https://www.zomato.com/pune/foodgasm-nigdi,1,Polarizing experiences
https://www.zomato.com/pune/kanchan-family-restaurants-kondhwa,3,Low-volume neighborhood venues
https://www.zomato.com/pune/wafl-café-1-viman-nagar,0,Premium dining
https://www.zomato.com/pune/burger-burpp-wakad,0,Premium dining
https://www.zomato.com/pune/bhaupremi-snacks-corner-chinchwad,3,Low-volume neighborhood venues
https://www.zomato.com/pune/masala-mantra-resto-and-bar-kharadi,2,High-volume crowd favorites
https://www.zomato.com/pune/food-network-hinjawadi,3,Low-volume neighborhood venues
https://www.zomato.com/pune/the-coffee-point-wagholi,3,Low-volume neighborhood venues
https://www.zomato.com/pune/fricken-fryday-wanowrie,3,Low-volume neighborhood venues
https://www.zomato.com/pune/supreme-snacks-satara-road,3,Low-volume neighborhood venues
https://www.zomato.com/pune/shree-annapurna-hinjawadi,0,Premium dining
https://www.zomato.com/pune/the-grand-cafe-chinchwad,1,Polarizing experiences
https://www.zomato.com/pune/gurukrupa-misal-house-sadashiv-peth,3,Low-volume neighborhood venues
https://www.zomato.com/pune/savali-hotel-2-wagholi,1,Polarizing experiences
https://www.zomato.com/pune/good-morning-sandwich-pashan,3,Low-volume neighborhood venues
https://www.zomato.com/pune/shivsagar-1-hadapsar,3,Low-volume neighborhood venues
https://www.zomato.com/pune/bismillah-biryani-caterers-chandan-nagar,1,Polarizing experiences
https://www.zomato.com/pune/pune-night-life-bistro-and-lounge-mundhwa,0,Premium dining
https://www.zomato.com/pune/hotel-atithi-purepur-kolhapur-nigdi,3,Low-volume neighborhood venues
https://www.zomato.com/pune/casa-della-pizza-4-hinjawadi,3,Low-volume neighborhood venues
https://www.zomato.com/pune/cheesy-affairs-katraj,1,Polarizing experiences
https://www.zomato.com/pune/shreenath-sandwich-koregaon-park,0,Premium dining
https://www.zomato.com/pune/cozy-garden-viman-nagar,3,Low-volume neighborhood venues
https://www.zomato.com/pune/ruchira-snacks-poli-bhaji-center-narhe,3,Low-volume neighborhood venues
https://www.zomato.com/pune/banglar-swaad-lohegaon,1,Polarizing experiences
https://www.zomato.com/pune/chai-coffee-charcha-old-mumbai-pune-highway,0,Premium dining
https://www.zomato.com/pune/swagat-hotel-pimpri,1,Polarizing experiences
https://www.zomato.com/pune/sugren-restaurant-1-fatima-nagar,3,Low-volume neighborhood venues
https://www.zomato.com/pune/sir-misal-sinhgad-road,3,Low-volume neighborhood venues
https://www.zomato.com/pune/banarasi-chaat-1-sinhgad-road,1,Polarizing experiences
https://www.zomato.com/pune/@kolhapur-resto-sinhgad-road,1,Polarizing experiences
https://www.zomato.com/pune/kolhapuri-pahuner-bhosari,3,Low-volume neighborhood venues
https://www.zomato.com/pune/food-vibes-1-hadapsar,3,Low-volume neighborhood venues
https://www.zomato.com/pune/khari-khuri-kolhapuri-misal-kothrud,3,Low-volume neighborhood venues
https://www.zomato.com/pune/zaika-the-taste-of-india-1-hadapsar,1,Polarizing experiences
https://www.zomato.com/pune/anandi-hadapsar,1,Polarizing experiences
https://www.zomato.com/pune/il-piccolo-balewadi,0,Premium dining
https://www.zomato.com/pune/the-royals-multicuisine-restaurant-dhanori,0,Premium dining
https://www.zomato.com/pune/the-megabyte-cafe-kondhwa,1,Polarizing experiences
https://www.zomato.com/pune/paajis-paratha-house-hadapsar,1,Polarizing experiences
https://www.zomato.com/pune/hotel-ballaleshwar-chandan-nagar,3,Low-volume neighborhood venues
https://www.zomato.com/pune/kebab-king-baner,0,Premium dining
https://www.zomato.com/pune/chandani-restaurant-and-bar-kothrud,1,Polarizing experiences
https://www.zomato.com/pune/cafe-cute-cups-sinhgad-road,1,Polarizing experiences
https://www.zomato.com/pune/baan-thai-wanowrie,1,Polarizing experiences
https://www.zomato.com/pune/vampires-restaurant-lounge-kharadi,3,Low-volume neighborhood venues
https://www.zomato.com/pune/penacho-restaurant-bar-hadapsar,3,Low-volume neighborhood venues
https://www.zomato.com/pune/rk-pizza-and-coffee-house-bhosari,3,Low-volume neighborhood venues
https://www.zomato.com/pune/hare-krishna-bibvewadi,1,Polarizing experiences
https://www.zomato.com/pune/7th-street-baner,0,Premium dining
https://www.zomato.com/pune/sandwich-junction-sinhgad-road,0,Premium dining
https://www.zomato.com/pune/mazzalo-viman-nagar,0,Premium dining
https://www.zomato.com/pune/saranga-sea-food-kothrud,3,Low-volume neighborhood venues
https://www.zomato.com/pune/sardarjis-thali-express-pimple-saudagar,1,Polarizing experiences
https://www.zomato.com/pune/meat-up-koregaon-park,2,High-volume crowd favorites
https://www.zomato.com/pune/f3u-dhanori,3,Low-volume neighborhood venues
https://www.zomato.com/pune/best-of-south-bavdhan,1,Polarizing experiences
https://www.zomato.com/pune/chaska-chavicha-adda-kothrud,0,Premium dining
https://www.zomato.com/pune/yemeni-restaurant-1-kondhwa,1,Polarizing experiences
https://www.zomato.com/pune/oven-magic-erandwane,3,Low-volume neighborhood venues
https://www.zomato.com/pune/tasty-kathi-kabab-roll-nigdi,3,Low-volume neighborhood venues
https://www.zomato.com/pune/hungry-nights-24x7-1-hinjawadi,3,Low-volume neighborhood venues
https://www.zomato.com/pune/the-kitchen-2-pimple-gurav,3,Low-volume neighborhood venues
https://www.zomato.com/pune/krazy-cafe-kothrud,1,Polarizing experiences
https://www.zomato.com/pune/mh-14-balaji-pav-bhaji-corner-pimple-gurav,1,Polarizing experiences
https://www.zomato.com/pune/balaji-bhel-chat-center-1-balewadi,3,Low-volume neighborhood venues
https://www.zomato.com/pune/the-flavours-wakad,0,Premium dining
https://www.zomato.com/pune/soul-curries-nibm-road,1,Polarizing experiences
https://www.zomato.com/pune/f5-biryani-house-narhe,1,Polarizing experiences
https://www.zomato.com/pune/yash-raj-resto-bar-narhe,3,Low-volume neighborhood venues
https://www.zomato.com/pune/rajmandir-ice-cream-1-wakad,1,Polarizing experiences
https://www.zomato.com/pune/badmaash-baner,1,Polarizing experiences
https://www.zomato.com/pune/chillax-hadapsar,3,Low-volume neighborhood venues
https://www.zomato.com/pune/rehman-chinese-viman-nagar,1,Polarizing experiences
https://www.zomato.com/pune/hunger-house-nibm-road,3,Low-volume neighborhood venues
https://www.zomato.com/pune/hotel-tejas-pimpri,3,Low-volume neighborhood venues
https://www.zomato.com/pune/the-urban-cafe-1-dehu-road,3,Low-volume neighborhood venues
https://www.zomato.com/pune/hotel-annapurna-balewadi,1,Polarizing experiences
https://www.zomato.com/pune/firangi-masala-balewadi,1,Polarizing experiences
https://www.zomato.com/pune/the-food-culture-viman-nagar,1,Polarizing experiences
https://www.zomato.com/pune/northern-treats-kothrud,1,Polarizing experiences
https://www.zomato.com/pune/aachari-kothrud,0,Premium dining
https://www.zomato.com/pune/brewbakes-cafe-bistro-1-kothrud,0,Premium dining
https://www.zomato.com/pune/the-wood-house-viman-nagar,3,Low-volume neighborhood venues
https://www.zomato.com/pune/om-sai-family-restaurant-kothrud,3,Low-volume neighborhood venues
https://www.zomato.com/pune/cafè-strings-wakad,3,Low-volume neighborhood venues
https://www.zomato.com/pune/the-cafe-infinity-wagholi,1,Polarizing experiences
https://www.zomato.com/pune/24foodcombos-in-bavdhan,1,Polarizing experiences
https://www.zomato.com/pune/punjabi-foods-corner-hinjawadi,3,Low-volume neighborhood venues
https://www.zomato.com/pune/sanvi-veg-dhankawadi,0,Premium dining
https://www.zomato.com/pune/chai-kona-koregaon-park,3,Low-volume neighborhood venues
https://www.zomato.com/pune/food-factory-narhe,3,Low-volume neighborhood venues
https://www.zomato.com/pune/basuree-veg-non-veg-family-restuarent-sinhgad-road,1,Polarizing experiences
https://www.zomato.com/pune/moms-kitchen-wakad,1,Polarizing experiences
https://www.zomato.com/pune/the-lunch-box-bibvewadi,1,Polarizing experiences
https://www.zomato.com/pune/moonlight-family-restaurant-bar-bhosari,3,Low-volume neighborhood venues
https://www.zomato.com/pune/hotel-naaz-veg-non-veg-erandwane,1,Polarizing experiences
https://www.zomato.com/pune/mint-restaurant-kalyani-nagar,3,Low-volume neighborhood venues
https://www.zomato.com/pune/aditi-multi-cuisine-restaurant-pimple-saudagar,1,Polarizing experiences
https://www.zomato.com/pune/gofomo-pimple-saudagar,1,Polarizing experiences
https://www.zomato.com/pune/wakad-taste-factory-wakad,0,Premium dining
https://www.zomato.com/pune/la-cheezy-hadapsar,1,Polarizing experiences
https://www.zomato.com/pune/hotel-jayashree-akurdi,0,Premium dining
https://www.zomato.com/pune/hotel-trupti-1-shivaji-nagar,1,Polarizing experiences
https://www.zomato.com/pune/kalyani-pure-veg-sinhgad-road,1,Polarizing experiences
https://www.zomato.com/pune/live-cake-world-cake-shop-east-street,1,Polarizing experiences
https://www.zomato.com/pune/desi-kitchen-salunkhe-vihar-road,1,Polarizing experiences
https://www.zomato.com/pune/kue-club-cafe-kothrud,3,Low-volume neighborhood venues
https://www.zomato.com/pune/cinnamon-hinjawadi,0,Premium dining
https://www.zomato.com/pune/omkar-chinese-center-kharadi,3,Low-volume neighborhood venues
https://www.zomato.com/pune/chaska-maska-pure-veg-wadgaon-sheri,1,Polarizing experiences
https://www.zomato.com/pune/sujan-foods-sadashiv-peth,3,Low-volume neighborhood venues
https://www.zomato.com/pune/bombay-street-food-hub-balewadi,1,Polarizing experiences
https://www.zomato.com/pune/damroo-veg-kondhwa,1,Polarizing experiences
https://www.zomato.com/pune/sudit-sus-chinese-bavdhan,1,Polarizing experiences
https://www.zomato.com/pune/froozo-nigdi,0,Premium dining
https://www.zomato.com/pune/ashok-pure-veg-pimple-gurav,1,Polarizing experiences
https://www.zomato.com/pune/the-cake-carnival-katraj,1,Polarizing experiences
https://www.zomato.com/pune/sayaba-family-rest-o-bar-pune-solapur-road,1,Polarizing experiences
https://www.zomato.com/pune/reicottaco-onsite-wala-khana-chinchwad,1,Polarizing experiences
https://www.zomato.com/pune/oos-ka-joos-magarpatta,1,Polarizing experiences
https://www.zomato.com/pune/hotel-gavran-tadka-bavdhan,1,Polarizing experiences
https://www.zomato.com/pune/famous-of-patna-pimple-saudagar,3,Low-volume neighborhood venues
https://www.zomato.com/pune/hotel-shivmalhar-sus,3,Low-volume neighborhood venues
https://www.zomato.com/pune/kitchen-360-narhe,1,Polarizing experiences
https://www.zomato.com/pune/happy-singh-food-express-hinjawadi,1,Polarizing experiences
https://www.zomato.com/pune/no-strings-attached-baner,0,Premium dining
https://www.zomato.com/pune/area-78-balewadi,3,Low-volume neighborhood venues
https://www.zomato.com/pune/hotel-swad-katraj,3,Low-volume neighborhood venues
https://www.zomato.com/pune/blue-whale-chinchwad,3,Low-volume neighborhood venues
https://www.zomato.com/pune/hotel-sulai-satara-road,1,Polarizing experiences
https://www.zomato.com/pune/india-currys-hinjawadi,1,Polarizing experiences
https://www.zomato.com/pune/santushti-lonavala,0,Premium dining
https://www.zomato.com/pune/yammyyum-magarpatta,1,Polarizing experiences
https://www.zomato.com/pune/hotel-balaji-veg-non-veg-pimpri,1,Polarizing experiences
https://www.zomato.com/pune/ganesh-bhel-wakad,1,Polarizing experiences
https://www.zomato.com/pune/zaika-restaurant-sinhgad-road,1,Polarizing experiences
https://www.zomato.com/pune/dakshin-flavours-hadapsar,1,Polarizing experiences
https://www.zomato.com/pune/fiery-nation-hadapsar,1,Polarizing experiences
https://www.zomato.com/pune/mannas-fast-food-corner-dhanori,1,Polarizing experiences
https://www.zomato.com/pune/royal-foods-nibm-road,1,Polarizing experiences
https://www.zomato.com/pune/foodie-island-dhanori,1,Polarizing experiences
https://www.zomato.com/pune/the-hideout-coffee-house-wakad,3,Low-volume neighborhood venues
https://www.zomato.com/pune/hotel-shri-sainath-dhankawadi,3,Low-volume neighborhood venues
https://www.zomato.com/pune/shree-shree-restaurant-narhe,1,Polarizing experiences
https://www.zomato.com/pune/shahi-marathi-aundh,0,Premium dining
https://www.zomato.com/pune/saoji-varhadi-thaat-bavdhan,1,Polarizing experiences
https://www.zomato.com/pune/the-paratha-house-wadgaon-sheri,1,Polarizing experiences
https://www.zomato.com/pune/jayesh-a1-sandwiches-narhe,3,Low-volume neighborhood venues
https://www.zomato.com/pune/halka-fulka-cafe-kalyani-nagar,0,Premium dining
https://www.zomato.com/pune/16-icy-rolls-erandwane,0,Premium dining
https://www.zomato.com/pune/kolte-snacks-chat-wagholi,1,Polarizing experiences
https://www.zomato.com/pune/girme-wadewale-kharadi,3,Low-volume neighborhood venues
https://www.zomato.com/pune/hotel-thatmat-pune-solapur-road,3,Low-volume neighborhood venues
https://www.zomato.com/pune/hotel-neeta-shivaji-nagar,3,Low-volume neighborhood venues
https://www.zomato.com/pune/lol-cafe-1-nibm-road,1,Polarizing experiences
https://www.zomato.com/pune/sai-snacks-center-hinjawadi,3,Low-volume neighborhood venues
https://www.zomato.com/pune/i-pot-biryani-pimple-saudagar,0,Premium dining
https://www.zomato.com/pune/queen-bite-cafe-wakad,1,Polarizing experiences
https://www.zomato.com/pune/hotel-matoshree-pune-solapur-road,3,Low-volume neighborhood venues
https://www.zomato.com/pune/hotel-yashoda-baner,3,Low-volume neighborhood venues
https://www.zomato.com/pune/huma-bakery-nigdi,3,Low-volume neighborhood venues
https://www.zomato.com/pune/hotel-shanti-sinhgad-road,0,Premium dining
https://www.zomato.com/pune/cosset-cafe-lonavala,3,Low-volume neighborhood venues
https://www.zomato.com/pune/hotel-maratha-sinhgad-road,1,Polarizing experiences
https://www.zomato.com/pune/hotel-spice-hinjawadi,3,Low-volume neighborhood venues
https://www.zomato.com/pune/assal-marathmola-hotel-hadapsar,1,Polarizing experiences
https://www.zomato.com/pune/united-21-hotel-baner,0,Premium dining
https://www.zomato.com/pune/hotel-rathi-residency-royal-vintage-chinchwad,0,Premium dining
https://www.zomato.com/pune/coffee-n-me-viman-nagar,0,Premium dining
https://www.zomato.com/pune/mithai-junction-baner,3,Low-volume neighborhood venues
https://www.zomato.com/pune/ravish-court-katraj,3,Low-volume neighborhood venues
https://www.zomato.com/pune/bhavnagri-viman-nagar,3,Low-volume neighborhood venues
https://www.zomato.com/pune/sagar-inn-hadapsar,1,Polarizing experiences
https://www.zomato.com/pune/cafe-sky-fc-road,3,Low-volume neighborhood venues
https://www.zomato.com/pune/hotel-athavan-dange-chowk,1,Polarizing experiences
https://www.zomato.com/pune/blue-sahara-restaurant-chakan,1,Polarizing experiences
https://www.zomato.com/pune/cafe-katta-chandan-nagar,3,Low-volume neighborhood venues
https://www.zomato.com/pune/hotel-ruchita-chinchwad,3,Low-volume neighborhood venues
https://www.zomato.com/pune/gurunanak-sweets-vishrantwadi,3,Low-volume neighborhood venues
https://www.zomato.com/pune/cakilicious-kothrud,3,Low-volume neighborhood venues
https://www.zomato.com/pune/aaina-restaurant-1-camp-area,1,Polarizing experiences
https://www.zomato.com/pune/hotel-vishwaraj-dange-chowk,1,Polarizing experiences
https://www.zomato.com/pune/golden-cakes-cookies-hadapsar,1,Polarizing experiences
https://www.zomato.com/pune/mini-meals-nigdi,3,Low-volume neighborhood venues
https://www.zomato.com/pune/rohans-swadpurty-dhankawadi,0,Premium dining
https://www.zomato.com/pune/crosta-cakes-and-chocolates-kalyani-nagar,3,Low-volume neighborhood venues
https://www.zomato.com/pune/silver-spoon-lavale,1,Polarizing experiences
https://www.zomato.com/pune/quickbite-mulshi,0,Premium dining
https://www.zomato.com/pune/the-hub-hotel-ibis-viman-nagar,2,High-volume crowd favorites
https://www.zomato.com/pune/vishwakamal-satara-road,1,Polarizing experiences
https://www.zomato.com/pune/darjaa-misal-narhe,1,Polarizing experiences
https://www.zomato.com/pune/kabab-curry-chinchwad,1,Polarizing experiences
https://www.zomato.com/pune/bhagat-khubchand-vaishnu-hotel-1-pimpri,3,Low-volume neighborhood venues
https://www.zomato.com/pune/cream-capital-bibvewadi,0,Premium dining
https://www.zomato.com/pune/blue-berri-pune-solapur-road,1,Polarizing experiences
https://www.zomato.com/pune/hotel-mayur-akurdi,3,Low-volume neighborhood venues
https://www.zomato.com/pune/shidori-pimple-saudagar,3,Low-volume neighborhood venues
https://www.zomato.com/pune/ritz-chocolates-n-desserts-mundhwa,3,Low-volume neighborhood venues
https://www.zomato.com/pune/hotel-silver-9-chinchwad,1,Polarizing experiences
https://www.zomato.com/pune/shriman-garden-restaurant-pune-solapur-road,1,Polarizing experiences
https://www.zomato.com/pune/g1s-vishwa-baner,1,Polarizing experiences
https://www.zomato.com/pune/agrawal-sweets-1-pune-solapur-road,3,Low-volume neighborhood venues
https://www.zomato.com/pune/cakes-n-colors-nibm-road,3,Low-volume neighborhood venues
https://www.zomato.com/pune/brunos-brown-cafe-bbc-nibm-road,1,Polarizing experiences
https://www.zomato.com/pune/hotel-muttnaval-mulshi,3,Low-volume neighborhood venues
https://www.zomato.com/pune/hotel-chaitrali-sadashiv-peth,3,Low-volume neighborhood venues
https://www.zomato.com/pune/hotel-abhiruchi-wagholi,1,Polarizing experiences
https://www.zomato.com/pune/dakshin-mi-punekar-shaniwar-peth,3,Low-volume neighborhood venues
https://www.zomato.com/pune/nayab-pimpri,1,Polarizing experiences
https://www.zomato.com/pune/sonalis-the-cake-bake-shop-bibvewadi,1,Polarizing experiences
https://www.zomato.com/pune/mourya-dum-biryani-bibvewadi,1,Polarizing experiences
https://www.zomato.com/pune/mathura-veg-bhosari,0,Premium dining
https://www.zomato.com/pune/spice-multi-cuisine-restaurant-nibm-road,3,Low-volume neighborhood venues
https://www.zomato.com/pune/hotel-shiv-deep-vada-wale-karve-nagar,3,Low-volume neighborhood venues
https://www.zomato.com/pune/hotel-marymatha-bund-garden,3,Low-volume neighborhood venues
https://www.zomato.com/pune/ovation-vishrantwadi,1,Polarizing experiences
https://www.zomato.com/pune/sugar-treat-1-kharadi,3,Low-volume neighborhood venues
https://www.zomato.com/pune/archana-restaurant-bar-shukrawar-peth,3,Low-volume neighborhood venues
https://www.zomato.com/pune/marigold-pimple-saudagar,0,Premium dining
https://www.zomato.com/pune/mountain-bar-bistro-old-mumbai-pune-highway,2,High-volume crowd favorites
https://www.zomato.com/pune/shri-krishna-vadewale-parvati,3,Low-volume neighborhood venues
https://www.zomato.com/pune/cake-bites-bhosari,3,Low-volume neighborhood venues
https://www.zomato.com/pune/vakratunda-bhojnalay-akurdi,3,Low-volume neighborhood venues
https://www.zomato.com/pune/natural-fruit-juice-bar-pimple-saudagar,1,Polarizing experiences
https://www.zomato.com/pune/hotel-balaji-veg-kondhwa,3,Low-volume neighborhood venues
https://www.zomato.com/pune/grills-n-bakes-karve-nagar,1,Polarizing experiences
https://www.zomato.com/pune/le-roll-king-pashan,1,Polarizing experiences
https://www.zomato.com/pune/bistro-nutrifood-model-colony,0,Premium dining
https://www.zomato.com/pune/singh-saab-da-burger-wakad,1,Polarizing experiences
https://www.zomato.com/pune/cafe-richmonds-kharadi,1,Polarizing experiences
https://www.zomato.com/pune/hotel-vedant-mahi-biryani-house-bhosari,1,Polarizing experiences
https://www.zomato.com/pune/sharda-fast-food-centre-vishrantwadi,3,Low-volume neighborhood venues
https://www.zomato.com/pune/hotel-centre-point-lonavala,3,Low-volume neighborhood venues
https://www.zomato.com/pune/suleman-family-dhaba-khandala,1,Polarizing experiences
https://www.zomato.com/pune/bikaner-sev-bhandar-mg-road,3,Low-volume neighborhood venues
https://www.zomato.com/pune/central-food-court-ravet,1,Polarizing experiences
https://www.zomato.com/pune/mittran-di-hatti-kharadi,3,Low-volume neighborhood venues
https://www.zomato.com/pune/matrix-inn-chakan,1,Polarizing experiences
https://www.zomato.com/pune/flavours-old-mumbai-pune-highway,3,Low-volume neighborhood venues
https://www.zomato.com/pune/maval-machi-old-mumbai-pune-highway,1,Polarizing experiences
https://www.zomato.com/pune/sirvi-bandhu-mithaiwale-satara-road,1,Polarizing experiences
https://www.zomato.com/pune/hotel-spice-klub-pimple-saudagar,1,Polarizing experiences
https://www.zomato.com/pune/hotel-shravani-hinjawadi,1,Polarizing experiences
https://www.zomato.com/pune/atithi-family-restaurant-yerawada,3,Low-volume neighborhood venues
https://www.zomato.com/pune/nimantran-bhosari,1,Polarizing experiences
https://www.zomato.com/pune/makrana-baner,0,Premium dining
https://www.zomato.com/pune/aavees-rasta-peth,3,Low-volume neighborhood venues
https://www.zomato.com/pune/pizza-cream-cafe-sus,1,Polarizing experiences
https://www.zomato.com/pune/apna-meal-fatima-nagar,1,Polarizing experiences
https://www.zomato.com/pune/shiv-krupa-magarpatta,1,Polarizing experiences
https://www.zomato.com/pune/grill-corner-chinchwad,3,Low-volume neighborhood venues
https://www.zomato.com/pune/just-order-india-wadgaon-sheri,0,Premium dining
https://www.zomato.com/pune/hotel-surya-biryani-house-kothrud,1,Polarizing experiences
https://www.zomato.com/pune/vegfast-akurdi,3,Low-volume neighborhood venues
https://www.zomato.com/pune/al-zaika-snacks-centre-viman-nagar,1,Polarizing experiences
https://www.zomato.com/pune/grill-royale-aundh,1,Polarizing experiences
https://www.zomato.com/pune/haka-house-aundh,1,Polarizing experiences
https://www.zomato.com/pune/bharkadevi-ice-cream-akurdi,3,Low-volume neighborhood venues
https://www.zomato.com/pune/sitar-bar-and-restaurant-deccan-gymkhana,3,Low-volume neighborhood venues
https://www.zomato.com/pune/bake-master-kothrud,3,Low-volume neighborhood venues
https://www.zomato.com/pune/kattappa-biryani-viman-nagar,1,Polarizing experiences
https://www.zomato.com/pune/food-palette-kothrud,0,Premium dining
https://www.zomato.com/pune/hotel-sandesh-narhe,1,Polarizing experiences
https://www.zomato.com/pune/sam-sam-budhwar-peth,1,Polarizing experiences
https://www.zomato.com/pune/hotel-swagat-pimpri,3,Low-volume neighborhood venues
https://www.zomato.com/pune/nisarg-pure-veg-katraj,3,Low-volume neighborhood venues
https://www.zomato.com/pune/aashis-gourmet-kothrud,3,Low-volume neighborhood venues
https://www.zomato.com/pune/savera-bavdhan,1,Polarizing experiences
https://www.zomato.com/pune/della-fudge-chikki-store-lonavala,3,Low-volume neighborhood venues
https://www.zomato.com/pune/hotel-padmanabh-pure-veg-chakan,3,Low-volume neighborhood venues
https://www.zomato.com/pune/shivanand-sinhgad-road,3,Low-volume neighborhood venues
https://www.zomato.com/pune/bread-square-koregaon-park,0,Premium dining
https://www.zomato.com/pune/eat-meet-cafe-karve-nagar,1,Polarizing experiences
https://www.zomato.com/pune/aamrapali-inn-lonavala,3,Low-volume neighborhood venues
https://www.zomato.com/pune/burger-point-wagholi,0,Premium dining
https://www.zomato.com/pune/rana-family-resto-bar-kothrud,1,Polarizing experiences
https://www.zomato.com/pune/hotel-nisarg-goodluck-chakan,1,Polarizing experiences
https://www.zomato.com/pune/swaadesi-baner,0,Premium dining
https://www.zomato.com/pune/the-iind-innings-nibm-road,1,Polarizing experiences
https://www.zomato.com/pune/the-momo-place-bund-garden,3,Low-volume neighborhood venues
https://www.zomato.com/pune/bajirao-saoji-pimple-saudagar,1,Polarizing experiences
https://www.zomato.com/pune/ramas-kitchen-senapati-bapat-road,3,Low-volume neighborhood venues
https://www.zomato.com/pune/cafe-funtasty-1-ravet,1,Polarizing experiences
https://www.zomato.com/pune/budget-meals-ravet,1,Polarizing experiences
https://www.zomato.com/pune/employees-only-after-office-club-mundhwa,3,Low-volume neighborhood venues
https://www.zomato.com/chow-down-food-truck,3,Low-volume neighborhood venues
https://www.zomato.com/pune/the-betel-leaf-1-erandwane,0,Premium dining
https://www.zomato.com/pune/cafe-happie-kothrud,0,Premium dining
https://www.zomato.com/pune/mk-snack-center-pimpri,1,Polarizing experiences
https://www.zomato.com/pune/spice-guru-hinjawadi,3,Low-volume neighborhood venues
https://www.zomato.com/pune/varuna-swad-desi-wakad,1,Polarizing experiences
https://www.zomato.com/pune/cafe-hashtag-akurdi,1,Polarizing experiences
https://www.zomato.com/pune/ozone-sinhgad-road,1,Polarizing experiences
https://www.zomato.com/pune/hotel-mahadev-hinjawadi,3,Low-volume neighborhood venues
https://www.zomato.com/pune/avishkar-bar-and-restaurant-nigdi,3,Low-volume neighborhood venues
https://www.zomato.com/pune/azu-bhosari,0,Premium dining
https://www.zomato.com/pune/hotel-meeting-point-pimpri,1,Polarizing experiences
https://www.zomato.com/pune/creme-de-fiesta-kalyani-nagar,3,Low-volume neighborhood venues
https://www.zomato.com/pune/the-vigour-kart-bt-kawade-road,0,Premium dining
https://www.zomato.com/pune/jalsa-family-garden-restaurant-bund-garden,1,Polarizing experiences
https://www.zomato.com/pune/mayur-family-restaurant-bar-old-mumbai-pune-highway,1,Polarizing experiences
https://www.zomato.com/pune/hotel-apsara-babbi-da-dhaba-old-mumbai-pune-highway,1,Polarizing experiences
https://www.zomato.com/pune/hotel-laxmi-pure-veg-hadapsar,1,Polarizing experiences
https://www.zomato.com/pune/hotel-annapoorna-pure-veg-old-mumbai-pune-highway,3,Low-volume neighborhood venues
https://www.zomato.com/pune/chaat-express-1-hadapsar,1,Polarizing experiences
https://www.zomato.com/pune/rainbow-veg-treat-1-lohegaon,1,Polarizing experiences
https://www.zomato.com/pune/tastation-cafe-pimple-gurav,3,Low-volume neighborhood venues
https://www.zomato.com/pune/zingaat-misal-dehu-road,0,Premium dining
https://www.zomato.com/pune/western-pride-sus,1,Polarizing experiences
https://www.zomato.com/pune/torna-lohegaon,1,Polarizing experiences
https://www.zomato.com/pune/special-biryani-house-pimple-saudagar,1,Polarizing experiences
https://www.zomato.com/pune/jambhales-food-point-rasta-peth,1,Polarizing experiences
https://www.zomato.com/pune/relish-restaurant-ravet,1,Polarizing experiences
https://www.zomato.com/pune/awesome-burger-kitchen-karve-nagar,3,Low-volume neighborhood venues
https://www.zomato.com/pune/tipsy-horse-lonavala,1,Polarizing experiences
https://www.zomato.com/pune/the-creamery-salunkhe-vihar-road,0,Premium dining
https://www.zomato.com/pune/hotel-rajvardhan-chinchwad,1,Polarizing experiences
https://www.zomato.com/pune/cafe-coffeeholic-karve-nagar,1,Polarizing experiences
https://www.zomato.com/pune/hotel-nanashree-pimpri,1,Polarizing experiences
https://www.zomato.com/pune/gulmohar-family-garden-restaurant-sinhgad-road,3,Low-volume neighborhood venues
https://www.zomato.com/pune/krishna-bhel-tilak-road,1,Polarizing experiences
https://www.zomato.com/pune/my-urja-wakad,3,Low-volume neighborhood venues
https://www.zomato.com/pune/swaraj-pune-solapur-road,1,Polarizing experiences
https://www.zomato.com/pune/laxmi-restaurant-karve-nagar,3,Low-volume neighborhood venues
https://www.zomato.com/pune/ronak-budhwar-peth,3,Low-volume neighborhood venues
https://www.zomato.com/pune/chick-quick-bar-restaurant-satara-road,3,Low-volume neighborhood venues
https://www.zomato.com/pune/new-naakhwa-balewadi,3,Low-volume neighborhood venues
https://www.zomato.com/pune/mehfil-family-garden-restaurant-pimple-gurav,3,Low-volume neighborhood venues
https://www.zomato.com/pune/hotel-ushakiran-bhosari,3,Low-volume neighborhood venues
https://www.zomato.com/pune/bharat-garden-restaurant-dhanori,1,Polarizing experiences
https://www.zomato.com/pune/ncr-restaurant-jm-road,0,Premium dining
https://www.zomato.com/pune/hotel-akshay-garden-wagholi,1,Polarizing experiences
https://www.zomato.com/pune/hotel-aasra-biryani-house-shukrawar-peth,3,Low-volume neighborhood venues
https://www.zomato.com/pune/punjabi-dhaba-dhanori,1,Polarizing experiences
https://www.zomato.com/pune/sai-datta-sindhu-sagar-vishrantwadi,1,Polarizing experiences
https://www.zomato.com/pune/sai-viraj-garden-dhanori,3,Low-volume neighborhood venues
https://www.zomato.com/pune/aishwarya-erandwane,1,Polarizing experiences
https://www.zomato.com/pune/vrundavans-angat-pangat-hinjawadi,0,Premium dining
https://www.zomato.com/pune/momo-cafe-courtyard-by-marriott-pune-chakan-chakan,2,High-volume crowd favorites
https://www.zomato.com/pune/mamata-paratha-house-kothrud,0,Premium dining
https://www.zomato.com/pune/khushi-tandoor-and-biryani-house-1-pimpri,3,Low-volume neighborhood venues
https://www.zomato.com/pune/golden-gate-dehu-road,1,Polarizing experiences
https://www.zomato.com/pune/chopsticks-pimple-nilakh,0,Premium dining
https://www.zomato.com/pune/hotel-sagar-shivaji-nagar,3,Low-volume neighborhood venues
https://www.zomato.com/pune/shaam-restaurant-budhwar-peth,3,Low-volume neighborhood venues
https://www.zomato.com/pune/shree-swami-samarth-kothrud,1,Polarizing experiences
https://www.zomato.com/pune/urmis-parvati,0,Premium dining
https://www.zomato.com/pune/savali-khadakwasla,3,Low-volume neighborhood venues
https://www.zomato.com/pune/neptune-fortune-inn-exotica-hinjawadi,1,Polarizing experiences
https://www.zomato.com/pune/charan-sweets-pashan,3,Low-volume neighborhood venues
https://www.zomato.com/pune/burgers-more-lavale,0,Premium dining
https://www.zomato.com/pune/sai-hotel-katraj,1,Polarizing experiences
https://www.zomato.com/pune/sourabh-sinhgad-road,3,Low-volume neighborhood venues
https://www.zomato.com/pune/tandoori-tadka-1-akurdi,3,Low-volume neighborhood venues
https://www.zomato.com/pune/tarta-doubletree-by-hilton-hotel-chinchwad,2,High-volume crowd favorites
https://www.zomato.com/pune/rangoli-old-mumbai-pune-highway,3,Low-volume neighborhood venues
https://www.zomato.com/pune/jai-mata-di-pimpri,3,Low-volume neighborhood venues
https://www.zomato.com/pune/chandraphool-garden-bhosari,1,Polarizing experiences
https://www.zomato.com/pune/jg-resto-aundh,3,Low-volume neighborhood venues
https://www.zomato.com/pune/yashwant-pure-veg-mundhwa,1,Polarizing experiences
https://www.zomato.com/pune/good-foods-law-college-road,1,Polarizing experiences
https://www.zomato.com/pune/jay-shree-executive-pune-solapur-road,1,Polarizing experiences
https://www.zomato.com/pune/majestic-restaurant-camp-area,3,Low-volume neighborhood venues
https://www.zomato.com/pune/hotel-mahesh-chinchwad,3,Low-volume neighborhood venues
https://www.zomato.com/pune/cafe-park-shivaji-nagar,3,Low-volume neighborhood venues
https://www.zomato.com/pune/samrat-queen-camp-area,3,Low-volume neighborhood venues
https://www.zomato.com/pune/hotel-trishna-rasta-peth,3,Low-volume neighborhood venues
https://www.zomato.com/pune/samruddhi-hadapsar,1,Polarizing experiences
https://www.zomato.com/pune/fish-curry-chinchwad,1,Polarizing experiences
https://www.zomato.com/pune/sugras-veg-sinhgad-road,1,Polarizing experiences
https://www.zomato.com/pune/ashok-restaurant-rasta-peth,1,Polarizing experiences
https://www.zomato.com/pune/abhiruchi-vishrantwadi,1,Polarizing experiences
https://www.zomato.com/pune/sneha-deccan-gymkhana,0,Premium dining
https://www.zomato.com/pune/sai-leela-senapati-bapat-road,3,Low-volume neighborhood venues
https://www.zomato.com/pune/akash-lohegaon,3,Low-volume neighborhood venues
https://www.zomato.com/pune/janaki-family-restaurants-dhanori,3,Low-volume neighborhood venues
https://www.zomato.com/pune/lounge--hinjawadi,2,High-volume crowd favorites
https://www.zomato.com/pune/hong-kong-sinhgad-road,1,Polarizing experiences
https://www.zomato.com/pune/hotel-udupi-restaurant-pimpri,3,Low-volume neighborhood venues
https://www.zomato.com/pune/grill-n-chill-erandwane,1,Polarizing experiences
https://www.zomato.com/pune/olympia-cafe-shivaji-nagar,3,Low-volume neighborhood venues
https://www.zomato.com/pune/hotel-nisarg-wagholi,3,Low-volume neighborhood venues
https://www.zomato.com/pune/hotel-new-delhi-darbar-dehu-road,3,Low-volume neighborhood venues
https://www.zomato.com/pune/easy-blue-diamond-koregaon-park,2,High-volume crowd favorites
https://www.zomato.com/pune/navmi-chandan-nagar,1,Polarizing experiences
https://www.zomato.com/pune/opera-1-deccan-gymkhana,0,Premium dining
https://www.zomato.com/pune/hotel-kiran-bavdhan,3,Low-volume neighborhood venues
https://www.zomato.com/pune/moti-mahal-express-viman-nagar,0,Premium dining
https://www.zomato.com/pune/galaxy-orbett-hotel-deccan-gymkhana,0,Premium dining
https://www.zomato.com/pune/kailas-restaurant-bund-garden,1,Polarizing experiences
https://www.zomato.com/pune/chandrama-restaurant-bar-bund-garden,1,Polarizing experiences
https://www.zomato.com/pune/darya-kothrud,1,Polarizing experiences
https://www.zomato.com/pune/rajmudra-restaurant-bar-kothrud,1,Polarizing experiences
https://www.zomato.com/pune/siddhanath-narhe,1,Polarizing experiences
https://www.zomato.com/pune/santosh-bhel-karve-nagar,3,Low-volume neighborhood venues
https://www.zomato.com/pune/loyals-the-cake-shop-nibm-road,3,Low-volume neighborhood venues
https://www.zomato.com/pune/hydrabadi-special-hadapsar,1,Polarizing experiences
https://www.zomato.com/pune/ajay-dhaba-old-mumbai-pune-highway,1,Polarizing experiences
https://www.zomato.com/pune/vakratund-chinchwad,1,Polarizing experiences
https://www.zomato.com/pune/geetanjali-dehu-road,3,Low-volume neighborhood venues
https://www.zomato.com/pune/the-bridge-tarawade-clarks-inn-jm-road,0,Premium dining
https://www.zomato.com/pune/ajantha-sadashiv-peth,3,Low-volume neighborhood venues
https://www.zomato.com/pune/mrunal-pure-veg-bhosari,3,Low-volume neighborhood venues
https://www.zomato.com/pune/little-india-magarpatta,0,Premium dining
https://www.zomato.com/pune/sankalp-resto-bar-shukrawar-peth,1,Polarizing experiences
https://www.zomato.com/pune/shelar-bhajiwale-rasta-peth,3,Low-volume neighborhood venues
https://www.zomato.com/pune/the-szechuan-shack-pimpri,3,Low-volume neighborhood venues
https://www.zomato.com/pune/aate-huye-senapati-bapat-road,0,Premium dining
https://www.zomato.com/pune/vithal-kamats-shivapur,3,Low-volume neighborhood venues
https://www.zomato.com/pune/diamond-bar-restro-lonavala,0,Premium dining
https://www.zomato.com/pune/cafe-chocolicious-akurdi,1,Polarizing experiences
https://www.zomato.com/pune/biryani-house-dhanori,1,Polarizing experiences
https://www.zomato.com/pune/hotel-vaishnavi-bhosari,1,Polarizing experiences
https://www.zomato.com/pune/gayatri-bhel-viman-nagar,3,Low-volume neighborhood venues
https://www.zomato.com/pune/hotel-anand-punjab-fatima-nagar,1,Polarizing experiences
https://www.zomato.com/pune/aangan-akurdi,1,Polarizing experiences
https://www.zomato.com/pune/guru-krupa-kondhwa,3,Low-volume neighborhood venues
https://www.zomato.com/pune/atrium-royal-orchid-golden-suites-kalyani-nagar,3,Low-volume neighborhood venues
https://www.zomato.com/pune/picante-pure-veg-sinhgad-road,0,Premium dining
https://www.zomato.com/pune/hotel-sai-shri-bavdhan,3,Low-volume neighborhood venues
https://www.zomato.com/pune/my-goodness-wanowrie,3,Low-volume neighborhood venues
https://www.zomato.com/pune/asha-restaurant-satara-road,3,Low-volume neighborhood venues
https://www.zomato.com/pune/chocolate-story-kalyani-nagar,0,Premium dining
https://www.zomato.com/pune/suswad-biryani-house-sinhgad-road,1,Polarizing experiences
https://www.zomato.com/pune/coastal-hut-viman-nagar,3,Low-volume neighborhood venues
https://www.zomato.com/pune/aapal-shiwar-dhankawadi,3,Low-volume neighborhood venues
https://www.zomato.com/pune/cafe-tornado-kharadi,3,Low-volume neighborhood venues
https://www.zomato.com/pune/bakers-delight-pimpri,3,Low-volume neighborhood venues
https://www.zomato.com/pune/oceans-paradise-veg-non-veg-sinhgad-road,1,Polarizing experiences
https://www.zomato.com/pune/raj-darbar-sinhgad-road,3,Low-volume neighborhood venues
https://www.zomato.com/pune/cafe-creamy-nuts-narhe,3,Low-volume neighborhood venues
https://www.zomato.com/pune/jay-ganesh-fastfood-kharadi,1,Polarizing experiences
https://www.zomato.com/pune/samys-hangout-nigdi,3,Low-volume neighborhood venues
https://www.zomato.com/sagars-kebab-biryani-food-truc,3,Low-volume neighborhood venues
https://www.zomato.com/pune/6-muffiins-the-cake-shop-1-chinchwad,1,Polarizing experiences
https://www.zomato.com/pune/cafe-delisumm-1-magarpatta,0,Premium dining
https://www.zomato.com/pune/new-refreshment-house-tilak-road,0,Premium dining
https://www.zomato.com/pune/aditya-juice-bar-kothrud,0,Premium dining
https://www.zomato.com/pune/damini-family-restaurant-warje,3,Low-volume neighborhood venues
https://www.zomato.com/pune/the-pasta-house-bibvewadi,0,Premium dining
https://www.zomato.com/pune/raj-family-restaurant-lonavala,1,Polarizing experiences
https://www.zomato.com/pune/shubham-coffee-house-fc-road,1,Polarizing experiences
https://www.zomato.com/pune/health-on-wheels-wagholi,3,Low-volume neighborhood venues
https://www.zomato.com/pune/shree-mauli-special-vishrantwadi,1,Polarizing experiences
https://www.zomato.com/pune/pds-thali-pimple-nilakh,3,Low-volume neighborhood venues
https://www.zomato.com/pune/kolkata-rolls-kharadi,1,Polarizing experiences
https://www.zomato.com/pune/hotel-jay-malhar-bhosari,3,Low-volume neighborhood venues
https://www.zomato.com/pune/anna-wadapav-dhanori,3,Low-volume neighborhood venues
https://www.zomato.com/pune/kebab-thikana-ravet,3,Low-volume neighborhood venues
https://www.zomato.com/pune/le-coffee-house-parvati,0,Premium dining
https://www.zomato.com/pune/maharaja-family-restaurant-dange-chowk,1,Polarizing experiences
https://www.zomato.com/pune/the-quick-wok-pimple-nilakh,3,Low-volume neighborhood venues
https://www.zomato.com/pune/hayat-bhosari,3,Low-volume neighborhood venues
https://www.zomato.com/pune/un-poco-loco-pimple-saudagar,3,Low-volume neighborhood venues
https://www.zomato.com/pune/nims-cake-craft-jm-road,0,Premium dining
https://www.zomato.com/pune/platter-2-plate-hinjawadi,3,Low-volume neighborhood venues
https://www.zomato.com/pune/the-egg-junction-1-balewadi,3,Low-volume neighborhood venues
https://www.zomato.com/pune/madhav-veg-non-veg-camp-area,0,Premium dining
https://www.zomato.com/pune/jai-ganesh-dosa-centre-senapati-bapat-road,0,Premium dining
https://www.zomato.com/pune/euphoria-grill-pimple-saudagar,0,Premium dining
https://www.zomato.com/pune/siddhi-dhankawadi,3,Low-volume neighborhood venues
https://www.zomato.com/pune/hotel-milan-bibvewadi,3,Low-volume neighborhood venues
https://www.zomato.com/pune/somus-chai-cafe-kharadi,1,Polarizing experiences
https://www.zomato.com/pune/cafe-tea-talkss-bavdhan,0,Premium dining
https://www.zomato.com/pune/koffee-villa-bibvewadi,0,Premium dining
https://www.zomato.com/pune/shawarma-meals-more-baner,1,Polarizing experiences
https://www.zomato.com/aufside,2,High-volume crowd favorites
https://www.zomato.com/pune/juiceobiz-wadgaon-sheri,0,Premium dining
https://www.zomato.com/pune/2-pegs-down-picaddle-resort-lonavala,0,Premium dining
https://www.zomato.com/pune/tasty-treats-24-7-3-senapati-bapat-road,1,Polarizing experiences
https://www.zomato.com/pune/manpasand-dal-pakwan-sadashiv-peth,3,Low-volume neighborhood venues
https://www.zomato.com/pune/krishna-the-veg-edge-nibm-road,1,Polarizing experiences
https://www.zomato.com/pune/maratha-biryaniz-sinhgad-road,1,Polarizing experiences
https://www.zomato.com/pune/grilled-nibm-road,1,Polarizing experiences
https://www.zomato.com/pune/emirates-cafe-katraj,0,Premium dining
https://www.zomato.com/pune/roji-roti-mess-hadapsar,1,Polarizing experiences
https://www.zomato.com/pune/cafe-07-hadapsar,3,Low-volume neighborhood venues
https://www.zomato.com/pune/oh-my-rolls-hinjawadi,3,Low-volume neighborhood venues
https://www.zomato.com/pune/reddy-reddy-hyderabad-biryani-katraj,1,Polarizing experiences
https://www.zomato.com/pune/aaswad-dhaba-family-restaurant-old-mumbai-pune-highway,1,Polarizing experiences
https://www.zomato.com/pune/jagtap-sarkar-family-restaurant-pimpri,3,Low-volume neighborhood venues
https://www.zomato.com/pune/21-shots-kharadi,2,High-volume crowd favorites
https://www.zomato.com/pune/malabari-spice-mundhwa,3,Low-volume neighborhood venues
https://www.zomato.com/pune/hotel-rajashri-veg-non-veg-and-family-restaurant-bhosari,3,Low-volume neighborhood venues
https://www.zomato.com/pune/laddro-cafe-shivaji-nagar,1,Polarizing experiences
https://www.zomato.com/pune/olde-baileys-koregaon-park,0,Premium dining
https://www.zomato.com/pune/china-gate-jm-road,0,Premium dining
https://www.zomato.com/pune/cafe-boulevard-dhole-patil-road,3,Low-volume neighborhood venues
https://www.zomato.com/pune/log-house-1-baner,0,Premium dining
https://www.zomato.com/pune/hotel-satkar-shivaji-nagar,1,Polarizing experiences
https://www.zomato.com/pune/sanjog-pure-veg-bibvewadi,1,Polarizing experiences
https://www.zomato.com/pune/cafe-new-diamond-hadapsar,3,Low-volume neighborhood venues
https://www.zomato.com/pune/hotel-girija-narhe,1,Polarizing experiences
https://www.zomato.com/pune/hotel-shivratna-mundhwa,1,Polarizing experiences
https://www.zomato.com/pune/narmada-family-restaurant-bar-bhosari,3,Low-volume neighborhood venues
https://www.zomato.com/pune/hotel-siddhesh-satara-road,3,Low-volume neighborhood venues
https://www.zomato.com/pune/royal-punjab-katraj,1,Polarizing experiences
https://www.zomato.com/pune/cafe-apollo-rasta-peth,0,Premium dining
https://www.zomato.com/pune/ice-cream-delight-satara-road,3,Low-volume neighborhood venues
https://www.zomato.com/pune/hotel-malwan-samudra-1-chinchwad,0,Premium dining
https://www.zomato.com/pune/samruddhi-sinhgad-road,0,Premium dining
https://www.zomato.com/pune/suruchi-restaurant-hadapsar,3,Low-volume neighborhood venues
https://www.zomato.com/pune/pranav-chinese-fast-food-bt-kawade-road,1,Polarizing experiences
https://www.zomato.com/pune/kancha-chinese-fast-food-chinchwad,3,Low-volume neighborhood venues
https://www.zomato.com/pune/sarovar-akurdi,1,Polarizing experiences
https://www.zomato.com/pune/the-walnut-sweets-aundh,3,Low-volume neighborhood venues
https://www.zomato.com/pune/way-down-south-senapati-bapat-road,3,Low-volume neighborhood venues
https://www.zomato.com/pune/natural-hotel-karve-nagar,3,Low-volume neighborhood venues
https://www.zomato.com/pune/al-afghan-1-nigdi,3,Low-volume neighborhood venues
https://www.zomato.com/pune/crave-capital-wadgaon-sheri,3,Low-volume neighborhood venues
https://www.zomato.com/pune/open-spicy-wadgaon-sheri,3,Low-volume neighborhood venues
https://www.zomato.com/pune/ajs-kebab-roll-kharadi,3,Low-volume neighborhood venues
https://www.zomato.com/pune/paluskar-chicken-65-centre-katraj,0,Premium dining
https://www.zomato.com/pune/crimps-pimple-nilakh,3,Low-volume neighborhood venues
https://www.zomato.com/pune/wanderlust-bistro-talegaon,3,Low-volume neighborhood venues
https://www.zomato.com/pune/the-breakfast-story-karve-nagar,1,Polarizing experiences
https://www.zomato.com/pune/swad-marathi-chandan-nagar,3,Low-volume neighborhood venues
https://www.zomato.com/pune/akshay-meal-karve-nagar,3,Low-volume neighborhood venues
https://www.zomato.com/pune/swaraj-food-house-hadapsar,3,Low-volume neighborhood venues
https://www.zomato.com/pune/fresh-fit-1-viman-nagar,1,Polarizing experiences
https://www.zomato.com/pune/dyans-cafe-1-pimple-gurav,3,Low-volume neighborhood venues
https://www.zomato.com/pune/misal-villa-lohegaon,3,Low-volume neighborhood venues
https://www.zomato.com/pune/shokeen-burger-hadapsar,3,Low-volume neighborhood venues
https://www.zomato.com/pune/gavraan-that-karve-nagar,3,Low-volume neighborhood venues
https://www.zomato.com/pune/hotel-arohi-pimpri,3,Low-volume neighborhood venues
https://www.zomato.com/pune/wongamat-kharadi,1,Polarizing experiences
https://www.zomato.com/pune/capsicum-restaurant-and-bar-baner,1,Polarizing experiences
https://www.zomato.com/pune/khichadi-da-dabba-aundh,3,Low-volume neighborhood venues
https://www.zomato.com/pune/magic-moment-cafe-karve-nagar,1,Polarizing experiences
https://www.zomato.com/pune/cafe-millenials-wakad,3,Low-volume neighborhood venues
https://www.zomato.com/pune/malvan-baithak-bavdhan,3,Low-volume neighborhood venues
https://www.zomato.com/pune/unikco-resto-lounge-viman-nagar,3,Low-volume neighborhood venues
https://www.zomato.com/pune/mast-cafe-biryani-hinjawadi,1,Polarizing experiences
https://www.zomato.com/pune/tourist-restaurant-rasta-peth,3,Low-volume neighborhood venues
https://www.zomato.com/pune/destine-cafe-vishrantwadi,3,Low-volume neighborhood venues
https://www.zomato.com/pune/800-momos-hadapsar,3,Low-volume neighborhood venues
https://www.zomato.com/pune/cafe-kharadi-kharadi,3,Low-volume neighborhood venues
https://www.zomato.com/pune/saar-chat-house-sadashiv-peth,3,Low-volume neighborhood venues
https://www.zomato.com/pune/hotel-classic-food-lohegaon,3,Low-volume neighborhood venues
https://www.zomato.com/pune/the-cheers-lounge-akurdi,1,Polarizing experiences
https://www.zomato.com/pune/cafe-hashtag-three-katraj,3,Low-volume neighborhood venues
https://www.zomato.com/pune/hotel-testy-street-veg-and-non-veg-wakad,3,Low-volume neighborhood venues
https://www.zomato.com/pune/mauli-dhapate-house-balewadi,3,Low-volume neighborhood venues
https://www.zomato.com/pune/zingaat-misal-wanowrie,1,Polarizing experiences
https://www.zomato.com/pune/oceans-11-1-kothrud,3,Low-volume neighborhood venues
https://www.zomato.com/pune/cafe-one-on-one-baner,3,Low-volume neighborhood venues
https://www.zomato.com/pune/shahi-taste-of-hyderabad-baner,3,Low-volume neighborhood venues
https://www.zomato.com/pune/my-cafe-1-kothrud,3,Low-volume neighborhood venues
https://www.zomato.com/pune/hungers-choice-pimple-gurav,3,Low-volume neighborhood venues
https://www.zomato.com/pune/kekurmmm-dosa-snacks-station-kondhwa,3,Low-volume neighborhood venues
https://www.zomato.com/pune/mankudam-hinjawadi,3,Low-volume neighborhood venues
https://www.zomato.com/pune/sher-e-the-punjaaab-1-pimple-gurav,3,Low-volume neighborhood venues
https://www.zomato.com/pune/pune-street-food-nibm-road,1,Polarizing experiences
https://www.zomato.com/pune/dive-in-dine-pimpri,1,Polarizing experiences
https://www.zomato.com/pune/sai-fast-food-1-pimple-gurav,1,Polarizing experiences
https://www.zomato.com/pune/jai-malhar-khadki,1,Polarizing experiences
https://www.zomato.com/pune/a-1-pani-puri-pimpri,3,Low-volume neighborhood venues
https://www.zomato.com/pune/china-tour-1-pimple-gurav,3,Low-volume neighborhood venues
https://www.zomato.com/pune/khaddo-lohegaon,3,Low-volume neighborhood venues
https://www.zomato.com/pune/much-food-1-swargate,3,Low-volume neighborhood venues
https://www.zomato.com/pune/foodobsession-bhugaon,3,Low-volume neighborhood venues
https://www.zomato.com/pune/chinese-cuisine-hadapsar,1,Polarizing experiences
https://www.zomato.com/pune/cream-story-1-hadapsar,3,Low-volume neighborhood venues
https://www.zomato.com/pune/hotel-kohinoor-chinchwad,1,Polarizing experiences
https://www.zomato.com/pune/little-urban-2-pimple-saudagar,1,Polarizing experiences
https://www.zomato.com/pune/samarth-panipuri-and-bhel-sinhgad-road,3,Low-volume neighborhood venues
https://www.zomato.com/pune/pokket-cafe-1-pimple-gurav,1,Polarizing experiences
https://www.zomato.com/pune/rajmandir-ice-cream-pimpri,3,Low-volume neighborhood venues
https://www.zomato.com/pune/cafe-durga-lohegaon,3,Low-volume neighborhood venues
https://www.zomato.com/pune/coconut-kitchen-sus,1,Polarizing experiences
https://www.zomato.com/pune/the-dessert-house-pune-pimple-saudagar,3,Low-volume neighborhood venues
https://www.zomato.com/pune/indore-lig-maggi-pasta-wadgaon-sheri,3,Low-volume neighborhood venues
https://www.zomato.com/pune/hotel-mahesh-bhuwan-rasta-peth,3,Low-volume neighborhood venues
https://www.zomato.com/pune/indian-biryani-house-wakad,3,Low-volume neighborhood venues
https://www.zomato.com/pune/the-south-coast-wakad,0,Premium dining
https://www.zomato.com/pune/frenzy-gourmet-camp-area,3,Low-volume neighborhood venues
https://www.zomato.com/pune/madcoco-desserts-kondhwa,3,Low-volume neighborhood venues
https://www.zomato.com/pune/satguru-snacks-lohegaon,3,Low-volume neighborhood venues
https://www.zomato.com/pune/yes-biryani-dhankawadi,3,Low-volume neighborhood venues
https://www.zomato.com/pune/a1-foods-hadapsar,1,Polarizing experiences
https://www.zomato.com/pune/sonvis-kitchen-sinhgad-road,1,Polarizing experiences
https://www.zomato.com/pune/pablos-cafe-aundh,3,Low-volume neighborhood venues
https://www.zomato.com/pune/south-affairs-bibvewadi,2,High-volume crowd favorites
https://www.zomato.com/pune/swarajya-hotel-hinjawadi,3,Low-volume neighborhood venues
https://www.zomato.com/pune/delhi-ki-paratha-gali-viman-nagar,3,Low-volume neighborhood venues
https://www.zomato.com/pune/free-rolls-wagholi,3,Low-volume neighborhood venues
https://www.zomato.com/pune/shake-it-wagholi,3,Low-volume neighborhood venues
https://www.zomato.com/pune/madhuban-pure-veg-sinhgad-road,3,Low-volume neighborhood venues
https://www.zomato.com/pune/al-nawabi-hadapsar,3,Low-volume neighborhood venues
https://www.zomato.com/pune/cafe-pita-pan-kharadi,3,Low-volume neighborhood venues
https://www.zomato.com/pune/maggi-weds-pasta-wagholi,3,Low-volume neighborhood venues
https://www.zomato.com/pune/dessert-mania-sinhgad-road,3,Low-volume neighborhood venues
https://www.zomato.com/pune/midnight-kitchen-nibm-road,3,Low-volume neighborhood venues
https://www.zomato.com/pune/cafe-moonlight-wadgaon-sheri,3,Low-volume neighborhood venues
https://www.zomato.com/pune/foodeez-cafe-restaurant-katraj,3,Low-volume neighborhood venues
https://www.zomato.com/pune/al-faaz-rolls-and-cafe-kondhwa,3,Low-volume neighborhood venues
https://www.zomato.com/pune/goatzilla-pimple-nilakh,0,Premium dining
https://www.zomato.com/pune/sky-house-wanowrie,1,Polarizing experiences
https://www.zomato.com/pune/dk-biryani-and-tandoor-center-sinhgad-road,1,Polarizing experiences
https://www.zomato.com/pune/foodoz-kothrud,3,Low-volume neighborhood venues
https://www.zomato.com/pune/hotel-maharaja-wakad,3,Low-volume neighborhood venues
https://www.zomato.com/pune/out-of-my-kitchen-1-deccan-gymkhana,3,Low-volume neighborhood venues
https://www.zomato.com/pune/spice-guru-baner,1,Polarizing experiences
https://www.zomato.com/pune/hotel-vikram-misal-kharadi,1,Polarizing experiences
https://www.zomato.com/pune/babji-kitchen-kondhwa,3,Low-volume neighborhood venues
https://www.zomato.com/pune/the-juice-junction-kothrud,3,Low-volume neighborhood venues
https://www.zomato.com/pune/home-cakes-1-wakad,3,Low-volume neighborhood venues
https://www.zomato.com/pune/shree-ganesh-dining-hall-hinjawadi,1,Polarizing experiences
https://www.zomato.com/pune/hotel-lazeez-1-baner,3,Low-volume neighborhood venues
https://www.zomato.com/pune/apyayan-e-aswadan-pimple-saudagar,3,Low-volume neighborhood venues
https://www.zomato.com/pune/the-chinese-house-baner,3,Low-volume neighborhood venues
https://www.zomato.com/pune/anus-chinese-centre-hinjawadi,1,Polarizing experiences
https://www.zomato.com/pune/chaiwale-com-ravet,1,Polarizing experiences
https://www.zomato.com/pune/om-sai-mastani-house-bavdhan,1,Polarizing experiences
https://www.zomato.com/pune/brick-lane-bakery-patisserie-nibm-road,0,Premium dining
https://www.zomato.com/pune/shreeji-ice-cream-parlor-wanowrie,3,Low-volume neighborhood venues
https://www.zomato.com/pune/maharaja-veg-non-veg-narhe,3,Low-volume neighborhood venues
https://www.zomato.com/pune/feeding-fox-2-lohegaon,3,Low-volume neighborhood venues
https://www.zomato.com/pune/aaichya-gaavat-kothrud,1,Polarizing experiences
https://www.zomato.com/pune/krishna-deshi-dhaba-kharadi,3,Low-volume neighborhood venues
https://www.zomato.com/pune/streets-of-indore-kharadi,3,Low-volume neighborhood venues
https://www.zomato.com/pune/red-spice-mulshi,1,Polarizing experiences
https://www.zomato.com/pune/cafe-royal-sip-1-hinjawadi,3,Low-volume neighborhood venues
https://www.zomato.com/pune/shree-sai-food-center-dhankawadi,3,Low-volume neighborhood venues
https://www.zomato.com/pune/ambika-bhel-house-ice-cream-wadgaon-sheri,3,Low-volume neighborhood venues
https://www.zomato.com/pune/taste-of-hyderabad-baner,3,Low-volume neighborhood venues
https://www.zomato.com/pune/pro-diet-lifestyle-wadgaon-sheri,3,Low-volume neighborhood venues
https://www.zomato.com/pune/sagys-healthy-bites-fc-road,3,Low-volume neighborhood venues
https://www.zomato.com/pune/its-recess-time-aundh,1,Polarizing experiences
https://www.zomato.com/pune/ngp-express-wakad,3,Low-volume neighborhood venues
https://www.zomato.com/pune/cake-magic-2-kharadi,3,Low-volume neighborhood venues
https://www.zomato.com/pune/the-cake-cream-factory-1-pimple-gurav,3,Low-volume neighborhood venues
https://www.zomato.com/pune/kolkata-bites-lohegaon,3,Low-volume neighborhood venues
https://www.zomato.com/pune/the-av-foodmall-shivaji-nagar,3,Low-volume neighborhood venues
https://www.zomato.com/pune/delhi-swad-kothrud,1,Polarizing experiences
https://www.zomato.com/pune/poona-hotel-rasta-peth,1,Polarizing experiences
https://www.zomato.com/pune/kekiz-the-cake-shop-mundhwa,3,Low-volume neighborhood venues
https://www.zomato.com/pune/annas-kitchen-katraj,3,Low-volume neighborhood venues
https://www.zomato.com/pune/mr-mrs-idly-balewadi,1,Polarizing experiences
https://www.zomato.com/pune/hotel-shivneri-narhe,3,Low-volume neighborhood venues
https://www.zomato.com/pune/the-sandwich-shop-1-sinhgad-road,3,Low-volume neighborhood venues
https://www.zomato.com/pune/the-egg-cafe-pimpri,3,Low-volume neighborhood venues
https://www.zomato.com/pune/abha-nagpur-special-akurdi,1,Polarizing experiences
https://www.zomato.com/pune/ayush-cafe-dhankawadi,3,Low-volume neighborhood venues
https://www.zomato.com/pune/swagat-irresistible-meals-pimple-gurav,1,Polarizing experiences
https://www.zomato.com/pune/bakers-zone-pimpri,3,Low-volume neighborhood venues
https://www.zomato.com/pune/om-gurudev-bhelpuri-centre-pimple-saudagar,3,Low-volume neighborhood venues
https://www.zomato.com/pune/sairat-wakad,3,Low-volume neighborhood venues
https://www.zomato.com/pune/ganesh-bhel-4-sadashiv-peth,3,Low-volume neighborhood venues
https://www.zomato.com/pune/hotel-natraj-wadgaon-sheri,3,Low-volume neighborhood venues
https://www.zomato.com/pune/candy-crush-hinjawadi,3,Low-volume neighborhood venues
https://www.zomato.com/pune/tarang-biriyani-house-kondhwa,1,Polarizing experiences
https://www.zomato.com/pune/anannya-biryani-sinhgad-road,1,Polarizing experiences
https://www.zomato.com/pune/pizza-town-hinjawadi,3,Low-volume neighborhood venues
https://www.zomato.com/pune/cafe-diamond-king-wanowrie,3,Low-volume neighborhood venues
https://www.zomato.com/pune/roohish-tiffin-and-caterers-hadapsar,3,Low-volume neighborhood venues
https://www.zomato.com/pune/food-darbar-wakad,3,Low-volume neighborhood venues
https://www.zomato.com/pune/laziz-a-hyderabad-baner,3,Low-volume neighborhood venues
https://www.zomato.com/pune/kavezo-1-kothrud,3,Low-volume neighborhood venues
https://www.zomato.com/pune/cheese-grill-viman-nagar,3,Low-volume neighborhood venues
https://www.zomato.com/pune/cafe-up-to-u-warje,3,Low-volume neighborhood venues
https://www.zomato.com/pune/kapital-kitchen-dhankawadi,3,Low-volume neighborhood venues
https://www.zomato.com/pune/eat-indian-company-wakad,3,Low-volume neighborhood venues
https://www.zomato.com/pune/kulture-shivaji-nagar,3,Low-volume neighborhood venues
https://www.zomato.com/pune/mg-biryani-house-and-snacks-center-katraj,3,Low-volume neighborhood venues
https://www.zomato.com/pune/late-night-chinese-sinhgad-road,3,Low-volume neighborhood venues
https://www.zomato.com/pune/jack-n-lerry-1-kothrud,3,Low-volume neighborhood venues
https://www.zomato.com/pune/hotel-anuradha-and-snacks-centre-sinhgad-road,3,Low-volume neighborhood venues
https://www.zomato.com/pune/crabza-warje,3,Low-volume neighborhood venues
https://www.zomato.com/pune/golden-chinese-and-momos-1-kothrud,3,Low-volume neighborhood venues
https://www.zomato.com/pune/tasty-dots-kitchen-wadgaon-sheri,3,Low-volume neighborhood venues
https://www.zomato.com/pune/truffle-waffle-dhole-patil-road,3,Low-volume neighborhood venues
https://www.zomato.com/pune/hotel-rajeshree-narhe,3,Low-volume neighborhood venues
https://www.zomato.com/pune/janak-dhankawadi,3,Low-volume neighborhood venues
https://www.zomato.com/pune/shawarmawala-wakad,3,Low-volume neighborhood venues
https://www.zomato.com/pune/meal-at-49-to-199-sinhgad-road,3,Low-volume neighborhood venues
https://www.zomato.com/pune/tarshish-shawarmas-kebabs-sinhgad-road,3,Low-volume neighborhood venues
https://www.zomato.com/pune/the-burger-house-and-south-hut-hadapsar,3,Low-volume neighborhood venues
https://www.zomato.com/pune/idli-stop-mundhwa,0,Premium dining
https://www.zomato.com/pune/chimneys-1-kothrud,1,Polarizing experiences
https://www.zomato.com/pune/twizito-shivaji-nagar,1,Polarizing experiences
https://www.zomato.com/pune/mintulsi-the-thali-balewadi,3,Low-volume neighborhood venues
https://www.zomato.com/pune/new-hotel-matoshree-wagholi,1,Polarizing experiences
https://www.zomato.com/pune/navratna-restaurant-bar-hadapsar,1,Polarizing experiences
https://www.zomato.com/pune/the-soul-bowl-health-food-kitchen-model-colony,3,Low-volume neighborhood venues
https://www.zomato.com/pune/slm-food-point-hinjawadi,3,Low-volume neighborhood venues
https://www.zomato.com/pune/jk-food-court-wakad,3,Low-volume neighborhood venues
https://www.zomato.com/pune/colaba-biryani-house-kharadi,3,Low-volume neighborhood venues
https://www.zomato.com/pune/indo-western-food-station-akurdi,3,Low-volume neighborhood venues
https://www.zomato.com/pune/pubg-tea-cafe-zone-hinjawadi,3,Low-volume neighborhood venues
https://www.zomato.com/pune/a-2-z-spicy-wakad,3,Low-volume neighborhood venues
https://www.zomato.com/pune/shake-sahab-viman-nagar,3,Low-volume neighborhood venues
https://www.zomato.com/pune/galaxy-chinese-fast-food-hinjawadi,3,Low-volume neighborhood venues
https://www.zomato.com/pune/drummsticks-warje,1,Polarizing experiences
https://www.zomato.com/pune/cafe-bon-apetit-senapati-bapat-road,1,Polarizing experiences
https://www.zomato.com/pune/veere-da-cafe-1-viman-nagar,3,Low-volume neighborhood venues
https://www.zomato.com/pune/hotel-rasoi-hinjawadi,3,Low-volume neighborhood venues
https://www.zomato.com/pune/yellow-your-eggular-kitchen-pimple-nilakh,3,Low-volume neighborhood venues
https://www.zomato.com/pune/punjabi-spices-kharadi,3,Low-volume neighborhood venues
https://www.zomato.com/pune/r-c-corner-aundh,3,Low-volume neighborhood venues
https://www.zomato.com/pune/mufiz-catering-and-tiffin-services-khadki,3,Low-volume neighborhood venues
https://www.zomato.com/pune/time-plz-wakad,3,Low-volume neighborhood venues
https://www.zomato.com/pune/foodieram-erandwane,3,Low-volume neighborhood venues
https://www.zomato.com/pune/punjabi-fooder-kitchen-viman-nagar,3,Low-volume neighborhood venues
https://www.zomato.com/pune/the-chef-uncle-wadgaon-sheri,3,Low-volume neighborhood venues
https://www.zomato.com/pune/smile-bhai-restaurant-kondhwa,1,Polarizing experiences
https://www.zomato.com/pune/hotel-malhar-kharadi,3,Low-volume neighborhood venues
https://www.zomato.com/pune/cheezy-corner-wadgaon-sheri,1,Polarizing experiences
https://www.zomato.com/pune/bob-family-cafe-kondhwa,1,Polarizing experiences
https://www.zomato.com/pune/2minute-momos-1-kothrud,3,Low-volume neighborhood venues
https://www.zomato.com/pune/g-space-aundh,3,Low-volume neighborhood venues
https://www.zomato.com/pune/chopsticks-chinese-thai-food-truck-bavdhan,3,Low-volume neighborhood venues
https://www.zomato.com/pune/ss-masala-kharadi,3,Low-volume neighborhood venues
https://www.zomato.com/pune/bawarchii-biryani-factory-narhe,3,Low-volume neighborhood venues
https://www.zomato.com/pune/hyderabadi-biryani-com-wakad,1,Polarizing experiences
https://www.zomato.com/pune/wanowrie-chill-out-wanowrie,1,Polarizing experiences
https://www.zomato.com/pune/hotel-vinayaka-dosa-centre-pimple-gurav,3,Low-volume neighborhood venues
https://www.zomato.com/pune/shri-atithi-eatery-hinjawadi,3,Low-volume neighborhood venues
https://www.zomato.com/pune/breadcraft-koregaon-park,3,Low-volume neighborhood venues
https://www.zomato.com/pune/a1-misal-bhosari,3,Low-volume neighborhood venues
https://www.zomato.com/pune/annapurna-warje,1,Polarizing experiences
https://www.zomato.com/pune/vrindavan-veg-viman-nagar,1,Polarizing experiences
https://www.zomato.com/pune/the-hyderabadi-lazeez-katraj,1,Polarizing experiences
https://www.zomato.com/pune/budget-bites-1-baner,3,Low-volume neighborhood venues
https://www.zomato.com/pune/gifts-n-cakes-pimple-saudagar,3,Low-volume neighborhood venues
https://www.zomato.com/pune/shaukeen-paan-shop-bavdhan,3,Low-volume neighborhood venues
https://www.zomato.com/pune/the-elite-cafe-bavdhan,3,Low-volume neighborhood venues
https://www.zomato.com/pune/shivneri-misal-lohegaon,1,Polarizing experiences
https://www.zomato.com/pune/kitchen-diary-1-wakad,3,Low-volume neighborhood venues
https://www.zomato.com/pune/avs-biryani-karve-nagar,3,Low-volume neighborhood venues
https://www.zomato.com/pune/nutri-world-viman-nagar,3,Low-volume neighborhood venues
https://www.zomato.com/pune/cafe-lollys-kitchen-bavdhan,3,Low-volume neighborhood venues
https://www.zomato.com/pune/chala-hawa-yeu-dya-refreshment-cafe-with-soda-karve-nagar,3,Low-volume neighborhood venues
https://www.zomato.com/pune/royal-chinese-center-wagholi,1,Polarizing experiences
https://www.zomato.com/pune/sambar-house-wakad,3,Low-volume neighborhood venues
https://www.zomato.com/pune/zishan-caterers-chandan-nagar,3,Low-volume neighborhood venues
https://www.zomato.com/pune/swarajya-biryani-house-hinjawadi,0,Premium dining
https://www.zomato.com/pune/bismillah-restaurant-sadashiv-peth,1,Polarizing experiences
https://www.zomato.com/pune/shreeji-icecream-sinhgad-road,1,Polarizing experiences
https://www.zomato.com/pune/the-big-belly-cafe-nibm-road,3,Low-volume neighborhood venues
https://www.zomato.com/pune/kairee-restaurant-baner,3,Low-volume neighborhood venues
https://www.zomato.com/pune/savlahari-pot-ice-cream-mastani-wakad,3,Low-volume neighborhood venues
https://www.zomato.com/pune/z-s-bakers-cafe-koregaon-park,1,Polarizing experiences
https://www.zomato.com/pune/cafe-creme-ravet,1,Polarizing experiences
https://www.zomato.com/pune/peshwai-food-beverages-shaniwar-peth,3,Low-volume neighborhood venues
https://www.zomato.com/pune/radhe-snacks-center-khadakwasla,3,Low-volume neighborhood venues
https://www.zomato.com/pune/burrraah-and-sns-viman-nagar,3,Low-volume neighborhood venues
https://www.zomato.com/pune/100-rupis-com-burgers-more-wakad,3,Low-volume neighborhood venues
https://www.zomato.com/pune/royal-darbar-cafe-family-restaurant-1-sinhgad-road,3,Low-volume neighborhood venues
https://www.zomato.com/pune/the-majestic-biryani-house-katraj,3,Low-volume neighborhood venues
https://www.zomato.com/pune/royal-darbar-cafe-family-restaurant-sinhgad-road,3,Low-volume neighborhood venues
https://www.zomato.com/pune/hotel-prachi-narhe,1,Polarizing experiences
https://www.zomato.com/pune/cafe-m-cube-wakad,3,Low-volume neighborhood venues
https://www.zomato.com/pune/cafe-soosha-aundh,3,Low-volume neighborhood venues
https://www.zomato.com/pune/the-brew-house-cafe-viman-nagar,3,Low-volume neighborhood venues
https://www.zomato.com/pune/shreyash-rolls-1-wakad,3,Low-volume neighborhood venues
https://www.zomato.com/pune/satyam-biryani-house-chinese-khadki,3,Low-volume neighborhood venues
https://www.zomato.com/pune/vighnaharta-restaurant-nibm-road,1,Polarizing experiences
https://www.zomato.com/pune/marvel-chinese-fast-food-viman-nagar,3,Low-volume neighborhood venues
https://www.zomato.com/pune/omsai-hotel-cafe-pimpri,1,Polarizing experiences
https://www.zomato.com/pune/the-secret-grill-magarpatta,3,Low-volume neighborhood venues
https://www.zomato.com/pune/hotel-santosh-1-wagholi,3,Low-volume neighborhood venues
https://www.zomato.com/pune/spice-tray-chandan-nagar,3,Low-volume neighborhood venues
https://www.zomato.com/pune/blenders-delight-pimple-saudagar,3,Low-volume neighborhood venues
https://www.zomato.com/pune/baner-katta-baner,1,Polarizing experiences
https://www.zomato.com/pune/tasty-re-the-dhaba-1-kharadi,3,Low-volume neighborhood venues
https://www.zomato.com/pune/kings-memories-kothrud,3,Low-volume neighborhood venues
https://www.zomato.com/pune/delicious-hyderabad-baner,3,Low-volume neighborhood venues
https://www.zomato.com/pune/red-light-restaurant-mundhwa,3,Low-volume neighborhood venues
https://www.zomato.com/pune/pathan-laziz-biryani-house-1-kothrud,1,Polarizing experiences
https://www.zomato.com/pune/cafe-holy-shot-kalyani-nagar,3,Low-volume neighborhood venues
https://www.zomato.com/pune/zende-misal-pimple-gurav,3,Low-volume neighborhood venues
https://www.zomato.com/pune/reddys-food-villa-katraj,3,Low-volume neighborhood venues
https://www.zomato.com/pune/kwik-noodles-viman-nagar,3,Low-volume neighborhood venues
https://www.zomato.com/pune/biryanees-flavour-kothrud,3,Low-volume neighborhood venues
https://www.zomato.com/pune/fire-wheels-hinjawadi,3,Low-volume neighborhood venues
https://www.zomato.com/pune/reminisce-cafe-ravet,1,Polarizing experiences
https://www.zomato.com/pune/dakshin-kharadi,3,Low-volume neighborhood venues
https://www.zomato.com/pune/page-3-mundhwa,3,Low-volume neighborhood venues
https://www.zomato.com/pune/hotel-aswad-khanawal-hadapsar,1,Polarizing experiences
https://www.zomato.com/pune/cafe-shawarma-express-nigdi,3,Low-volume neighborhood venues
https://www.zomato.com/pune/aromas-biryani-house-sinhgad-road,1,Polarizing experiences
https://www.zomato.com/pune/a1-chapati-centre-karve-nagar,3,Low-volume neighborhood venues
https://www.zomato.com/pune/gamearth-cafe-katraj,3,Low-volume neighborhood venues
https://www.zomato.com/pune/csp-kitchen-fatima-nagar,3,Low-volume neighborhood venues
https://www.zomato.com/pune/fish-cornerr-sinhgad-road,3,Low-volume neighborhood venues
https://www.zomato.com/pune/s-r-biryani-hinjawadi,1,Polarizing experiences
https://www.zomato.com/pune/avs-pizza-sinhgad-road,1,Polarizing experiences
https://www.zomato.com/pune/fudsk-kothrud,3,Low-volume neighborhood venues
https://www.zomato.com/pune/sector-13-viman-nagar,3,Low-volume neighborhood venues
https://www.zomato.com/pune/fast-and-curryous-aundh,3,Low-volume neighborhood venues
https://www.zomato.com/pune/the-hunger-point-1-katraj,3,Low-volume neighborhood venues
https://www.zomato.com/pune/zaheer-khans-hospitality-wadgaon-sheri,3,Low-volume neighborhood venues
https://www.zomato.com/pune/kukoos-soaji-balewadi,3,Low-volume neighborhood venues
https://www.zomato.com/pune/hameez-biryani-bavdhan,3,Low-volume neighborhood venues
https://www.zomato.com/pune/13-khalsa-mundhwa,3,Low-volume neighborhood venues
https://www.zomato.com/pune/royal-restaurant-shivane,3,Low-volume neighborhood venues
https://www.zomato.com/pune/salad-garden-pimple-nilakh,1,Polarizing experiences
https://www.zomato.com/pune/food-adda-kharadi,3,Low-volume neighborhood venues
https://www.zomato.com/pune/rajdhani-caterers-sinhgad-road,1,Polarizing experiences
https://www.zomato.com/pune/adits-restaurant-wanowrie,3,Low-volume neighborhood venues
https://www.zomato.com/pune/indi-spice-pimple-nilakh,3,Low-volume neighborhood venues
https://www.zomato.com/pune/shreeram-paratha-1-erandwane,3,Low-volume neighborhood venues
https://www.zomato.com/pune/s-p-wadewale-premacha-chaha-sinhgad-road,3,Low-volume neighborhood venues
https://www.zomato.com/pune/hotel-motiram-bar-and-restaurant-lonavala,3,Low-volume neighborhood venues
https://www.zomato.com/pune/otw-on-the-way-aundh,3,Low-volume neighborhood venues
https://www.zomato.com/pune/the-london-shakes-pizza-da-dhaba-cafe-bibvewadi,1,Polarizing experiences
https://www.zomato.com/pune/dawat-e-khas-biryani-more-senapati-bapat-road,3,Low-volume neighborhood venues
https://www.zomato.com/pune/rama-restaurant-sinhgad-road,3,Low-volume neighborhood venues
https://www.zomato.com/pune/the-parcel-hut-katraj,3,Low-volume neighborhood venues
https://www.zomato.com/le-bustaurant-double-decker-ca,3,Low-volume neighborhood venues
https://www.zomato.com/pune/bengaluru-tiffins-bavdhan,1,Polarizing experiences
https://www.zomato.com/pune/hotel-tuljai-narhe,3,Low-volume neighborhood venues
https://www.zomato.com/pune/cafe-2-point-1-katraj,3,Low-volume neighborhood venues
https://www.zomato.com/pune/anjani-veg-non-veg-1-shivane,3,Low-volume neighborhood venues
https://www.zomato.com/pune/bellagreen-pure-veg-kitchen-and-bar-lonavala,3,Low-volume neighborhood venues
https://www.zomato.com/pune/the-republic-cafe-1-lonavala,3,Low-volume neighborhood venues
https://www.zomato.com/pune/lajawaab-biryani-akurdi,3,Low-volume neighborhood venues
https://www.zomato.com/pune/hotel-shiv-malhar-narhe,1,Polarizing experiences
https://www.zomato.com/pune/chattor-wanowrie,3,Low-volume neighborhood venues
https://www.zomato.com/pune/moms-magic-chinchwad,3,Low-volume neighborhood venues
https://www.zomato.com/pune/food-petroleum-law-college-road,0,Premium dining
https://www.zomato.com/pune/ashtavinayak-parathas-pimple-saudagar,3,Low-volume neighborhood venues
https://www.zomato.com/pune/pirates-shack-baner,3,Low-volume neighborhood venues
https://www.zomato.com/pune/santosh-fish-house-veg-non-veg-wadgaon-sheri,3,Low-volume neighborhood venues
https://www.zomato.com/pune/a1-katta-narhe,3,Low-volume neighborhood venues
https://www.zomato.com/pune/shree-samartha-hotel-erandwane,3,Low-volume neighborhood venues
https://www.zomato.com/pune/otto-italian-kitchen-koregaon-park,3,Low-volume neighborhood venues
https://www.zomato.com/pune/amit-foods-hinjawadi,1,Polarizing experiences
https://www.zomato.com/pune/rolls-raja-wagholi,3,Low-volume neighborhood venues
https://www.zomato.com/pune/am-to-pm-delivery-kitchen-1-pimple-saudagar,3,Low-volume neighborhood venues
https://www.zomato.com/pune/maharashtra-caterers-akurdi,3,Low-volume neighborhood venues
https://www.zomato.com/pune/hotel-tara-1-karve-nagar,1,Polarizing experiences
https://www.zomato.com/pune/fishlands-fine-dine-1-pimple-gurav,3,Low-volume neighborhood venues
https://www.zomato.com/pune/the-tandoor-bibvewadi,3,Low-volume neighborhood venues
https://www.zomato.com/pune/shidori-veg-non-veg-shivaji-nagar,3,Low-volume neighborhood venues
https://www.zomato.com/pune/chavni-veg-non-veg-restaurant-wadgaon-sheri,1,Polarizing experiences
https://www.zomato.com/pune/hind-afgan-viman-nagar,3,Low-volume neighborhood venues
https://www.zomato.com/pune/engineers-fastfood-and-chinese-center-kalyani-nagar,3,Low-volume neighborhood venues
https://www.zomato.com/pune/punyacha-dabewala-kothrud,3,Low-volume neighborhood venues
https://www.zomato.com/pune/the-litti-hut-pimple-saudagar,3,Low-volume neighborhood venues
https://www.zomato.com/pune/desi-bawarchi-wadgaon-sheri,3,Low-volume neighborhood venues
https://www.zomato.com/pune/tandoor-singh-hinjawadi,3,Low-volume neighborhood venues
https://www.zomato.com/pune/the-eat-baner,3,Low-volume neighborhood venues
https://www.zomato.com/pune/sanskruti-snacks-kothrud,3,Low-volume neighborhood venues
https://www.zomato.com/pune/alans-cafe-mundhwa,3,Low-volume neighborhood venues
https://www.zomato.com/pune/taste-of-nawab-hinjawadi,3,Low-volume neighborhood venues
https://www.zomato.com/pune/pokket-cafe-shubham-foods-wakad,3,Low-volume neighborhood venues
https://www.zomato.com/pune/pistachio-café-more-nibm-road,3,Low-volume neighborhood venues
https://www.zomato.com/pune/t-se-tandoor-katraj,1,Polarizing experiences
https://www.zomato.com/pune/lucknawi-caterers-and-hotel-viman-nagar,3,Low-volume neighborhood venues
https://www.zomato.com/pune/varhadi-handi-mini-restaurant-wakad,3,Low-volume neighborhood venues
https://www.zomato.com/pune/sai-shiv-paratha-studio-katraj,3,Low-volume neighborhood venues
https://www.zomato.com/pune/purple-kitchen-restaurant-wadgaon-sheri,3,Low-volume neighborhood venues
https://www.zomato.com/pune/daawat-e-delhi-hinjawadi,3,Low-volume neighborhood venues
https://www.zomato.com/pune/cafe-90-degrees-senapati-bapat-road,3,Low-volume neighborhood venues
https://www.zomato.com/pune/essenzeit-kharadi,0,Premium dining
https://www.zomato.com/pune/al-madina-restaurant-baner,3,Low-volume neighborhood venues
https://www.zomato.com/pune/the-good-food-inc-khadki,3,Low-volume neighborhood venues
https://www.zomato.com/pune/stardust-cafe-narhe,3,Low-volume neighborhood venues
https://www.zomato.com/pune/padmavathi-south-indian-tiffins-wadgaon-sheri,3,Low-volume neighborhood venues
https://www.zomato.com/pune/brothers-special-chicken-tikka-wakad,3,Low-volume neighborhood venues
https://www.zomato.com/pune/kritg-kothrud,3,Low-volume neighborhood venues
https://www.zomato.com/pune/shrusti-tiffin-services-wakad,1,Polarizing experiences
https://www.zomato.com/pune/happy-da-kitchen-aundh,3,Low-volume neighborhood venues
https://www.zomato.com/pune/slurpy-shakes-kharadi,3,Low-volume neighborhood venues
https://www.zomato.com/pune/chinese-home-restaurant-hinjawadi,1,Polarizing experiences
https://www.zomato.com/pune/cafe-al-noor-kondhwa,3,Low-volume neighborhood venues
https://www.zomato.com/pune/shahi-rasoi-ravet,3,Low-volume neighborhood venues
https://www.zomato.com/pune/london-twist-3-kondhwa,3,Low-volume neighborhood venues
https://www.zomato.com/pune/nasta-junction-kharadi,3,Low-volume neighborhood venues
https://www.zomato.com/pune/khushi-curries-and-biryani-wakad,3,Low-volume neighborhood venues
https://www.zomato.com/pune/hotel-varhadshahi-karve-nagar,3,Low-volume neighborhood venues
https://www.zomato.com/pune/frankie-point-sinhgad-road,3,Low-volume neighborhood venues
https://www.zomato.com/pune/shree-bhel-warje,3,Low-volume neighborhood venues
https://www.zomato.com/pune/northfeast-restaurant-viman-nagar,3,Low-volume neighborhood venues
https://www.zomato.com/pune/nutrivore-chinchwad,3,Low-volume neighborhood venues
https://www.zomato.com/pune/bhai-bhai-the-food-juction-hadapsar,3,Low-volume neighborhood venues
https://www.zomato.com/pune/savis-kitchen-katraj,3,Low-volume neighborhood venues
https://www.zomato.com/pune/apni-indian-rasoi-mundhwa,3,Low-volume neighborhood venues
https://www.zomato.com/pune/shreesha-fast-food-kothrud,1,Polarizing experiences
https://www.zomato.com/pune/cafe-studio-bibvewadi,1,Polarizing experiences
https://www.zomato.com/pune/mums-cafe-viman-nagar,3,Low-volume neighborhood venues
https://www.zomato.com/pune/food-king-kharadi,3,Low-volume neighborhood venues
https://www.zomato.com/pune/aaryans-kitchen-wanowrie,3,Low-volume neighborhood venues
https://www.zomato.com/pune/tastebuds-pizza-hadapsar,3,Low-volume neighborhood venues
https://www.zomato.com/pune/hotel-aditi-1-hinjawadi,3,Low-volume neighborhood venues
https://www.zomato.com/pune/food-rich-cafe-nibm-road,3,Low-volume neighborhood venues
https://www.zomato.com/pune/pub-g-house-dhankawadi,3,Low-volume neighborhood venues
https://www.zomato.com/pune/sv-dum-briyani-sadashiv-peth,1,Polarizing experiences
https://www.zomato.com/pune/char-grill-pimpri,3,Low-volume neighborhood venues
https://www.zomato.com/pune/hotel-dakshin-pimpri,3,Low-volume neighborhood venues
https://www.zomato.com/pune/foodholic-cafe-1-budhwar-peth,3,Low-volume neighborhood venues
https://www.zomato.com/pune/pck-hotel-sinhgad-road,3,Low-volume neighborhood venues
https://www.zomato.com/pune/hotel-sanskruti-shivane,1,Polarizing experiences
https://www.zomato.com/pune/om-sai-biryani-house-sadashiv-peth,3,Low-volume neighborhood venues
https://www.zomato.com/pune/vyanjan-1-kharadi,3,Low-volume neighborhood venues
https://www.zomato.com/pune/rad-cafe-bistro-dhole-patil-road,3,Low-volume neighborhood venues
https://www.zomato.com/pune/new-punjabi-rasoi-hadapsar,3,Low-volume neighborhood venues
https://www.zomato.com/pune/the-homechef-cafe-kothrud,3,Low-volume neighborhood venues
https://www.zomato.com/pune/the-chinese-corner-sinhgad-road,1,Polarizing experiences
https://www.zomato.com/pune/smooches-viman-nagar,1,Polarizing experiences
https://www.zomato.com/pune/authentic-shakes-kothrud,3,Low-volume neighborhood venues
https://www.zomato.com/pune/sunrise-super-restaurant-hinjawadi,1,Polarizing experiences
https://www.zomato.com/pune/meethi-baatein-koregaon-park,3,Low-volume neighborhood venues
https://www.zomato.com/pune/dessi-cuppa-katraj,3,Low-volume neighborhood venues
https://www.zomato.com/pune/mauli-a-house-of-paratha-hadapsar,3,Low-volume neighborhood venues
https://www.zomato.com/pune/mount-momos-kharadi,3,Low-volume neighborhood venues
https://www.zomato.com/pune/spices-and-chillies-shivaji-nagar,3,Low-volume neighborhood venues
https://www.zomato.com/pune/salt-and-pepper-pimpri,3,Low-volume neighborhood venues
https://www.zomato.com/pune/sanjha-chulha-katraj,1,Polarizing experiences
https://www.zomato.com/pune/gokuls-recipe-balewadi,1,Polarizing experiences
https://www.zomato.com/pune/aundh-katta-1-aundh,1,Polarizing experiences
https://www.zomato.com/pune/the-health-password-aundh,3,Low-volume neighborhood venues
https://www.zomato.com/pune/pappe-da-paratha-viman-nagar,3,Low-volume neighborhood venues
https://www.zomato.com/pune/hyderabadi-cook-biryani-house-kharadi,1,Polarizing experiences
https://www.zomato.com/pune/hello-point-nibm-road,3,Low-volume neighborhood venues
https://www.zomato.com/pune/little-tiny-bakes-kondhwa,3,Low-volume neighborhood venues
https://www.zomato.com/pune/annapurna-uphar-gruha-kharadi,3,Low-volume neighborhood venues
https://www.zomato.com/pune/urban-curries-baner,3,Low-volume neighborhood venues
https://www.zomato.com/pune/bindaas-bawarchi-wakad,3,Low-volume neighborhood venues
https://www.zomato.com/pune/big-burgers-and-sandwiches-kharadi,3,Low-volume neighborhood venues
https://www.zomato.com/pune/viris-chinese-food-house-pimple-saudagar,1,Polarizing experiences
https://www.zomato.com/pune/burger-sports-cafe-kothrud,3,Low-volume neighborhood venues
https://www.zomato.com/pune/bagulanchi-biryani-chinchwad,3,Low-volume neighborhood venues
https://www.zomato.com/pune/da-white-mustache-hinjawadi,3,Low-volume neighborhood venues
https://www.zomato.com/pune/hotel-rushi-sadashiv-peth,3,Low-volume neighborhood venues
https://www.zomato.com/pune/con-fusion-aundh,3,Low-volume neighborhood venues
https://www.zomato.com/pune/is-kitchen-kharadi,3,Low-volume neighborhood venues
https://www.zomato.com/pune/bhukkad-cafe-kharadi,3,Low-volume neighborhood venues
https://www.zomato.com/pune/taaj-biryanis-katraj,3,Low-volume neighborhood venues
https://www.zomato.com/pune/kwality-chinese-1-lonavala,3,Low-volume neighborhood venues
https://www.zomato.com/pune/shivams-reddy-hyderabadi-biryani-and-tandoor-house-pimpri,3,Low-volume neighborhood venues
https://www.zomato.com/pune/bhavi-hotel-restaurant-hinjawadi,3,Low-volume neighborhood venues
https://www.zomato.com/pune/ajinkya-executive-wakad,3,Low-volume neighborhood venues
https://www.zomato.com/pune/surabhi-pure-veg-family-restaurant-vishrantwadi,3,Low-volume neighborhood venues
https://www.zomato.com/pune/weirdos-burger-cafe-viman-nagar,3,Low-volume neighborhood venues
https://www.zomato.com/pune/royal-rudra-wakad,1,Polarizing experiences
https://www.zomato.com/pune/neels-kitchen-aundh,1,Polarizing experiences
https://www.zomato.com/pune/geeta-dining-hall-pimple-saudagar,3,Low-volume neighborhood venues
https://www.zomato.com/pune/hari-narayan-nasta-house-akurdi,3,Low-volume neighborhood venues
https://www.zomato.com/pune/cafe-java-wakad,3,Low-volume neighborhood venues
https://www.zomato.com/rest-in-cheese,1,Polarizing experiences
https://www.zomato.com/pune/no-1-biryani-house-pimple-saudagar,1,Polarizing experiences
https://www.zomato.com/pune/vrindavan-ice-cream-and-kulfi-parlour-dhankawadi,3,Low-volume neighborhood venues
https://www.zomato.com/pune/the-monk-chinese-nigdi,1,Polarizing experiences
https://www.zomato.com/pune/cara-barbecue-biryani-magarpatta,1,Polarizing experiences
https://www.zomato.com/pune/hotel-vishakha-wakad,1,Polarizing experiences
https://www.zomato.com/pune/punjabi-chillies-balewadi,3,Low-volume neighborhood venues
https://www.zomato.com/pune/jalsa-family-garden-restaurant-kothrud,3,Low-volume neighborhood venues
https://www.zomato.com/pune/spine-woods-bhosari,3,Low-volume neighborhood venues
https://www.zomato.com/pune/cafe-creamy-nuts-1-narhe,3,Low-volume neighborhood venues
https://www.zomato.com/pune/jijae-lunch-home-kothrud,1,Polarizing experiences
https://www.zomato.com/pune/oms-snacks-and-fast-food-magarpatta,1,Polarizing experiences
https://www.zomato.com/pune/hotel-chetan-executive-hadapsar,3,Low-volume neighborhood venues
https://www.zomato.com/pune/not-just-cakes-camp-area,1,Polarizing experiences
https://www.zomato.com/pune/sai-hotel-1-viman-nagar,1,Polarizing experiences
https://www.zomato.com/pune/chakhna-xpress-pimple-nilakh,1,Polarizing experiences
https://www.zomato.com/pune/cafe-cozy-cups-aundh,3,Low-volume neighborhood venues
https://www.zomato.com/pune/vburgs-kharadi,3,Low-volume neighborhood venues
https://www.zomato.com/pune/wild-food-koregaon-park,1,Polarizing experiences
https://www.zomato.com/pune/sweet-treat-pashan,1,Polarizing experiences
https://www.zomato.com/pune/royce-chocolate-viman-nagar,3,Low-volume neighborhood venues
https://www.zomato.com/pune/frost-stone-creamery-1-baner,3,Low-volume neighborhood venues
https://www.zomato.com/pune/awadhi-knight-kothrud,3,Low-volume neighborhood venues
https://www.zomato.com/pune/kitchen-to-plate-sinhgad-road,3,Low-volume neighborhood venues
https://www.zomato.com/pune/chatak-misal-house-nigdi,1,Polarizing experiences
https://www.zomato.com/pune/shahi-darbar-family-restaurant-hadapsar,3,Low-volume neighborhood venues
https://www.zomato.com/pune/leela-kothrud,3,Low-volume neighborhood venues
https://www.zomato.com/hungry-munchies-food-truck,3,Low-volume neighborhood venues
https://www.zomato.com/pune/the-cafe-irani-stall-yerawada,1,Polarizing experiences
https://www.zomato.com/pune/cave-fire-pizza-pimple-saudagar,0,Premium dining
https://www.zomato.com/pune/shakes-and-cream-kalyani-nagar,1,Polarizing experiences
https://www.zomato.com/pune/kitchen-kalinga-hinjawadi,1,Polarizing experiences
https://www.zomato.com/pune/dine-tasty-kharadi,1,Polarizing experiences
https://www.zomato.com/pune/sanskruti-sinhgad-road,3,Low-volume neighborhood venues
https://www.zomato.com/pune/new-chinese-point-baner,1,Polarizing experiences
https://www.zomato.com/pune/kafeneio-erandwane,3,Low-volume neighborhood venues
https://www.zomato.com/pune/hotel-jay-ambe-family-restaurant-sinhgad-road,3,Low-volume neighborhood venues
https://www.zomato.com/pune/shawkings-hadapsar,3,Low-volume neighborhood venues
https://www.zomato.com/pune/hotel-surya-veg-non-veg-family-restaurant-dhankawadi,3,Low-volume neighborhood venues
https://www.zomato.com/pune/shree-ganesh-bhel-2-ravet,3,Low-volume neighborhood venues
https://www.zomato.com/pune/the-red-counter-pimple-gurav,3,Low-volume neighborhood venues
https://www.zomato.com/pune/lotus-court-garden-restaurant-bavdhan,3,Low-volume neighborhood venues
https://www.zomato.com/pune/desi-hunger-narhe,3,Low-volume neighborhood venues
https://www.zomato.com/pune/the-food-joint-sinhgad-road,3,Low-volume neighborhood venues
https://www.zomato.com/pune/geetika-cakes-hadapsar,3,Low-volume neighborhood venues
https://www.zomato.com/pune/chaudhari-dhaba-hinjawadi,1,Polarizing experiences
https://www.zomato.com/pune/chakh-lo-kharadi,3,Low-volume neighborhood venues
https://www.zomato.com/pune/rudra-foods-1-magarpatta,3,Low-volume neighborhood venues
https://www.zomato.com/pune/food-junction-koregaon-park,1,Polarizing experiences
https://www.zomato.com/pune/zomoz-yerawada,1,Polarizing experiences
https://www.zomato.com/pune/food-365-sinhgad-road,3,Low-volume neighborhood venues
https://www.zomato.com/pune/v-p-biryani-kothrud,3,Low-volume neighborhood venues
https://www.zomato.com/pune/mint-restaurant-sinhgad-road,1,Polarizing experiences
https://www.zomato.com/pune/food-gossips-kharadi,3,Low-volume neighborhood venues
https://www.zomato.com/pune/matchbox-by-nomad-food-project-bavdhan,3,Low-volume neighborhood venues
https://www.zomato.com/pune/hotel-sargam-yerawada,3,Low-volume neighborhood venues
https://www.zomato.com/pune/malabarasoi-1-viman-nagar,3,Low-volume neighborhood venues
https://www.zomato.com/pune/cafe-vamos-kharadi,3,Low-volume neighborhood venues
https://www.zomato.com/pune/mashal-veg-non-veg-sinhgad-road,3,Low-volume neighborhood venues
https://www.zomato.com/pune/comfort-food-cafe-khandala,3,Low-volume neighborhood venues
https://www.zomato.com/pune/spicy-biryani-rolls-viman-nagar,0,Premium dining
https://www.zomato.com/pune/garden-inn-sinhgad-road,3,Low-volume neighborhood venues
https://www.zomato.com/pune/hotel-kanchan-1-wagholi,1,Polarizing experiences
https://www.zomato.com/pune/sandwich-day-wadgaon-sheri,3,Low-volume neighborhood venues
https://www.zomato.com/pune/flavours-on-stone-hinjawadi,3,Low-volume neighborhood venues
https://www.zomato.com/pune/hotel-jai-bhawani-wagholi,1,Polarizing experiences
https://www.zomato.com/pune/jmd-fast-food-viman-nagar,3,Low-volume neighborhood venues
https://www.zomato.com/pune/fat-boy-viman-nagar,1,Polarizing experiences
https://www.zomato.com/pune/tt-mm-cafe-senapati-bapat-road,3,Low-volume neighborhood venues
https://www.zomato.com/pune/dhawade-vadewale-warje,3,Low-volume neighborhood venues
https://www.zomato.com/pune/shiv-ratna-restaurant-kharadi,1,Polarizing experiences
https://www.zomato.com/pune/lakshmi-bhojnalay-narhe,3,Low-volume neighborhood venues
https://www.zomato.com/pune/kolkata-nashta-house-pimple-saudagar,3,Low-volume neighborhood venues
https://www.zomato.com/pune/hotel-new-sangam-wagholi,3,Low-volume neighborhood venues
https://www.zomato.com/pune/foods@99-in-nibm-road,0,Premium dining
https://www.zomato.com/pune/fat-ufo-camp-area,1,Polarizing experiences
https://www.zomato.com/pune/devas-food-corner-wagholi,1,Polarizing experiences
https://www.zomato.com/pune/daily-dose-cafe-hadapsar,3,Low-volume neighborhood venues
https://www.zomato.com/pune/indian-zing-baner,3,Low-volume neighborhood venues
https://www.zomato.com/pune/hotel-malhar-kothrud,3,Low-volume neighborhood venues
https://www.zomato.com/pune/nihals-insta-food-sus,3,Low-volume neighborhood venues
https://www.zomato.com/pune/ashwinis-biryani-kothrud,3,Low-volume neighborhood venues
https://www.zomato.com/pune/food-house-hadapsar,1,Polarizing experiences
https://www.zomato.com/pune/sai-sandwich-magarpatta,1,Polarizing experiences
https://www.zomato.com/pune/the-paratha-house-aundh,1,Polarizing experiences
https://www.zomato.com/pune/cafe-eatitude-balewadi,3,Low-volume neighborhood venues
https://www.zomato.com/pune/real-spice-baner,1,Polarizing experiences
https://www.zomato.com/pune/m-the-food-drinks-lab-nibm-road,1,Polarizing experiences
https://www.zomato.com/pune/snacks-point-pimpri,3,Low-volume neighborhood venues
https://www.zomato.com/pune/rock-roll-karve-nagar,3,Low-volume neighborhood venues
https://www.zomato.com/pune/fried-fingers-nigdi,3,Low-volume neighborhood venues
https://www.zomato.com/pune/akash-pavbhaji-kothrud,3,Low-volume neighborhood venues
https://www.zomato.com/pune/red-chilly-family-chinese-wagholi,1,Polarizing experiences
https://www.zomato.com/pune/unique-addas-roll-house-1-sinhgad-road,3,Low-volume neighborhood venues
https://www.zomato.com/pune/kebabsterr-1-pimple-saudagar,3,Low-volume neighborhood venues
https://www.zomato.com/pune/tibbs-frankie-3-viman-nagar,1,Polarizing experiences
https://www.zomato.com/pune/red-chillies-chinese-bhugaon,3,Low-volume neighborhood venues
https://www.zomato.com/pune/kiran-restaurant-pimple-gurav,3,Low-volume neighborhood venues
https://www.zomato.com/pune/bharat-cafe-1-dehu-road,3,Low-volume neighborhood venues
https://www.zomato.com/pune/dimitri-cafe-and-delivery-hinjawadi,3,Low-volume neighborhood venues
https://www.zomato.com/pune/silver-palms-family-restaurant-chinchwad,1,Polarizing experiences
https://www.zomato.com/pune/chefs-selection-katraj,0,Premium dining
https://www.zomato.com/pune/madhura-bhel-pimple-gurav,1,Polarizing experiences
https://www.zomato.com/pune/s-kumar-wadewale-kondhwa,1,Polarizing experiences
https://www.zomato.com/pune/ameya-snacks-centre-wakad,3,Low-volume neighborhood venues
https://www.zomato.com/pune/hotel-samadhan-karve-nagar,1,Polarizing experiences
https://www.zomato.com/pune/khao-piyo-khisko-1-nibm-road,1,Polarizing experiences
https://www.zomato.com/pune/springsprouts-karve-nagar,3,Low-volume neighborhood venues
https://www.zomato.com/pune/hi-lemon-karve-nagar,3,Low-volume neighborhood venues
https://www.zomato.com/pune/rudra-cold-coffee-sinhgad-road,3,Low-volume neighborhood venues
https://www.zomato.com/pune/crush-cafe-snacks-dhanori,1,Polarizing experiences
https://www.zomato.com/pune/harini-tiffin-center-htc-bavdhan,3,Low-volume neighborhood venues
https://www.zomato.com/pune/meals-junction-balewadi,1,Polarizing experiences
https://www.zomato.com/pune/vendant-restaurant-jai-malhar-macchi-house-hadapsar,3,Low-volume neighborhood venues
https://www.zomato.com/pune/cafe-shahi-nibm-road,3,Low-volume neighborhood venues
https://www.zomato.com/pune/shree-radhakrushna-pure-veg-family-restaurant-pimple-saudagar,3,Low-volume neighborhood venues
https://www.zomato.com/pune/baker-street-lohegaon,3,Low-volume neighborhood venues
https://www.zomato.com/pune/shiv-snacks-center-karve-nagar,1,Polarizing experiences
https://www.zomato.com/pune/the-chinese-house-wakad,1,Polarizing experiences
https://www.zomato.com/pune/nonnas-patisserie-viman-nagar,3,Low-volume neighborhood venues
https://www.zomato.com/pune/daawat-fun-food-shivaji-nagar,1,Polarizing experiences
https://www.zomato.com/pune/2-states-baner,3,Low-volume neighborhood venues
https://www.zomato.com/pune/al-azka-biryani-wagholi,1,Polarizing experiences
https://www.zomato.com/pune/the-milkshakes-1-koregaon-park,1,Polarizing experiences
https://www.zomato.com/pune/shikajis-dum-biryani-house-karve-nagar,1,Polarizing experiences
https://www.zomato.com/pune/vijayraj-restaurant-bar-budhwar-peth,3,Low-volume neighborhood venues
https://www.zomato.com/pune/the-biryani-pot-1-baner,1,Polarizing experiences
https://www.zomato.com/pune/delight-point-pimple-saudagar,3,Low-volume neighborhood venues
https://www.zomato.com/pune/maharaja-bhel-chinchwad,3,Low-volume neighborhood venues
https://www.zomato.com/pune/paneer-king-wakad,1,Polarizing experiences
https://www.zomato.com/pune/hariom-veg-non-veg-sinhgad-road,3,Low-volume neighborhood venues
https://www.zomato.com/pune/avidforkk-erandwane,3,Low-volume neighborhood venues
https://www.zomato.com/pune/the-royal-cafe-fast-food-arizona-shivaji-nagar,1,Polarizing experiences
https://www.zomato.com/pune/amrita-chaat-house-wanowrie,3,Low-volume neighborhood venues
https://www.zomato.com/pune/urban-eats-1-pimple-saudagar,0,Premium dining
https://www.zomato.com/pune/om-paratha-house-pimpri,1,Polarizing experiences
https://www.zomato.com/pune/foodiction-chinchwad,1,Polarizing experiences
https://www.zomato.com/pune/vikas-paratha-center-wakad,3,Low-volume neighborhood venues
https://www.zomato.com/pune/hotel-nisarg-family-restaurant-wagholi,1,Polarizing experiences
https://www.zomato.com/pune/kabab-e-que-wakad,3,Low-volume neighborhood venues
https://www.zomato.com/pune/yok-china-bavdhan,1,Polarizing experiences
https://www.zomato.com/pune/liberty-pizza-n-cafe-chinchwad,3,Low-volume neighborhood venues
https://www.zomato.com/pune/traditional-biryani-house-magarpatta,3,Low-volume neighborhood venues
https://www.zomato.com/pune/delight-restaurant-cafe-ravet,3,Low-volume neighborhood venues
https://www.zomato.com/pune/flavours-pimple-saudagar,0,Premium dining
https://www.zomato.com/pune/khana-khazana-wadgaon-sheri,1,Polarizing experiences
https://www.zomato.com/pune/3-14-hand-rolled-traditional-pizzas-baner,1,Polarizing experiences
https://www.zomato.com/pune/yummy-bites-hadapsar,3,Low-volume neighborhood venues
https://www.zomato.com/pune/royal-maratha-1-wadgaon-sheri,3,Low-volume neighborhood venues
https://www.zomato.com/pune/punjabi-spice-kalyani-nagar,3,Low-volume neighborhood venues
https://www.zomato.com/pune/bia-blasta-sinhgad-road,3,Low-volume neighborhood venues
https://www.zomato.com/pune/rohans-kitchen-wakad,1,Polarizing experiences
https://www.zomato.com/pune/yummmy-kathi-rolls-mundhwa,3,Low-volume neighborhood venues
https://www.zomato.com/pune/me-so-hungry-pimple-saudagar,3,Low-volume neighborhood venues
https://www.zomato.com/pune/indi-tadka-viman-nagar,1,Polarizing experiences
https://www.zomato.com/pune/cafe-central-1-sinhgad-road,3,Low-volume neighborhood venues
https://www.zomato.com/pune/punjab-da-swag-bavdhan,1,Polarizing experiences
https://www.zomato.com/pune/amritsari-junction-viman-nagar,1,Polarizing experiences
https://www.zomato.com/pune/aswad-katta-1-hinjawadi,3,Low-volume neighborhood venues
https://www.zomato.com/pune/chaila-tandoor-chai-bavdhan,3,Low-volume neighborhood venues
https://www.zomato.com/pune/new-puneri-katta-hadapsar,3,Low-volume neighborhood venues
https://www.zomato.com/pune/silk-route-foods-bavdhan,3,Low-volume neighborhood venues
https://www.zomato.com/pune/spicy-green-kharadi,3,Low-volume neighborhood venues
https://www.zomato.com/pune/the-hungry-gypsies-pimple-saudagar,3,Low-volume neighborhood venues
https://www.zomato.com/pune/sr-food-court-wakad,1,Polarizing experiences
https://www.zomato.com/pune/caraway-the-food-truck-bhosari,3,Low-volume neighborhood venues
https://www.zomato.com/pune/armaan-chinese-viman-nagar,3,Low-volume neighborhood venues
https://www.zomato.com/pune/kolhapuri-misal-sinhgad-road,1,Polarizing experiences
https://www.zomato.com/pune/its-savage-59-kothrud,3,Low-volume neighborhood venues
https://www.zomato.com/pune/savlahari-pot-ice-cream-mastani-mundhwa,1,Polarizing experiences
https://www.zomato.com/pune/gulshan-e-iran-rasta-peth,3,Low-volume neighborhood venues
https://www.zomato.com/pune/united-pizza-nation-sinhgad-road,1,Polarizing experiences
https://www.zomato.com/pune/vira-nagpur-saoji-pimple-gurav,1,Polarizing experiences
https://www.zomato.com/pune/puneri-biryani-house-lohegaon,1,Polarizing experiences
https://www.zomato.com/pune/cakestries-1-mundhwa,1,Polarizing experiences
https://www.zomato.com/pune/smug-narhe,0,Premium dining
https://www.zomato.com/pune/biryani-mehfil-magarpatta,1,Polarizing experiences
https://www.zomato.com/pune/lavangi-veg-non-veg-sinhgad-road,1,Polarizing experiences
https://www.zomato.com/pune/foodnation-chinese-and-fast-food-chinchwad,3,Low-volume neighborhood venues
https://www.zomato.com/pune/sangeeta-dabeli-pimple-gurav,3,Low-volume neighborhood venues
https://www.zomato.com/pune/dhaneshwar-hotel-2-pimpri,3,Low-volume neighborhood venues
https://www.zomato.com/pune/hotel-reddys-wadgaon-sheri,1,Polarizing experiences
https://www.zomato.com/pune/annapurna-south-chaat-baner,1,Polarizing experiences
https://www.zomato.com/pune/the-craveyard-mundhwa,3,Low-volume neighborhood venues
https://www.zomato.com/pune/ansari-fast-foods-kothrud,3,Low-volume neighborhood venues
https://www.zomato.com/pune/girija-family-restaurant-akurdi,3,Low-volume neighborhood venues
https://www.zomato.com/pune/all-time-kitchen-viman-nagar,1,Polarizing experiences
https://www.zomato.com/pune/the-madras-cafe-bt-kawade-road,3,Low-volume neighborhood venues
https://www.zomato.com/pune/hotel-dajiba-hinjawadi,3,Low-volume neighborhood venues
https://www.zomato.com/pune/mm-cake-shop-wakad,3,Low-volume neighborhood venues
https://www.zomato.com/pune/hotel-hariom-sinhgad-road,1,Polarizing experiences
https://www.zomato.com/pune/mauli-dosa-center-bibvewadi,3,Low-volume neighborhood venues
https://www.zomato.com/pune/cafe-oreo-1-chinchwad,3,Low-volume neighborhood venues
https://www.zomato.com/pune/indori-namkin-wadgaon-sheri,3,Low-volume neighborhood venues
https://www.zomato.com/pune/the-sizzling-fast-food-pimple-gurav,3,Low-volume neighborhood venues
https://www.zomato.com/pune/paradise-kabab-biryani-pimple-saudagar,1,Polarizing experiences
https://www.zomato.com/pune/home-kitchen-services-pimple-nilakh,3,Low-volume neighborhood venues
https://www.zomato.com/pune/chakh-le-india-hinjawadi,3,Low-volume neighborhood venues
https://www.zomato.com/pune/hotel-royal-rankala-kolhapuri-aundh,3,Low-volume neighborhood venues
https://www.zomato.com/pune/hotel-gangasagar-balewadi,3,Low-volume neighborhood venues
https://www.zomato.com/pune/the-kitchen-1-kothrud,3,Low-volume neighborhood venues
https://www.zomato.com/pune/j1-family-restaurant-narhe,1,Polarizing experiences
https://www.zomato.com/pune/cafe-1076-wagholi,1,Polarizing experiences
https://www.zomato.com/pune/mnm-kitchens-viman-nagar,1,Polarizing experiences
https://www.zomato.com/pune/tummy-ticklers-balewadi,0,Premium dining
https://www.zomato.com/pune/hip-hop-food-shivane,3,Low-volume neighborhood venues
https://www.zomato.com/pune/malvan-pimple-saudagar,3,Low-volume neighborhood venues
https://www.zomato.com/pune/mozzarrs-pizzaworks-hinjawadi,1,Polarizing experiences
https://www.zomato.com/pune/shree-krushna-pizza-budhwar-peth,3,Low-volume neighborhood venues
https://www.zomato.com/pune/the-chefs-art-old-mumbai-pune-highway,3,Low-volume neighborhood venues
https://www.zomato.com/pune/shanghai-chinese-yerawada,0,Premium dining
https://www.zomato.com/pune/karahi-king-hadapsar,3,Low-volume neighborhood venues
https://www.zomato.com/pune/amber-family-restaurant-kondhwa,1,Polarizing experiences
https://www.zomato.com/pune/abhiruchi-family-restaurant-lohegaon,3,Low-volume neighborhood venues
https://www.zomato.com/pune/maharashtrian-darbar-1-hadapsar,1,Polarizing experiences
https://www.zomato.com/pune/friends-kitchen-dhanori,1,Polarizing experiences
https://www.zomato.com/pune/crush-cafe-hadapsar,3,Low-volume neighborhood venues
https://www.zomato.com/pune/hotel-anushka-1-hadapsar,1,Polarizing experiences
https://www.zomato.com/pune/cafe-2-0-sinhgad-road,3,Low-volume neighborhood venues
https://www.zomato.com/pune/lazeez-fast-food-kondhwa,3,Low-volume neighborhood venues
https://www.zomato.com/pune/the-bombay-south-1-magarpatta,1,Polarizing experiences
https://www.zomato.com/pune/shree-upahar-gruha-shaniwar-peth,3,Low-volume neighborhood venues
https://www.zomato.com/pune/cafe-greedy-box-yerawada,3,Low-volume neighborhood venues
https://www.zomato.com/pune/the-lil-eatery-viman-nagar,3,Low-volume neighborhood venues
https://www.zomato.com/pune/thirst-the-fluid-stall-jm-road,3,Low-volume neighborhood venues
https://www.zomato.com/pune/3rn-cafe-pimple-gurav,3,Low-volume neighborhood venues
https://www.zomato.com/pune/the-food-dude-1-wanowrie,3,Low-volume neighborhood venues
https://www.zomato.com/pune/golden-chikki-wada-pav-lonavala,3,Low-volume neighborhood venues
https://www.zomato.com/pune/chandani-gate-1-warje,1,Polarizing experiences
https://www.zomato.com/pune/a-g-kitchens-hinjawadi,1,Polarizing experiences
https://www.zomato.com/pune/rihanas-biryani-balewadi,1,Polarizing experiences
https://www.zomato.com/pune/nivva-rustic-indian-cafe-pimpri,0,Premium dining
https://www.zomato.com/pune/pallavi-snacks-center-kothrud,1,Polarizing experiences
https://www.zomato.com/pune/royal-taste-karve-nagar,1,Polarizing experiences
https://www.zomato.com/pune/dharwad-cafe-1-deccan-gymkhana,3,Low-volume neighborhood venues
https://www.zomato.com/pune/new-thaat-baat-shivane,3,Low-volume neighborhood venues
https://www.zomato.com/pune/chavan-chinese-and-biryani-house-budhwar-peth,1,Polarizing experiences
https://www.zomato.com/pune/tavang-bavdhan,1,Polarizing experiences
https://www.zomato.com/pune/china-chufang-nibm-road,1,Polarizing experiences
https://www.zomato.com/pune/mirchi-non-veg-sinhgad-road,1,Polarizing experiences
https://www.zomato.com/pune/cafe-canephora-karve-nagar,3,Low-volume neighborhood venues
https://www.zomato.com/pune/hotel-marathi-bana-bibvewadi,1,Polarizing experiences
https://www.zomato.com/pune/zhakkas-baner,1,Polarizing experiences
https://www.zomato.com/pune/regal-biryani-pimpri,1,Polarizing experiences
https://www.zomato.com/pune/cafe-indian-foodies-1-nibm-road,0,Premium dining
https://www.zomato.com/pune/puneri-khana-baner,1,Polarizing experiences
https://www.zomato.com/pune/vinayakas-thali-paratha-box-baner,1,Polarizing experiences
https://www.zomato.com/pune/madira-lonavala,1,Polarizing experiences
https://www.zomato.com/pune/sip-chat-cafe-ravet,1,Polarizing experiences
https://www.zomato.com/pune/flat-tummi-hinjawadi,3,Low-volume neighborhood venues
https://www.zomato.com/pune/grills-gravys-hadapsar,0,Premium dining
https://www.zomato.com/pune/hotel-yashraj-sinhgad-road,1,Polarizing experiences
https://www.zomato.com/pune/the-mexican-wave-viman-nagar,1,Polarizing experiences
https://www.zomato.com/pune/omcs-biryani-house-1-balewadi,1,Polarizing experiences
https://www.zomato.com/pune/hello-biryani-hadapsar,1,Polarizing experiences
https://www.zomato.com/pune/the-grub-hub-baner,3,Low-volume neighborhood venues
https://www.zomato.com/pune/hotel-aamantran-wadgaon-sheri,3,Low-volume neighborhood venues
https://www.zomato.com/pune/pick-a-deli-kothrud,1,Polarizing experiences
https://www.zomato.com/pune/gunjans-bakehouse-kondhwa,3,Low-volume neighborhood venues
https://www.zomato.com/pune/cafe-brotaz-3-pimple-gurav,3,Low-volume neighborhood venues
https://www.zomato.com/pune/madras-snacks-center-1-wadgaon-sheri,3,Low-volume neighborhood venues
https://www.zomato.com/pune/curry-n-biryani-kothrud,1,Polarizing experiences
https://www.zomato.com/pune/banjira-hinjawadi,3,Low-volume neighborhood venues
https://www.zomato.com/pune/atharva-restaurant-bar-chakan,1,Polarizing experiences
https://www.zomato.com/pune/taste-affairs-koregaon-park,1,Polarizing experiences
https://www.zomato.com/pune/annachi-misal-hinjawadi,3,Low-volume neighborhood venues
https://www.zomato.com/pune/night-hungers-dange-chowk,1,Polarizing experiences
https://www.zomato.com/pune/pi-frankie-station-1-kharadi,3,Low-volume neighborhood venues
https://www.zomato.com/pune/kadhai-muttan-bhakari-biriyani-katraj,1,Polarizing experiences
https://www.zomato.com/pune/abhiruchi-veg-non-veg-restaurant-lohegaon,1,Polarizing experiences
https://www.zomato.com/pune/the-sea-floor-hadapsar,3,Low-volume neighborhood venues
https://www.zomato.com/pune/hotel-malhar-2-hadapsar,1,Polarizing experiences
https://www.zomato.com/pune/svs-paratha-house-hadapsar,3,Low-volume neighborhood venues
https://www.zomato.com/pune/dum-misal-house-dange-chowk,3,Low-volume neighborhood venues
https://www.zomato.com/pune/punjabi-zaika-pune-solapur-road,1,Polarizing experiences
https://www.zomato.com/pune/@99-wadgaon-sheri,1,Polarizing experiences
https://www.zomato.com/pune/ramble-viman-nagar,3,Low-volume neighborhood venues
https://www.zomato.com/pune/simple-restaurant-kalyani-nagar,1,Polarizing experiences
https://www.zomato.com/pune/the-happy-hippy-cafe-1-bt-kawade-road,1,Polarizing experiences
https://www.zomato.com/pune/chai-samosa-lohegaon,3,Low-volume neighborhood venues
https://www.zomato.com/pune/gavathi-mejwani-pimple-gurav,3,Low-volume neighborhood venues
https://www.zomato.com/pune/sagar-foodies-adda-kothrud,3,Low-volume neighborhood venues
https://www.zomato.com/pune/ams-golden-shawarma-bavdhan,1,Polarizing experiences
https://www.zomato.com/pune/fast-food-mania-dhankawadi,1,Polarizing experiences
https://www.zomato.com/pune/whisk-handcrafted-gourmet-1-aundh,3,Low-volume neighborhood venues
https://www.zomato.com/pune/mint-1-kharadi,0,Premium dining
https://www.zomato.com/pune/pawar-biryanis-bibvewadi,1,Polarizing experiences
https://www.zomato.com/pune/hotel-wada-aundh,1,Polarizing experiences
https://www.zomato.com/pune/waffle-king-wagholi,3,Low-volume neighborhood venues
https://www.zomato.com/pune/8een-cafe-shivaji-nagar,3,Low-volume neighborhood venues
https://www.zomato.com/pune/zaika-e-bohri-nibm-road,3,Low-volume neighborhood venues
https://www.zomato.com/pune/cornville-sinhgad-road,3,Low-volume neighborhood venues
https://www.zomato.com/pune/salonis-kitchen-dhankawadi,3,Low-volume neighborhood venues
https://www.zomato.com/pune/samadhan-pavbhaji-juice-corner-hadapsar,3,Low-volume neighborhood venues
https://www.zomato.com/pune/raj-family-restaurant-shivane,1,Polarizing experiences
https://www.zomato.com/pune/gossiip-kitchen-pimpri,3,Low-volume neighborhood venues
https://www.zomato.com/pune/gelato-italiano-dhole-patil-road,3,Low-volume neighborhood venues
https://www.zomato.com/pune/hotel-mahalaxmi-1-pune-solapur-road,3,Low-volume neighborhood venues
https://www.zomato.com/pune/nitins-mummys-homely-food-lonavala,0,Premium dining
https://www.zomato.com/pune/shanghai-cuisine-viman-nagar,1,Polarizing experiences
https://www.zomato.com/pune/jagannath-bhel-shivapur,3,Low-volume neighborhood venues
https://www.zomato.com/pune/hotel-dwarka-akurdi,3,Low-volume neighborhood venues
https://www.zomato.com/pune/desi-v-desi-shivapur,0,Premium dining
https://www.zomato.com/pune/noble-bake-food-wanowrie,1,Polarizing experiences
https://www.zomato.com/pune/shettys-cafe-dhole-patil-road,1,Polarizing experiences
https://www.zomato.com/pune/cafrico-kalyani-nagar,0,Premium dining
https://www.zomato.com/pune/tavern-koregaon-park,1,Polarizing experiences
https://www.zomato.com/pune/dark-knight-viman-nagar,0,Premium dining
https://www.zomato.com/pune/cake-blush-bavdhan,1,Polarizing experiences
https://www.zomato.com/pune/haridra-biryani-house-pimpri,0,Premium dining
https://www.zomato.com/pune/r-chinese-treat-sinhgad-road,3,Low-volume neighborhood venues
https://www.zomato.com/pune/on-air-lavasa,3,Low-volume neighborhood venues
https://www.zomato.com/pune/pravin-khanawal-dange-chowk,3,Low-volume neighborhood venues
https://www.zomato.com/pune/layers-chinchwad,0,Premium dining
https://www.zomato.com/pune/biso-citrus-hotel-lonavala,3,Low-volume neighborhood venues
https://www.zomato.com/pune/ice-n-spice-pimpri,1,Polarizing experiences
https://www.zomato.com/pune/rs-assal-marathi-restaurant-vishrantwadi,1,Polarizing experiences
https://www.zomato.com/pune/food-knight-magarpatta,1,Polarizing experiences
https://www.zomato.com/pune/biryani-ki-dukan-kharadi,1,Polarizing experiences
https://www.zomato.com/pune/casablanca-lounge-bar-pimple-gurav,2,High-volume crowd favorites
https://www.zomato.com/pune/an-chinese-fast-food-magarpatta,1,Polarizing experiences
https://www.zomato.com/pune/new-vijay-bakery-rasta-peth,3,Low-volume neighborhood venues
https://www.zomato.com/pune/food-court-pimple-nilakh,3,Low-volume neighborhood venues
https://www.zomato.com/reservior-hogs,1,Polarizing experiences
https://www.zomato.com/pune/dolphin-chinese-fast-food-pimple-gurav,1,Polarizing experiences
https://www.zomato.com/pune/cafe-96-garage-law-college-road,3,Low-volume neighborhood venues
https://www.zomato.com/pune/hotel-maharaja-hinjawadi,1,Polarizing experiences
https://www.zomato.com/pune/samudra-manthan-lonavala,3,Low-volume neighborhood venues
https://www.zomato.com/pune/pizza-quick-pizza-kondhwa,1,Polarizing experiences
https://www.zomato.com/pune/golden-nights-lohegaon,3,Low-volume neighborhood venues
https://www.zomato.com/pune/hyderabad-dum-biryani-lohegaon,1,Polarizing experiences
https://www.zomato.com/pune/mr-mrs-panipuri-bibvewadi,3,Low-volume neighborhood venues
https://www.zomato.com/foodxd,0,Premium dining
https://www.zomato.com/p-k-kitchen,1,Polarizing experiences
https://www.zomato.com/pune/upper-deck-by-yolo-pimple-saudagar,1,Polarizing experiences
https://www.zomato.com/pune/eatalio-s-bibvewadi,0,Premium dining
https://www.zomato.com/pune/che-guevara-cheese-viman-nagar,3,Low-volume neighborhood venues
https://www.zomato.com/pune/kabab-mein-haddi-wakad,1,Polarizing experiences
https://www.zomato.com/pune/davangiri-hotel-pimple-saudagar,1,Polarizing experiences
https://www.zomato.com/pune/cakes-world-pimpri,1,Polarizing experiences
https://www.zomato.com/pune/cafe-good-times-aundh,1,Polarizing experiences
https://www.zomato.com/pune/puneri-vada-hinjawadi,1,Polarizing experiences
https://www.zomato.com/pune/chopatiwala-wadgaon-sheri,1,Polarizing experiences
https://www.zomato.com/pune/food-hub-viman-nagar,1,Polarizing experiences
https://www.zomato.com/pune/rajmachi-veg-nonveg-restaurant-pimple-gurav,1,Polarizing experiences
https://www.zomato.com/pune/shamis-kebab-bavdhan,3,Low-volume neighborhood venues
https://www.zomato.com/eggsclusively-yours-food-truck,3,Low-volume neighborhood venues
https://www.zomato.com/pune/rfir-vishrantwadi,3,Low-volume neighborhood venues
https://www.zomato.com/pune/pronto-by-grillicious-baner,1,Polarizing experiences
https://www.zomato.com/pune/diamonds-aundh,1,Polarizing experiences
https://www.zomato.com/pune/revival-restaurant-lavasa,0,Premium dining
https://www.zomato.com/pune/frozen-gelato-creamery-salunkhe-vihar-road,3,Low-volume neighborhood venues
https://www.zomato.com/pune/chetan-dhaba-chakan,1,Polarizing experiences
https://www.zomato.com/pune/oye-parantha-wadgaon-sheri,1,Polarizing experiences
https://www.zomato.com/pune/puneri-tadka-dhanori,1,Polarizing experiences
https://www.zomato.com/pune/hotel-kavya-sinhgad-road,1,Polarizing experiences
https://www.zomato.com/pune/kk-restaurant-wadgaon-sheri,1,Polarizing experiences
https://www.zomato.com/pune/panchavati-gaurav-lonavala,0,Premium dining
https://www.zomato.com/nawabs-kebabs-food-truck,1,Polarizing experiences
https://www.zomato.com/pune/smoke-nd-spice-bibvewadi,3,Low-volume neighborhood venues
https://www.zomato.com/taste-in-town-food-truck,1,Polarizing experiences
https://www.zomato.com/pune/golden-dum-biryani-tandoori-sinhgad-road,3,Low-volume neighborhood venues
https://www.zomato.com/pune/hotel-devasa-akurdi,1,Polarizing experiences
https://www.zomato.com/pune/maroosh-balewadi,0,Premium dining
https://www.zomato.com/pune/sweekar-snacks-bar-kothrud,3,Low-volume neighborhood venues
https://www.zomato.com/pune/hotel-maharaja-kondhwa,3,Low-volume neighborhood venues
https://www.zomato.com/pune/bliss-garden-bakery-cafe-salunkhe-vihar-road,1,Polarizing experiences
https://www.zomato.com/pune/mircho-misal-1-sinhgad-road,3,Low-volume neighborhood venues
https://www.zomato.com/pune/hotel-sagar-sinhgad-road,1,Polarizing experiences
https://www.zomato.com/pune/cinnamon-restaurant-park-central-koregaon-park,3,Low-volume neighborhood venues
https://www.zomato.com/pune/sneh-snacks-kothrud,3,Low-volume neighborhood venues
https://www.zomato.com/pune/ssd-box-of-delights-1-kondhwa,3,Low-volume neighborhood venues
https://www.zomato.com/pune/deep-roll-bhurji-centre-sinhgad-road,1,Polarizing experiences
https://www.zomato.com/pune/balaji-fast-food-dhankawadi,3,Low-volume neighborhood venues
https://www.zomato.com/pune/shree-ram-kitchen-parvati,3,Low-volume neighborhood venues
https://www.zomato.com/pune/creamz-master-sadashiv-peth,3,Low-volume neighborhood venues
https://www.zomato.com/pune/tummy-toll-wakad,3,Low-volume neighborhood venues
https://www.zomato.com/pune/pune-coffee-burger-sinhgad-road,3,Low-volume neighborhood venues
https://www.zomato.com/pune/sgs-take-away-catering-vishrantwadi,3,Low-volume neighborhood venues
https://www.zomato.com/pune/hotel-mehfil-pune-solapur-road,1,Polarizing experiences
https://www.zomato.com/pune/welcome-fast-food-aundh,3,Low-volume neighborhood venues
https://www.zomato.com/pune/mejewani-veg-khadakwasla,0,Premium dining
https://www.zomato.com/pune/coffee-locale-nibm-road,1,Polarizing experiences
https://www.zomato.com/pune/om-shakti-dosa-center-rasta-peth,3,Low-volume neighborhood venues
https://www.zomato.com/pune/nandinis-pure-veg-parvati,3,Low-volume neighborhood venues
https://www.zomato.com/pune/the-hungry-boss-yerawada,3,Low-volume neighborhood venues
https://www.zomato.com/pune/yaaris-coffee-pimple-nilakh,1,Polarizing experiences
https://www.zomato.com/pune/le-21-patisserie-model-colony,3,Low-volume neighborhood venues
https://www.zomato.com/pune/mumbai-tadka-restaurant-bar-chinchwad,3,Low-volume neighborhood venues
https://www.zomato.com/pune/a1-ice-cream-parlour-khadki,3,Low-volume neighborhood venues
https://www.zomato.com/pune/balaji-bhel-wakad,3,Low-volume neighborhood venues
https://www.zomato.com/pune/al-shawarms-kharadi,1,Polarizing experiences
https://www.zomato.com/pune/zumo-bar-kharadi,3,Low-volume neighborhood venues
https://www.zomato.com/pune/cafe-azaad-e-hind-kondhwa,3,Low-volume neighborhood venues
https://www.zomato.com/pune/flavours-by-gurpreet-aundh,0,Premium dining
https://www.zomato.com/pune/cafe-crimica-pimpri,0,Premium dining
https://www.zomato.com/pune/awesome-snacks-center-balewadi,3,Low-volume neighborhood venues
https://www.zomato.com/pune/shree-sai-restaurant-kharadi,1,Polarizing experiences
https://www.zomato.com/pune/chocolate-lovers-pimple-gurav,3,Low-volume neighborhood venues
https://www.zomato.com/pune/nutan-chinese-fast-food-hinjawadi,3,Low-volume neighborhood venues
https://www.zomato.com/pune/arya-resto-bar-nibm-road,1,Polarizing experiences
https://www.zomato.com/pune/western-bakery-kondhwa,3,Low-volume neighborhood venues
https://www.zomato.com/pune/southern-kitchen-pimpri,3,Low-volume neighborhood venues
https://www.zomato.com/pune/hotel-sayali-sadashiv-peth,3,Low-volume neighborhood venues
https://www.zomato.com/pune/jd-kitchen-aundh,3,Low-volume neighborhood venues
https://www.zomato.com/pune/punekars-shree-balaji-kharadi,3,Low-volume neighborhood venues
https://www.zomato.com/pune/the-dark-katta-wakad,3,Low-volume neighborhood venues
https://www.zomato.com/pune/k-k-biryani-adda-hinjawadi,1,Polarizing experiences
https://www.zomato.com/pune/prasann-snacks-kothrud,3,Low-volume neighborhood venues
https://www.zomato.com/pune/ice-bergs-model-colony,3,Low-volume neighborhood venues
https://www.zomato.com/pune/the-tea-place-viman-nagar,0,Premium dining
https://www.zomato.com/pune/deos-cafe-sinhgad-road,3,Low-volume neighborhood venues
https://www.zomato.com/pune/sahyadri-hadapsar,3,Low-volume neighborhood venues
https://www.zomato.com/pune/shivanjali-hadapsar,3,Low-volume neighborhood venues
https://www.zomato.com/pune/amu-fresh-cool-cafe-kondhwa,1,Polarizing experiences
https://www.zomato.com/pune/bhawani-sweets-mundhwa,1,Polarizing experiences
https://www.zomato.com/pune/anand-food-xprs-katraj,3,Low-volume neighborhood venues
https://www.zomato.com/pune/hotel-vijay-executive-hadapsar,1,Polarizing experiences
https://www.zomato.com/pune/cool-cafe-chinchwad,3,Low-volume neighborhood venues
https://www.zomato.com/pune/tirupati-pure-veg-nigdi,3,Low-volume neighborhood venues
https://www.zomato.com/pune/the-food-gallery-kondhwa,0,Premium dining
https://www.zomato.com/pune/spice-box-mahalunge,1,Polarizing experiences
https://www.zomato.com/pune/anytime-coffee-shop-baner,2,High-volume crowd favorites
https://www.zomato.com/pune/savtamali-restaurant-baner,3,Low-volume neighborhood venues
https://www.zomato.com/pune/lucky-dange-chowk,3,Low-volume neighborhood venues
https://www.zomato.com/nukkadcafe,0,Premium dining
https://www.zomato.com/pune/new-crown-bakers-yerawada,3,Low-volume neighborhood venues
https://www.zomato.com/pune/sugran-swayapakghar-shaniwar-peth,3,Low-volume neighborhood venues
https://www.zomato.com/pune/hotel-kokanbhumi-chinchwad,3,Low-volume neighborhood venues
https://www.zomato.com/pune/shripad-idli-centre-shaniwar-peth,3,Low-volume neighborhood venues
https://www.zomato.com/pune/chocoistry-swargate,0,Premium dining
https://www.zomato.com/pune/24-carat-ice-cream-world-1-erandwane,3,Low-volume neighborhood venues
https://www.zomato.com/pune/hotel-swaraaj-baner,3,Low-volume neighborhood venues
https://www.zomato.com/pune/shiv-sagar-sinhgad-road,3,Low-volume neighborhood venues
https://www.zomato.com/pune/m-r-ghodke-kothrud,3,Low-volume neighborhood venues
https://www.zomato.com/pune/creamy-delights-kalyani-nagar,0,Premium dining
https://www.zomato.com/pune/atithi-misal-house-pimpri,3,Low-volume neighborhood venues
https://www.zomato.com/pune/zaika-food-court-bavdhan,3,Low-volume neighborhood venues
https://www.zomato.com/burger-hut-food-truck,3,Low-volume neighborhood venues
https://www.zomato.com/pune/v2u-meals-pune-university,3,Low-volume neighborhood venues
https://www.zomato.com/pune/leboa-st-laurn-hotel-koregaon-park,1,Polarizing experiences
https://www.zomato.com/pune/new-prachi-pure-veg-mulshi,1,Polarizing experiences
https://www.zomato.com/pune/kalas-veg-satara-road,0,Premium dining
https://www.zomato.com/pune/tic-tac-toe-kharadi,3,Low-volume neighborhood venues
https://www.zomato.com/pune/murlidhar-shukrawar-peth,3,Low-volume neighborhood venues
https://www.zomato.com/pune/hotel-malhar-hinjawadi,3,Low-volume neighborhood venues
https://www.zomato.com/pune/ganu-shinde-icecream-budhwar-peth,3,Low-volume neighborhood venues
https://www.zomato.com/pune/the-foodies-hut-pimple-saudagar,0,Premium dining
https://www.zomato.com/pune/mahavir-mithai-nigdi,3,Low-volume neighborhood venues
https://www.zomato.com/pune/apoorva-swargate,1,Polarizing experiences
https://www.zomato.com/pune/hotel-hindvi-wagholi,0,Premium dining
https://www.zomato.com/pune/deli-vivanta-pune-hinjawadi,3,Low-volume neighborhood venues
https://www.zomato.com/pune/ritas-cakes-n-chocolates-wanowrie,3,Low-volume neighborhood venues
https://www.zomato.com/pune/cafe-doodle-camp-area,3,Low-volume neighborhood venues
https://www.zomato.com/pune/mangal-vihar-east-street,0,Premium dining
https://www.zomato.com/pune/dsk-bakery-camp-area,3,Low-volume neighborhood venues
https://www.zomato.com/pune/café-paradise-erandwane,1,Polarizing experiences
https://www.zomato.com/pune/hotel-7-days-bavdhan,0,Premium dining
https://www.zomato.com/pune/bombay-gourmet-lonavala,2,High-volume crowd favorites
https://www.zomato.com/pune/kotwals-kitchen-hinjawadi,3,Low-volume neighborhood venues
https://www.zomato.com/burger-alert-food-truck,3,Low-volume neighborhood venues
https://www.zomato.com/pune/meeras-bake-lounge-satara-road,3,Low-volume neighborhood venues
https://www.zomato.com/pune/speedy-punjabi-wakad,1,Polarizing experiences
https://www.zomato.com/pune/salt-n-pepper-bhosari,1,Polarizing experiences
https://www.zomato.com/pune/sorted-nights-viman-nagar,1,Polarizing experiences
https://www.zomato.com/pune/raghuveer-hotel-wadgaon-sheri,0,Premium dining
https://www.zomato.com/pune/green-carrot-koregaon-park,0,Premium dining
https://www.zomato.com/pune/the-hungry-owl-koregaon-park,0,Premium dining
https://www.zomato.com/pune/saranga-sadashiv-peth,3,Low-volume neighborhood venues
https://www.zomato.com/pune/ashirwad-dining-hall-katraj,0,Premium dining
https://www.zomato.com/pune/just-franky-khadakwasla,1,Polarizing experiences
https://www.zomato.com/pune/cafe-pepper-jack-sinhgad-road,3,Low-volume neighborhood venues
https://www.zomato.com/pune/cake-cloud-magarpatta,1,Polarizing experiences
https://www.zomato.com/pune/agatya-pure-veg-bhosari,3,Low-volume neighborhood venues
https://www.zomato.com/pune/abhinandan-non-veg-bhosari,3,Low-volume neighborhood venues
https://www.zomato.com/pune/kaps-corner-aundh,3,Low-volume neighborhood venues
https://www.zomato.com/pune/ratnaj-kitchen-sinhgad-road,1,Polarizing experiences
https://www.zomato.com/pune/shivkumar-snacks-centre-kondhwa,3,Low-volume neighborhood venues
https://www.zomato.com/pune/cafe-kurleyz-chinese-house-karve-nagar,1,Polarizing experiences
https://www.zomato.com/pune/a-1-vadapav-snacks-center-dhankawadi,3,Low-volume neighborhood venues
https://www.zomato.com/pune/tricks-n-treats-kothrud,3,Low-volume neighborhood venues
https://www.zomato.com/pune/njoy-foods-pimple-saudagar,1,Polarizing experiences
https://www.zomato.com/pune/aswaad-lonavala,3,Low-volume neighborhood venues
https://www.zomato.com/pune/garam-masala-lonavala,0,Premium dining
https://www.zomato.com/pune/ganus-fast-food-pimpri,3,Low-volume neighborhood venues
https://www.zomato.com/pune/bagicha-family-resto-pune-solapur-road,3,Low-volume neighborhood venues
https://www.zomato.com/pune/bistro-d16-kothrud,1,Polarizing experiences
https://www.zomato.com/pune/aaggatya-restaurant-wakad,3,Low-volume neighborhood venues
https://www.zomato.com/pune/hotel-sanket-inn-wakad,3,Low-volume neighborhood venues
https://www.zomato.com/pune/krazy-koala-lavasa,3,Low-volume neighborhood venues
https://www.zomato.com/pune/anup-hotel-vishrantwadi,1,Polarizing experiences
https://www.zomato.com/pune/k-9-koregaon-park,1,Polarizing experiences
https://www.zomato.com/pune/maharashtra-family-garden-restaurant-old-mumbai-pune-highway,0,Premium dining
https://www.zomato.com/pune/bites-1-kharadi,1,Polarizing experiences
https://www.zomato.com/pune/bikaners-sev-bhandar-shukrawar-peth,1,Polarizing experiences
https://www.zomato.com/pune/nikkz-cakes-and-confectionery-nibm-road,3,Low-volume neighborhood venues
https://www.zomato.com/pune/yash-coffee-shop-senapati-bapat-road,3,Low-volume neighborhood venues
https://www.zomato.com/pune/thali-darbaar-lavasa,1,Polarizing experiences
https://www.zomato.com/pune/froosh-lavasa,3,Low-volume neighborhood venues
https://www.zomato.com/pune/hotel-kaveri-old-mumbai-pune-highway,3,Low-volume neighborhood venues
https://www.zomato.com/pune/garwa-old-mumbai-pune-highway,3,Low-volume neighborhood venues
https://www.zomato.com/pune/hotel-tanishkka-old-mumbai-pune-highway,3,Low-volume neighborhood venues
https://www.zomato.com/pune/tarang-sadashiv-peth,1,Polarizing experiences
https://www.zomato.com/pune/once-upon-a-cake-nibm-road,0,Premium dining
https://www.zomato.com/pune/punjab-da-tashan-bund-garden,1,Polarizing experiences
https://www.zomato.com/pune/indulge-lavasa,1,Polarizing experiences
https://www.zomato.com/pune/aditya-viman-nagar,1,Polarizing experiences
https://www.zomato.com/pune/raju-thali-koregaon-park,1,Polarizing experiences
https://www.zomato.com/pune/hotel-sitara-kothrud,1,Polarizing experiences
https://www.zomato.com/pune/red-cafe-yerawada,3,Low-volume neighborhood venues
https://www.zomato.com/pune/mysore-junction-camp-area,0,Premium dining
https://www.zomato.com/pune/food-at-night-pimpri,0,Premium dining
https://www.zomato.com/pune/sweet-retreat-kondhwa,1,Polarizing experiences
https://www.zomato.com/pune/felicita-camp-area,1,Polarizing experiences
https://www.zomato.com/pune/hotel-rajput-pimple-gurav,3,Low-volume neighborhood venues
https://www.zomato.com/pune/krushna-pure-veg-kharadi,3,Low-volume neighborhood venues
https://www.zomato.com/dine-fine-food-truck,0,Premium dining
https://www.zomato.com/pune/tulsi-malai-kulfi-aundh,3,Low-volume neighborhood venues
https://www.zomato.com/pune/annapurna-shivaji-nagar,3,Low-volume neighborhood venues
https://www.zomato.com/pune/amit-resto-bar-sinhgad-road,1,Polarizing experiences
https://www.zomato.com/pune/sai-restaurant-sinhgad-road,1,Polarizing experiences
https://www.zomato.com/pune/ocean-blue-sinhgad-road,1,Polarizing experiences
https://www.zomato.com/pune/ya-khwaja-garib-nawaz-hotel-camp-area,3,Low-volume neighborhood venues
https://www.zomato.com/pune/vandan-restaurant-camp-area,1,Polarizing experiences
https://www.zomato.com/pune/real-taste-hinjawadi,3,Low-volume neighborhood venues
https://www.zomato.com/pune/hungers-roll-house-old-mumbai-pune-highway,3,Low-volume neighborhood venues
https://www.zomato.com/pune/hotel-dil-se-aundh,0,Premium dining
https://www.zomato.com/pune/coffee-stop-deccan-gymkhana,3,Low-volume neighborhood venues
https://www.zomato.com/pune/latenight-bite-hadapsar,1,Polarizing experiences
https://www.zomato.com/pune/the-crispy-crust-nibm-road,3,Low-volume neighborhood venues
https://www.zomato.com/pune/juugaad-kothrud,1,Polarizing experiences
https://www.zomato.com/pune/oven-grills-shivaji-nagar,1,Polarizing experiences
https://www.zomato.com/pune/lyra-salunkhe-vihar-road,3,Low-volume neighborhood venues
https://www.zomato.com/pune/sakshi-hotel-pimpri,3,Low-volume neighborhood venues
https://www.zomato.com/pune/cafe-carnival-viman-nagar,0,Premium dining
https://www.zomato.com/pune/hotel-nandini-hadapsar,1,Polarizing experiences
https://www.zomato.com/pune/rainbow-darbar-hinjawadi,0,Premium dining
https://www.zomato.com/pune/hotel-riddhi-siddhi-lonavala,1,Polarizing experiences
https://www.zomato.com/pune/karavali-wadgaon-sheri,1,Polarizing experiences
https://www.zomato.com/pune/smokin-lees-nigdi,1,Polarizing experiences
https://www.zomato.com/pune/express-hotel-pashan,1,Polarizing experiences
https://www.zomato.com/pune/hotel-saianushka-old-mumbai-pune-highway,2,High-volume crowd favorites
https://www.zomato.com/pune/indori-swad-lohegaon,3,Low-volume neighborhood venues
https://www.zomato.com/pune/hotel-prasad-chakan,1,Polarizing experiences
https://www.zomato.com/pune/currytym-dhanori,1,Polarizing experiences
https://www.zomato.com/pune/amritsari-naan-hadapsar,0,Premium dining
https://www.zomato.com/pune/cafe-chai-pani-pimple-gurav,1,Polarizing experiences
https://www.zomato.com/pune/mint-kharadi,3,Low-volume neighborhood venues
https://www.zomato.com/pune/paa-roti-magarpatta,0,Premium dining
https://www.zomato.com/pune/godavari-veg-non-veg-magarpatta,1,Polarizing experiences
https://www.zomato.com/pune/the-chopstix-dhankawadi,1,Polarizing experiences
https://www.zomato.com/pune/gayatri-restaurant-bar-chinchwad,1,Polarizing experiences
https://www.zomato.com/pune/sarasa-kothrud,1,Polarizing experiences
https://www.zomato.com/pune/nh-angara-family-restaurant-chinchwad,1,Polarizing experiences
https://www.zomato.com/pune/cafe-liquid-lounge-pimple-saudagar,1,Polarizing experiences
https://www.zomato.com/pune/neelam-restaurant-bavdhan,3,Low-volume neighborhood venues
https://www.zomato.com/pune/scholars-inn-sinhgad-road,1,Polarizing experiences
https://www.zomato.com/pune/barsana-family-restaurant-chinchwad,1,Polarizing experiences
https://www.zomato.com/pune/sai-prasad-hinjawadi,1,Polarizing experiences
https://www.zomato.com/couchmeals,0,Premium dining
https://www.zomato.com/pune/biryanis-of-india-wadgaon-sheri,1,Polarizing experiences
https://www.zomato.com/hungry-food-truck,3,Low-volume neighborhood venues
https://www.zomato.com/pune/hotel-shining-star-lonavala,1,Polarizing experiences
https://www.zomato.com/pune/hotel-jagdamb-nigdi,1,Polarizing experiences
https://www.zomato.com/pune/authentic-royal-hadapsar,1,Polarizing experiences
https://www.zomato.com/pune/lutf-hinjawadi,1,Polarizing experiences
https://www.zomato.com/pune/coffee-and-friends-sinhgad-road,1,Polarizing experiences
https://www.zomato.com/pune/gurus-cafe-warje,3,Low-volume neighborhood venues
https://www.zomato.com/pune/hunger-killers-hinjawadi,3,Low-volume neighborhood venues
https://www.zomato.com/pune/tea-a-holic-hadapsar,3,Low-volume neighborhood venues
https://www.zomato.com/pune/triveni-1-fc-road,3,Low-volume neighborhood venues
https://www.zomato.com/pune/cafe-canada-rasta-peth,3,Low-volume neighborhood venues
https://www.zomato.com/pune/bhojwani-sweets-pimple-gurav,1,Polarizing experiences
https://www.zomato.com/pune/green-valley-wagholi,1,Polarizing experiences
https://www.zomato.com/pune/hyderabadi-biryani-house-lonavala,1,Polarizing experiences
https://www.zomato.com/pune/new-rolex-bakery-confectionery-kondhwa,3,Low-volume neighborhood venues
https://www.zomato.com/pune/cafe-eatster-wadgaon-sheri,3,Low-volume neighborhood venues
https://www.zomato.com/pune/pet-pooja-foods-pimple-gurav,3,Low-volume neighborhood venues
https://www.zomato.com/pune/wake-bake-kothrud,0,Premium dining
https://www.zomato.com/pune/hotel-satkar-old-mumbai-pune-highway,3,Low-volume neighborhood venues
https://www.zomato.com/pune/shri-krishnas-roll-chinchwad,3,Low-volume neighborhood venues
https://www.zomato.com/pune/dawat-bhosari,1,Polarizing experiences
https://www.zomato.com/pune/hotel-aditya-bhosari,1,Polarizing experiences
https://www.zomato.com/pune/cafe-royal-rasta-peth,3,Low-volume neighborhood venues
https://www.zomato.com/pune/khandeshi-express-pimple-gurav,1,Polarizing experiences
https://www.zomato.com/pune/hotel-gagangiri-karve-nagar,1,Polarizing experiences
https://www.zomato.com/pune/pune-spice-2-karve-nagar,1,Polarizing experiences
https://www.zomato.com/pune/monis-cake-house-baner,3,Low-volume neighborhood venues
https://www.zomato.com/pune/hotel-sayaji-hadapsar,3,Low-volume neighborhood venues
https://www.zomato.com/pune/alishan-chinese-kondhwa,0,Premium dining
https://www.zomato.com/pune/hotel-onkar-chinchwad,3,Low-volume neighborhood venues
https://www.zomato.com/pune/sai-sagar-ice-cream-pimpri,1,Polarizing experiences
https://www.zomato.com/pune/hotel-blue-inn-restaurant-wagholi,1,Polarizing experiences
https://www.zomato.com/pune/richards-family-restaurant-pimpri,3,Low-volume neighborhood venues
https://www.zomato.com/pune/khana-milega-kya-wadgaon-sheri,1,Polarizing experiences
https://www.zomato.com/pune/diet-hub-pimple-nilakh,1,Polarizing experiences
https://www.zomato.com/pune/route-24-the-hide-out-cafe-sinhgad-road,1,Polarizing experiences
https://www.zomato.com/pune/geeta-dining-hall-pimple-gurav,3,Low-volume neighborhood venues
https://www.zomato.com/pune/cream-fudge-fc-road,3,Low-volume neighborhood venues
https://www.zomato.com/pune/vinayakas-kitchen-baner,1,Polarizing experiences
https://www.zomato.com/pune/becky-bees-magarpatta,0,Premium dining
https://www.zomato.com/pune/hotel-supriya-garden-wagholi,3,Low-volume neighborhood venues
https://www.zomato.com/pune/desi-fusion-1-satara-road,1,Polarizing experiences
https://www.zomato.com/pune/anand-restaurant-and-bar-kothrud,3,Low-volume neighborhood venues
https://www.zomato.com/pune/iceberg-fresh-fc-road,3,Low-volume neighborhood venues
https://www.zomato.com/pune/gaarva-hadapsar,1,Polarizing experiences
https://www.zomato.com/pune/hotel-karan-baner,3,Low-volume neighborhood venues
https://www.zomato.com/pune/hotel-dilip-pure-veg-shivaji-nagar,3,Low-volume neighborhood venues
https://www.zomato.com/pune/gurdjieffs-resto-koregaon-park,3,Low-volume neighborhood venues
https://www.zomato.com/pune/dawat-biryani-house-bhosari,3,Low-volume neighborhood venues
https://www.zomato.com/pune/sameekshaa-dhanori,1,Polarizing experiences
https://www.zomato.com/pune/neetas-inn-old-mumbai-pune-highway,3,Low-volume neighborhood venues
https://www.zomato.com/pune/baywatch-branto-treasure-island-resorts-old-mumbai-pune-highway,3,Low-volume neighborhood venues
https://www.zomato.com/pune/el-taj-lonavala,0,Premium dining
https://www.zomato.com/pune/madhura-restaurant-camp-area,3,Low-volume neighborhood venues
https://www.zomato.com/pune/new-metro-restaurant-camp-area,1,Polarizing experiences
https://www.zomato.com/pune/mps-garden-restaurant-shukrawar-peth,3,Low-volume neighborhood venues
https://www.zomato.com/pune/central-park-family-restaurants-dehu-road,3,Low-volume neighborhood venues
https://www.zomato.com/pune/punjabi-flavours-kharadi,0,Premium dining
https://www.zomato.com/pune/new-rasoi-garden-aundh,1,Polarizing experiences
https://www.zomato.com/pune/shree-pure-veg-vishrantwadi,1,Polarizing experiences
https://www.zomato.com/pune/chick-chicken-punjabi-nibm-road,1,Polarizing experiences
https://www.zomato.com/pune/yumme-tumme-salunkhe-vihar-road,3,Low-volume neighborhood venues
https://www.zomato.com/pune/vijay-bhojanalay-swargate,3,Low-volume neighborhood venues
https://www.zomato.com/pune/gulzar-restaurant-camp-area,3,Low-volume neighborhood venues
https://www.zomato.com/pune/nidhi-restaurant-shaniwar-peth,3,Low-volume neighborhood venues
https://www.zomato.com/pune/ti-amo-deccan-gymkhana,1,Polarizing experiences
https://www.zomato.com/pune/santinos-magarpatta,0,Premium dining
https://www.zomato.com/pune/swami-snacks-erandwane,1,Polarizing experiences
https://www.zomato.com/pune/samadhan-pure-veg-budhwar-peth,3,Low-volume neighborhood venues
https://www.zomato.com/pune/annas-seafood-family-restaurant-wadgaon-sheri,3,Low-volume neighborhood venues
https://www.zomato.com/pune/g-d-executive-old-mumbai-pune-highway,0,Premium dining
https://www.zomato.com/pune/new-vilas-shivapur,3,Low-volume neighborhood venues
https://www.zomato.com/pune/hotel-mayur-chakan,1,Polarizing experiences
https://www.zomato.com/pune/hotel-sadanand-bund-garden,1,Polarizing experiences
https://www.zomato.com/pune/vijay-snacks-pimple-nilakh,0,Premium dining
https://www.zomato.com/pune/sai-chaya-misal-house-shivapur,0,Premium dining
https://www.zomato.com/pune/rohit-family-restaurant-lonavala,1,Polarizing experiences
https://www.zomato.com/pune/new-modern-bakery-pimple-nilakh,3,Low-volume neighborhood venues
https://www.zomato.com/pune/rudra-restaurant-lonavala,3,Low-volume neighborhood venues
https://www.zomato.com/pune/greendale-restaurant-mulshi,3,Low-volume neighborhood venues
https://www.zomato.com/pune/darbar-pimple-gurav,0,Premium dining
https://www.zomato.com/pune/hotel-panchali-chakan,1,Polarizing experiences
https://www.zomato.com/pune/hotel-ratnai-mulshi,0,Premium dining
https://www.zomato.com/pune/yeta-jata-sadashiv-peth,0,Premium dining
https://www.zomato.com/pune/hotel-century-garden-nigdi,3,Low-volume neighborhood venues
https://www.zomato.com/pune/sahil-resto-bar-tilak-road,2,High-volume crowd favorites
https://www.zomato.com/pune/sai-camp-area,3,Low-volume neighborhood venues
https://www.zomato.com/pune/skoop-ice-cream-parlour-pune-university,3,Low-volume neighborhood venues
https://www.zomato.com/pune/rachana-model-colony,1,Polarizing experiences
https://www.zomato.com/pune/hotel-swagat-shivaji-nagar,0,Premium dining
https://www.zomato.com/pune/sudarshan-khadki,3,Low-volume neighborhood venues
https://www.zomato.com/pune/hotel-dhanshree-dehu-road,1,Polarizing experiences
https://www.zomato.com/pune/arpita-lohegaon,3,Low-volume neighborhood venues
https://www.zomato.com/pune/sinhgad-restaurant-sinhgad-road,3,Low-volume neighborhood venues
https://www.zomato.com/pune/hotel-renuka-dehu-road,3,Low-volume neighborhood venues
https://www.zomato.com/pune/somton-motel-talegaon,0,Premium dining
https://www.zomato.com/pune/hotel-muktangan-shivapur,3,Low-volume neighborhood venues
https://www.zomato.com/pune/hotel-priyanka-hadapsar,3,Low-volume neighborhood venues
https://www.zomato.com/pune/tilak-restaurant-pimple-gurav,1,Polarizing experiences
https://www.zomato.com/pune/aahar-resto-bar-mg-road,3,Low-volume neighborhood venues
https://www.zomato.com/pune/burger-kitchen-sadashiv-peth,3,Low-volume neighborhood venues
https://www.zomato.com/pune/ambika-bhuwan-parvati,3,Low-volume neighborhood venues
https://www.zomato.com/pune/invitations-today-balewadi,1,Polarizing experiences
https://www.zomato.com/pune/gelato-da-vinci-camp-area,1,Polarizing experiences
https://www.zomato.com/pune/leaf-restaurant-chandan-nagar,3,Low-volume neighborhood venues
https://www.zomato.com/pune/chanakya-chinchwad,3,Low-volume neighborhood venues
https://www.zomato.com/pune/rk-house-of-rolls-chinchwad,1,Polarizing experiences
https://www.zomato.com/pune/poonam-restaurant-jm-road,3,Low-volume neighborhood venues
https://www.zomato.com/pune/kunjavan-gandharv-residency-shivaji-nagar,3,Low-volume neighborhood venues
https://www.zomato.com/pune/rounak-pimpri,3,Low-volume neighborhood venues
https://www.zomato.com/pune/hotel-samrat-swargate,3,Low-volume neighborhood venues
https://www.zomato.com/pune/saanj-garden-restaurant-bar-warje,3,Low-volume neighborhood venues
https://www.zomato.com/pune/hotel-shubham-hinjawadi,0,Premium dining
https://www.zomato.com/pune/durga-restaurant-bar-parvati,1,Polarizing experiences
https://www.zomato.com/pune/venkies-food-corner-vishrantwadi,1,Polarizing experiences
https://www.zomato.com/pune/mix-hotel-royal-orchid-central-kalyani-nagar,2,High-volume crowd favorites
https://www.zomato.com/pune/malhar-restaurant-bar-shukrawar-peth,1,Polarizing experiences
https://www.zomato.com/pune/gelato-italiano-1-dhole-patil-road,1,Polarizing experiences
https://www.zomato.com/pune/more-chinar-snack-centre-baner,3,Low-volume neighborhood venues
https://www.zomato.com/pune/shree-krishna-budhwar-peth,3,Low-volume neighborhood venues
https://www.zomato.com/pune/beijing-china-kothrud,1,Polarizing experiences
https://www.zomato.com/pune/bombay-south-kondhwa,0,Premium dining
https://www.zomato.com/pune/granmas-homemade-lavasa,0,Premium dining
https://www.zomato.com/pune/hotel-mini-mahal-old-mumbai-pune-highway,2,High-volume crowd favorites
https://www.zomato.com/pune/green-table-old-mumbai-pune-highway,2,High-volume crowd favorites
https://www.zomato.com/pune/flambe-food-court-dhanori,1,Polarizing experiences
https://www.zomato.com/pune/nakshatra-chinchwad,3,Low-volume neighborhood venues
https://www.zomato.com/pune/hotel-shri-yash-bhosari,1,Polarizing experiences
https://www.zomato.com/pune/zodiac-fortune-select-dasve-lavasa,0,Premium dining
https://www.zomato.com/pune/the-pizza-treat-katraj,3,Low-volume neighborhood venues
https://www.zomato.com/pune/swad-point-1-pimple-gurav,3,Low-volume neighborhood venues
https://www.zomato.com/pune/sai-datta-bhosari,0,Premium dining
https://www.zomato.com/pune/rani-rasoi-lonavala,3,Low-volume neighborhood venues
https://www.zomato.com/pune/tabakh-lavasa,3,Low-volume neighborhood venues
https://www.zomato.com/pune/seasons-food-magarpatta,1,Polarizing experiences
https://www.zomato.com/pune/hotel-indrayani-hadapsar,1,Polarizing experiences
https://www.zomato.com/pune/the-patio-lonavala,3,Low-volume neighborhood venues
https://www.zomato.com/pune/urbounce-cafe-baner,3,Low-volume neighborhood venues
https://www.zomato.com/pune/vighneshwara-pure-veg-shukrawar-peth,1,Polarizing experiences
https://www.zomato.com/pune/amigo-bakers-vishrantwadi,3,Low-volume neighborhood venues
https://www.zomato.com/pune/xoxo-desserts-bund-garden,0,Premium dining
https://www.zomato.com/pune/juice-buzz-shivaji-nagar,3,Low-volume neighborhood venues
https://www.zomato.com/pune/rajdhani-burger-pizzas-yerawada,1,Polarizing experiences
https://www.zomato.com/pune/gozo-homemade-icecreams-baner,0,Premium dining
https://www.zomato.com/pune/celebration-veg-resto-bhosari,3,Low-volume neighborhood venues
https://www.zomato.com/pune/swad-family-restaurant-hadapsar,1,Polarizing experiences
https://www.zomato.com/pune/dhiraj-restaurant-lonavala,1,Polarizing experiences
https://www.zomato.com/pune/good-food-pimpri,3,Low-volume neighborhood venues
https://www.zomato.com/pune/kondhalkar-mastani-house-sadashiv-peth,3,Low-volume neighborhood venues
https://www.zomato.com/pune/juis-chill-grill-chandan-nagar,1,Polarizing experiences
https://www.zomato.com/pune/halka-fulka-wakad,1,Polarizing experiences
https://www.zomato.com/pune/siddhi-biryani-dhankawadi,0,Premium dining
https://www.zomato.com/pune/scoops-ice-cream-kondhwa,3,Low-volume neighborhood venues
https://www.zomato.com/pune/green-villa-restaurant-koregaon-park,0,Premium dining
https://www.zomato.com/pune/billis-food-corner-mg-road,3,Low-volume neighborhood venues
https://www.zomato.com/pune/fantasie-fine-chocolates-dhole-patil-road,1,Polarizing experiences
https://www.zomato.com/pune/italian-aundh,3,Low-volume neighborhood venues
https://www.zomato.com/pune/meenas-point-salunkhe-vihar-road,3,Low-volume neighborhood venues
https://www.zomato.com/pune/cocktails-balewadi,0,Premium dining
https://www.zomato.com/pune/n-square-hotel-bhosari,3,Low-volume neighborhood venues
https://www.zomato.com/pune/healthy-bites-bibvewadi,3,Low-volume neighborhood venues
https://www.zomato.com/pune/rice-express-akurdi,1,Polarizing experiences
https://www.zomato.com/pune/rasarang-meetha-paan-salunkhe-vihar-road,3,Low-volume neighborhood venues
https://www.zomato.com/pune/biryani-house-kondhwa,1,Polarizing experiences
https://www.zomato.com/pune/lolo-food-pimple-saudagar,3,Low-volume neighborhood venues
https://www.zomato.com/pune/pallagio-1-old-mumbai-pune-highway,2,High-volume crowd favorites
https://www.zomato.com/pune/chopstick-chinese-fast-food-bhosari,1,Polarizing experiences
https://www.zomato.com/pune/fernz-cake-and-cookies-model-colony,3,Low-volume neighborhood venues
https://www.zomato.com/pune/cafe-barkat-kondhwa,1,Polarizing experiences
https://www.zomato.com/pune/hotel-shiv-bhumi-warje,3,Low-volume neighborhood venues
https://www.zomato.com/pune/food-dude-pimple-nilakh,1,Polarizing experiences
https://www.zomato.com/pune/nts-chinese-kitchen-kharadi,1,Polarizing experiences
https://www.zomato.com/pune/cream-and-fudge-viman-nagar,3,Low-volume neighborhood venues
https://www.zomato.com/pune/under-the-tree-sinhgad-road,1,Polarizing experiences
https://www.zomato.com/pune/dreams-cafe-wanowrie,3,Low-volume neighborhood venues
https://www.zomato.com/pune/hyderabad-dum-biryani-house-lohegaon,1,Polarizing experiences
https://www.zomato.com/pune/tarif-dum-biryani-house-1-lohegaon,1,Polarizing experiences
https://www.zomato.com/pune/mjm-factory-viman-nagar,3,Low-volume neighborhood venues
https://www.zomato.com/pune/batman-delivers-viman-nagar,1,Polarizing experiences
https://www.zomato.com/pune/fantasys-bavdhan,3,Low-volume neighborhood venues
https://www.zomato.com/pune/crimsons-the-lounge-bar-old-mumbai-pune-highway,2,High-volume crowd favorites
https://www.zomato.com/pune/lucky-feast-nibm-road,1,Polarizing experiences
https://www.zomato.com/pune/jalaram-khana-khazana-viman-nagar,0,Premium dining
https://www.zomato.com/pune/cafe-chai-y-sinhgad-road,3,Low-volume neighborhood venues
https://www.zomato.com/pune/cafe-3-monks-1-bavdhan,1,Polarizing experiences
https://www.zomato.com/pune/energy-cafe-yerawada,1,Polarizing experiences
https://www.zomato.com/pune/kebab-kitchen-viman-nagar,3,Low-volume neighborhood venues
https://www.zomato.com/trumpick,1,Polarizing experiences
https://www.zomato.com/pune/meet-n-treat-lohegaon,1,Polarizing experiences
https://www.zomato.com/pune/the-wheel-barrow-viman-nagar,0,Premium dining
https://www.zomato.com/pune/indori-chaupati-lohegaon,0,Premium dining
https://www.zomato.com/pune/new-khandeshi-dhaba-sinhgad-road,3,Low-volume neighborhood venues
https://www.zomato.com/pune/shree-ashapuri-pimple-nilakh,1,Polarizing experiences
https://www.zomato.com/pune/dabbaman-com-1-dhole-patil-road,3,Low-volume neighborhood venues
https://www.zomato.com/pune/chefs-table-dhankawadi,0,Premium dining
https://www.zomato.com/pune/desikook-koregaon-park,3,Low-volume neighborhood venues
https://www.zomato.com/pune/misal-junction-katraj,3,Low-volume neighborhood venues
https://www.zomato.com/pune/chinese-point-pimple-saudagar,3,Low-volume neighborhood venues
https://www.zomato.com/pune/phase-3-resto-hinjawadi,3,Low-volume neighborhood venues
https://www.zomato.com/pune/bistro-restaurants-ravet,3,Low-volume neighborhood venues
https://www.zomato.com/pune/matoshree-hotel-1-magarpatta,3,Low-volume neighborhood venues
https://www.zomato.com/pune/sai-juice-world-mundhwa,3,Low-volume neighborhood venues
https://www.zomato.com/pune/tangchinese-koregaon-park,3,Low-volume neighborhood venues
https://www.zomato.com/pune/fourhorsemen-bavdhan,3,Low-volume neighborhood venues
https://www.zomato.com/pune/shivprasad-dhaba-pashan,3,Low-volume neighborhood venues
https://www.zomato.com/pune/sai-paratha-mundhwa,3,Low-volume neighborhood venues
https://www.zomato.com/pune/banbury-cafe-kothrud,3,Low-volume neighborhood venues
https://www.zomato.com/pune/bismillah-biryani-house-pimple-gurav,3,Low-volume neighborhood venues
https://www.zomato.com/pune/raag-cafe-karve-nagar,3,Low-volume neighborhood venues
https://www.zomato.com/pune/irani-bakery-yerawada,3,Low-volume neighborhood venues
https://www.zomato.com/pune/todo-mia-hinjawadi,1,Polarizing experiences
https://www.zomato.com/pune/hotel-truptis-food-place-pimple-saudagar,3,Low-volume neighborhood venues
https://www.zomato.com/pune/solapur-katta-hadapsar,3,Low-volume neighborhood venues
https://www.zomato.com/pune/yogis-food-viman-nagar,1,Polarizing experiences
https://www.zomato.com/pune/vyankis-eating-co-dhankawadi,0,Premium dining
https://www.zomato.com/pune/zak-n-zee-mg-road,0,Premium dining
https://www.zomato.com/pune/bombay-bowl-co-kothrud,3,Low-volume neighborhood venues
https://www.zomato.com/girivihar,0,Premium dining
https://www.zomato.com/pune/kulfees-hub-pimple-saudagar,0,Premium dining
https://www.zomato.com/pune/sarathi-hadapsar,1,Polarizing experiences
https://www.zomato.com/pune/taste-n-eat-tilak-road,1,Polarizing experiences
https://www.zomato.com/pune/divyas-zesty-aroma-hadapsar,3,Low-volume neighborhood venues
https://www.zomato.com/pune/royal-india-cafe-3-nibm-road,3,Low-volume neighborhood venues
https://www.zomato.com/pune/the-indish-pashan,3,Low-volume neighborhood venues
https://www.zomato.com/pune/flavyos-biryani-baner,1,Polarizing experiences
https://www.zomato.com/pune/daawat-salunkhe-vihar-road,0,Premium dining
https://www.zomato.com/pune/tasty-tiffin-hinjawadi,3,Low-volume neighborhood venues
https://www.zomato.com/pune/annamayya-restaurant-dhanori,3,Low-volume neighborhood venues
https://www.zomato.com/pune/curry-pot-restaurant-kharadi,0,Premium dining
https://www.zomato.com/pune/tarif-dum-biryani-karve-nagar,1,Polarizing experiences
https://www.zomato.com/pune/krushnai-veg-non-veg-hotel-bibvewadi,1,Polarizing experiences
https://www.zomato.com/pune/nosh-1-bibvewadi,3,Low-volume neighborhood venues
https://www.zomato.com/pune/cafe-saffron-bibvewadi,3,Low-volume neighborhood venues
https://www.zomato.com/pune/engineers-tandur-biryani-house-katraj,1,Polarizing experiences
https://www.zomato.com/pune/the-taste-jalebi-baner,0,Premium dining
https://www.zomato.com/pune/red-curry-dange-chowk,0,Premium dining
https://www.zomato.com/pune/punjabi-swag-3-wakad,1,Polarizing experiences
https://www.zomato.com/pune/aftertaste-biryani-garden-biryani-kothrud,3,Low-volume neighborhood venues
https://www.zomato.com/pune/just-bites-cafe-bavdhan,3,Low-volume neighborhood venues
https://www.zomato.com/pune/china-wall-hadapsar,0,Premium dining
https://www.zomato.com/pune/coffee-day-katta-wadgaon-sheri,3,Low-volume neighborhood venues
https://www.zomato.com/pune/delight-ice-cream-viman-nagar,0,Premium dining
https://www.zomato.com/pune/cafe-chhoti-bhook-1-pimple-saudagar,0,Premium dining
https://www.zomato.com/pune/amnesia-old-mumbai-pune-highway,3,Low-volume neighborhood venues
https://www.zomato.com/pune/taste-is-best-hinjawadi,1,Polarizing experiences
https://www.zomato.com/pune/darjeeling-dragon-1-bavdhan,1,Polarizing experiences
https://www.zomato.com/pune/goodtimes-cakes-n-bakes-magarpatta,3,Low-volume neighborhood venues
https://www.zomato.com/pune/new-relax-roll-house-sinhgad-road,1,Polarizing experiences
https://www.zomato.com/pune/combos-n-thalis-kharadi,0,Premium dining
https://www.zomato.com/pune/biryani-bowl-1-pimpri,3,Low-volume neighborhood venues
https://www.zomato.com/pune/chinese-square-pimple-nilakh,3,Low-volume neighborhood venues
https://www.zomato.com/pune/swastik-pure-veg-kharadi,1,Polarizing experiences
https://www.zomato.com/pune/royal-food-balewadi,1,Polarizing experiences
https://www.zomato.com/pune/diamond-chinese-corner-wanowrie,3,Low-volume neighborhood venues
https://www.zomato.com/pune/natural-fresh-ice-cream-1-dhole-patil-road,3,Low-volume neighborhood venues
https://www.zomato.com/pune/akashay-pure-veg-hinjawadi,3,Low-volume neighborhood venues
https://www.zomato.com/pune/orange-cafe-pimple-saudagar,3,Low-volume neighborhood venues
https://www.zomato.com/pune/fishchic-chinchwad,3,Low-volume neighborhood venues
https://www.zomato.com/pune/chilled-station-kothrud,3,Low-volume neighborhood venues
https://www.zomato.com/pune/fcr-restaurant-sinhgad-road,1,Polarizing experiences
https://www.zomato.com/pune/indian-thali-chakan,1,Polarizing experiences
https://www.zomato.com/pune/abhiruchi-gokul-sinhgad-road,0,Premium dining
https://www.zomato.com/pune/khet-se-thali-tak-wadgaon-sheri,3,Low-volume neighborhood venues
https://www.zomato.com/pune/v3-hungry-bowl-wadgaon-sheri,3,Low-volume neighborhood venues
https://www.zomato.com/pune/cafe-baghdadi-kondhwa,3,Low-volume neighborhood venues
https://www.zomato.com/pune/amul-ice-cream-parlour-scoops-n-smiles-1-wagholi,0,Premium dining
https://www.zomato.com/pune/pure-veg-point-wadgaon-sheri,3,Low-volume neighborhood venues
https://www.zomato.com/pune/kasba-corner-budhwar-peth,0,Premium dining
https://www.zomato.com/pune/first-love-burger-house-1-wadgaon-sheri,3,Low-volume neighborhood venues
https://www.zomato.com/pune/bakers-prime-baner,3,Low-volume neighborhood venues
https://www.zomato.com/pune/swaraj-chinese-sinhgad-road,1,Polarizing experiences
https://www.zomato.com/pune/punjabi-rasoi-katraj,1,Polarizing experiences
https://www.zomato.com/pune/china-fusion-viman-nagar,3,Low-volume neighborhood venues
https://www.zomato.com/pune/brajjrass-mundhwa,3,Low-volume neighborhood venues
https://www.zomato.com/pune/the-food-stop-aundh,3,Low-volume neighborhood venues
https://www.zomato.com/pune/vrindavan-veg-pimpri,3,Low-volume neighborhood venues
https://www.zomato.com/pune/hotel-taste-master-lohegaon,1,Polarizing experiences
https://www.zomato.com/pune/swaad-family-restaurant-dhanori,3,Low-volume neighborhood venues
https://www.zomato.com/pune/12-tables-senapati-bapat-road,3,Low-volume neighborhood venues
https://www.zomato.com/pune/cafe-chocolicious-chinchwad,1,Polarizing experiences
https://www.zomato.com/pune/shivdutt-snacks-corner-kothrud,3,Low-volume neighborhood venues
https://www.zomato.com/pune/punjab-delight-hadapsar,0,Premium dining
https://www.zomato.com/pune/shriniwas-food-product-kothrud,3,Low-volume neighborhood venues
https://www.zomato.com/pune/nicks-chinese-wagholi,3,Low-volume neighborhood venues
https://www.zomato.com/pune/friends-corner-latur-special-wagholi,3,Low-volume neighborhood venues
https://www.zomato.com/pune/bittu-dhaba-wala-1-bavdhan,3,Low-volume neighborhood venues
https://www.zomato.com/pune/hotel-swad-sinhgad-road,3,Low-volume neighborhood venues
https://www.zomato.com/pune/new-york-bistro-kitchen-wagholi,3,Low-volume neighborhood venues
https://www.zomato.com/pune/jassi-da-khana-khazana-sinhgad-road,1,Polarizing experiences
https://www.zomato.com/pune/tum-tum-dhaba-kondhwa,1,Polarizing experiences
https://www.zomato.com/pune/paradise-hydrabad-biryani-pimple-saudagar,1,Polarizing experiences
https://www.zomato.com/pune/shivshambho-amruttulya-snacks-kondhwa,3,Low-volume neighborhood venues
https://www.zomato.com/pune/the-desi-crepe-1-salunkhe-vihar-road,3,Low-volume neighborhood venues
https://www.zomato.com/pune/hotel-shivshahi-veg-nonveg-sinhgad-road,3,Low-volume neighborhood venues
https://www.zomato.com/pune/manus-cafe-pashan,3,Low-volume neighborhood venues
https://www.zomato.com/pune/desi-khana-hadapsar,3,Low-volume neighborhood venues
https://www.zomato.com/pune/star-1-cakes-hinjawadi,1,Polarizing experiences
https://www.zomato.com/pune/northern-flavours-red-box-hinjawadi,3,Low-volume neighborhood venues
https://www.zomato.com/pune/happy-punjabi-dhaba-pune-solapur-road,3,Low-volume neighborhood venues
https://www.zomato.com/pune/cafe-creamy-nuts-2-wakad,3,Low-volume neighborhood venues
https://www.zomato.com/pune/aannachi-misal-hinjawadi,3,Low-volume neighborhood venues
https://www.zomato.com/pune/cask-crate-dehu-road,0,Premium dining
https://www.zomato.com/pune/flour-magic-bakery-cafe-camp-area,1,Polarizing experiences
https://www.zomato.com/pune/brunch-munch-katraj,1,Polarizing experiences
https://www.zomato.com/pune/dyno-foods-katraj,1,Polarizing experiences
https://www.zomato.com/pune/creamist-sinhgad-road,1,Polarizing experiences
https://www.zomato.com/pune/dyno-foods-dhanori,3,Low-volume neighborhood venues
https://www.zomato.com/pune/trupti-authentic-indian-veg-shivapur,3,Low-volume neighborhood venues
https://www.zomato.com/pune/spks-rasoi-hadapsar,1,Polarizing experiences
https://www.zomato.com/pune/bikers-bite-hinjawadi,0,Premium dining
https://www.zomato.com/pune/arenas-biryanis-balewadi,3,Low-volume neighborhood venues
https://www.zomato.com/pune/lokseva-chicken-canteen-hadapsar,3,Low-volume neighborhood venues
https://www.zomato.com/pune/hotel-cafe-coffee-dream-pimple-saudagar,1,Polarizing experiences
https://www.zomato.com/pune/pune-health-co-fc-road,0,Premium dining
https://www.zomato.com/pune/sagar-dining-hall-budhwar-peth,3,Low-volume neighborhood venues
https://www.zomato.com/pune/aapki-rasoi-2-koregaon-park,3,Low-volume neighborhood venues
https://www.zomato.com/pune/masala-nation-1-ravet,1,Polarizing experiences
https://www.zomato.com/pune/hot-cakes-wakad,3,Low-volume neighborhood venues
https://www.zomato.com/pune/aishwarya-snacks-center-erandwane,3,Low-volume neighborhood venues
https://www.zomato.com/pune/my-punjabi-bro-kharadi,3,Low-volume neighborhood venues
https://www.zomato.com/pune/mr-cup-plate-baner,3,Low-volume neighborhood venues
https://www.zomato.com/pune/sai-tiffin-services-1-wagholi,3,Low-volume neighborhood venues
https://www.zomato.com/pune/kadak-tadka-1-hadapsar,1,Polarizing experiences
https://www.zomato.com/pune/wah-biryani-1-karve-nagar,3,Low-volume neighborhood venues
https://www.zomato.com/pune/food-lovers-yerawada,3,Low-volume neighborhood venues
https://www.zomato.com/pune/cup-a-tea-balewadi,1,Polarizing experiences
https://www.zomato.com/pune/hotel-punyatil-laturkar-sinhgad-road,3,Low-volume neighborhood venues
https://www.zomato.com/pune/little-barbeque-pimple-gurav,3,Low-volume neighborhood venues
https://www.zomato.com/pune/suprabhat-tiffins-hinjawadi,3,Low-volume neighborhood venues
https://www.zomato.com/pune/lt-biryani-balewadi,3,Low-volume neighborhood venues
https://www.zomato.com/pune/sailors-bakery-old-mumbai-pune-highway,3,Low-volume neighborhood venues
https://www.zomato.com/pune/bandobast-kothrud,3,Low-volume neighborhood venues
https://www.zomato.com/pune/mandar-food-products-dhanori,3,Low-volume neighborhood venues
https://www.zomato.com/pune/just-fried-evolution-baner,3,Low-volume neighborhood venues
https://www.zomato.com/pune/kaka-wadewale-baner,3,Low-volume neighborhood venues
https://www.zomato.com/pune/akash-family-restaurant-dehu-road,3,Low-volume neighborhood venues
https://www.zomato.com/pune/try-eat-1-pimpri,3,Low-volume neighborhood venues
https://www.zomato.com/pune/rock-rolls-karve-nagar,1,Polarizing experiences
https://www.zomato.com/pune/swaraja-hotel-aundh,3,Low-volume neighborhood venues
https://www.zomato.com/pune/the-cake-cuddles-kondhwa,3,Low-volume neighborhood venues
https://www.zomato.com/pune/fine-to-dine-1-aundh,3,Low-volume neighborhood venues
https://www.zomato.com/pune/biryani-bowl-pimpri,1,Polarizing experiences
https://www.zomato.com/pune/hot-spot-pimpri,3,Low-volume neighborhood venues
https://www.zomato.com/pune/shiv-shankar-wadewale-dhole-patil-road,3,Low-volume neighborhood venues
https://www.zomato.com/pune/the-waffler-co-mundhwa,3,Low-volume neighborhood venues
https://www.zomato.com/pune/indian-biryani-house-sinhgad-road,3,Low-volume neighborhood venues
https://www.zomato.com/pune/kulfi-story-pimple-saudagar,3,Low-volume neighborhood venues
https://www.zomato.com/pune/gauri-pure-veg-ravet,1,Polarizing experiences
https://www.zomato.com/pune/guptes-food-delight-1-karve-nagar,1,Polarizing experiences
https://www.zomato.com/pune/aditya-konkani-kart-pune-solapur-road,3,Low-volume neighborhood venues
https://www.zomato.com/pune/rolls-royal-sinhgad-road,3,Low-volume neighborhood venues
https://www.zomato.com/pune/taste-of-punjabz-hadapsar,3,Low-volume neighborhood venues
https://www.zomato.com/pune/food-juction-yerawada,3,Low-volume neighborhood venues
https://www.zomato.com/pune/chinese-katta-sinhgad-road,3,Low-volume neighborhood venues
https://www.zomato.com/pune/hotel-samrudhi-kharadi,3,Low-volume neighborhood venues
https://www.zomato.com/pune/sandwich-king-aundh,3,Low-volume neighborhood venues
https://www.zomato.com/pune/eat-it-sinhgad-road,3,Low-volume neighborhood venues
https://www.zomato.com/pune/chinese-addicted-wakad,3,Low-volume neighborhood venues
https://www.zomato.com/pune/chinese-junction-wakad,3,Low-volume neighborhood venues
https://www.zomato.com/pune/sk-meal-home-karve-nagar,3,Low-volume neighborhood venues
https://www.zomato.com/pune/spicy-affairs-sadashiv-peth,3,Low-volume neighborhood venues
https://www.zomato.com/pune/ayushi-restaurant-bavdhan,3,Low-volume neighborhood venues
https://www.zomato.com/pune/hotel-shivam-hinjawadi,3,Low-volume neighborhood venues
https://www.zomato.com/pune/pragati-restaurant-lohegaon,3,Low-volume neighborhood venues
https://www.zomato.com/pune/nawabi-biryanis-and-kheema-dhankawadi,3,Low-volume neighborhood venues
https://www.zomato.com/pune/hotel-aditya-wagholi,3,Low-volume neighborhood venues
https://www.zomato.com/pune/s-r-chinese-katraj,3,Low-volume neighborhood venues
https://www.zomato.com/pune/puneon-baner,0,Premium dining
https://www.zomato.com/pune/mr-kheema-nibm-road,1,Polarizing experiences
https://www.zomato.com/pune/jalraj-da-dhaba-koregaon-park,3,Low-volume neighborhood venues
https://www.zomato.com/pune/the-food-court-wakad,3,Low-volume neighborhood venues
https://www.zomato.com/pune/shabnam-hotel-yerawada,1,Polarizing experiences
https://www.zomato.com/pune/hotel-sai-24-sinhgad-road,3,Low-volume neighborhood venues
https://www.zomato.com/pune/arianne-kitchen-dhanori,3,Low-volume neighborhood venues
https://www.zomato.com/pune/royal-garden-bibvewadi,1,Polarizing experiences
https://www.zomato.com/pune/taras-kitchen-bavdhan,3,Low-volume neighborhood venues
https://www.zomato.com/pune/royal-foods-lohegaon,3,Low-volume neighborhood venues
https://www.zomato.com/pune/bollywood-kitchen-bhosari,1,Polarizing experiences
https://www.zomato.com/pune/foodies-multi-cuisine-dhankawadi,3,Low-volume neighborhood venues
https://www.zomato.com/pune/nookkad-sus,3,Low-volume neighborhood venues
https://www.zomato.com/pune/vakratunda-chinchwad,3,Low-volume neighborhood venues
https://www.zomato.com/pune/shivneri-family-restaurant-pimple-gurav,3,Low-volume neighborhood venues
https://www.zomato.com/pune/n-s-cafe-katraj,3,Low-volume neighborhood venues
https://www.zomato.com/pune/eatos-stuffed-stories-pimple-saudagar,3,Low-volume neighborhood venues
https://www.zomato.com/pune/coffee-zone-hadapsar,3,Low-volume neighborhood venues
https://www.zomato.com/pune/hotel-jay-malhar-1-bavdhan,3,Low-volume neighborhood venues
https://www.zomato.com/pune/grace-biryani-house-expressway,3,Low-volume neighborhood venues
https://www.zomato.com/pune/desai-biryani-center-karve-nagar,1,Polarizing experiences
https://www.zomato.com/pune/biryaninama-2-hinjawadi,1,Polarizing experiences
https://www.zomato.com/pune/maharani-veg-nonveg-viman-nagar,1,Polarizing experiences
https://www.zomato.com/pune/shawarma-cafe-katraj,3,Low-volume neighborhood venues
https://www.zomato.com/pune/ziyafat-biryani-kothrud,3,Low-volume neighborhood venues
https://www.zomato.com/pune/cafe-cheese-and-ice-katraj,3,Low-volume neighborhood venues
https://www.zomato.com/pune/rocky-chinese-corner-pimpri,3,Low-volume neighborhood venues
https://www.zomato.com/pune/tirupati-dinning-hall-pimple-gurav,3,Low-volume neighborhood venues
https://www.zomato.com/pune/matoshri-dosa-and-snacks-centre-wagholi,1,Polarizing experiences
https://www.zomato.com/pune/samrat-cafe-wadgaon-sheri,3,Low-volume neighborhood venues
https://www.zomato.com/pune/cafe-twilight-kothrud,3,Low-volume neighborhood venues
https://www.zomato.com/pune/ignite-crunch-cafe-pimpri,3,Low-volume neighborhood venues
https://www.zomato.com/pune/the-shaukeens-1-pune-solapur-road,3,Low-volume neighborhood venues
https://www.zomato.com/pune/new-goodluckk-cafe-hinjawadi,3,Low-volume neighborhood venues
https://www.zomato.com/pune/js-catering-operations-pimpri,3,Low-volume neighborhood venues
https://www.zomato.com/pune/chinese-express-karve-nagar,3,Low-volume neighborhood venues
https://www.zomato.com/pune/the-royal-treat-pimple-saudagar,3,Low-volume neighborhood venues
https://www.zomato.com/pune/jeet-fast-food-kharadi,3,Low-volume neighborhood venues
https://www.zomato.com/pune/foodoz-katraj,3,Low-volume neighborhood venues
https://www.zomato.com/pune/hotel-sadhana-yerawada,3,Low-volume neighborhood venues
https://www.zomato.com/pune/the-kabab-curry-dhankawadi,0,Premium dining
https://www.zomato.com/pune/power-parathe-wale-kharadi,3,Low-volume neighborhood venues
https://www.zomato.com/pune/sagar-sweets-1-wadgaon-sheri,3,Low-volume neighborhood venues
https://www.zomato.com/pune/marwadi-jalebi-junction-warje,1,Polarizing experiences
https://www.zomato.com/pune/indikitch-southwest-kharadi,3,Low-volume neighborhood venues
https://www.zomato.com/pune/new-pune-cafe-fatima-nagar,3,Low-volume neighborhood venues
https://www.zomato.com/pune/sarathi-the-tasty-corner-kondhwa,3,Low-volume neighborhood venues
https://www.zomato.com/pune/apnaa-indore-dhole-patil-road,3,Low-volume neighborhood venues
https://www.zomato.com/pune/rasik-paan-shop-karve-nagar,3,Low-volume neighborhood venues
https://www.zomato.com/pune/cocktail-food-court-katraj,3,Low-volume neighborhood venues
https://www.zomato.com/pune/royal-burgers-and-momos-lohegaon,3,Low-volume neighborhood venues
https://www.zomato.com/pune/a1-andda-bhurji-centre-1-katraj,3,Low-volume neighborhood venues
https://www.zomato.com/pune/desi-chinese-dhankawadi,3,Low-volume neighborhood venues
https://www.zomato.com/pune/mumbai-kebabs-viman-nagar,3,Low-volume neighborhood venues
https://www.zomato.com/pune/foodastic-1-hinjawadi,3,Low-volume neighborhood venues
https://www.zomato.com/pune/tcg-the-cheese-games-aundh,3,Low-volume neighborhood venues
https://www.zomato.com/pune/cafe-bellissimo-1-dhanori,3,Low-volume neighborhood venues
https://www.zomato.com/pune/sps-delicious-kitchen-parvati,3,Low-volume neighborhood venues
https://www.zomato.com/pune/videshi-burgers-wagholi,1,Polarizing experiences
https://www.zomato.com/pune/the-kitchen-story-dhankawadi,3,Low-volume neighborhood venues
https://www.zomato.com/pune/flavours-5-hinjawadi,3,Low-volume neighborhood venues
https://www.zomato.com/pune/house-of-biryani-1-sinhgad-road,1,Polarizing experiences
https://www.zomato.com/pune/yashoda-nandan-dairy-fast-food-lohegaon,3,Low-volume neighborhood venues
https://www.zomato.com/pune/son-and-mom-royal-biryani-lohegaon,3,Low-volume neighborhood venues
https://www.zomato.com/pune/eat-and-treat-wakad,3,Low-volume neighborhood venues
https://www.zomato.com/pune/anjali-snacks-center-katraj,3,Low-volume neighborhood venues
https://www.zomato.com/pune/moms-paratha-hinjawadi,3,Low-volume neighborhood venues
https://www.zomato.com/pune/lazeez-hub-pashan,3,Low-volume neighborhood venues
https://www.zomato.com/pune/shanghai-express-vishrantwadi,3,Low-volume neighborhood venues
https://www.zomato.com/pune/fat-jar-cafe-kothrud,3,Low-volume neighborhood venues
https://www.zomato.com/pune/biryaniwala-kothrud,3,Low-volume neighborhood venues
https://www.zomato.com/pune/wheat-n-meat-lohegaon,3,Low-volume neighborhood venues
https://www.zomato.com/pune/ting-tong-kharadi,3,Low-volume neighborhood venues
https://www.zomato.com/pune/jee-aayan-nuu-kharadi,3,Low-volume neighborhood venues
https://www.zomato.com/pune/b3-balewadi,3,Low-volume neighborhood venues
https://www.zomato.com/pune/chaitrali-pure-veg-magarpatta,3,Low-volume neighborhood venues
https://www.zomato.com/pune/the-wrap-cafe-viman-nagar,3,Low-volume neighborhood venues
https://www.zomato.com/pune/maay-kitchen-sinhgad-road,3,Low-volume neighborhood venues
https://www.zomato.com/pune/punekars-biryani-dhankawadi,3,Low-volume neighborhood venues
https://www.zomato.com/pune/radhika-snacks-sinhgad-road,1,Polarizing experiences
https://www.zomato.com/pune/rajmudra-fast-food-chinese-center-kharadi,3,Low-volume neighborhood venues
https://www.zomato.com/pune/cafe-buzz-sinhgad-road,3,Low-volume neighborhood venues
https://www.zomato.com/pune/manjunatha-wadgaon-sheri,3,Low-volume neighborhood venues
https://www.zomato.com/pune/college-katta-talegaon,3,Low-volume neighborhood venues
https://www.zomato.com/pune/hotel-the-lavasa-sus,3,Low-volume neighborhood venues
https://www.zomato.com/pune/china-today-wadgaon-sheri,3,Low-volume neighborhood venues
https://www.zomato.com/pune/chinese-express-wakad,3,Low-volume neighborhood venues
https://www.zomato.com/pune/fast-food-centre-kothrud,3,Low-volume neighborhood venues
https://www.zomato.com/pune/swaraj-hotels-dhankawadi,3,Low-volume neighborhood venues
https://www.zomato.com/pune/hungry-kakke-viman-nagar,3,Low-volume neighborhood venues
https://www.zomato.com/pune/the-bake-shop-bistro-kothrud,3,Low-volume neighborhood venues
https://www.zomato.com/pune/game-of-chongs-pashan,3,Low-volume neighborhood venues
https://www.zomato.com/pune/hot-n-tasty-chinese-express-karve-nagar,3,Low-volume neighborhood venues
https://www.zomato.com/pune/darjaa-biryani-narhe,3,Low-volume neighborhood venues
https://www.zomato.com/pune/pawar-biryani-house-kothrud,3,Low-volume neighborhood venues
https://www.zomato.com/pune/hotel-aarogana-balewadi,1,Polarizing experiences
https://www.zomato.com/pune/pet-pooja-lohegaon,3,Low-volume neighborhood venues
https://www.zomato.com/pune/online-eats-wadgaon-sheri,3,Low-volume neighborhood venues
https://www.zomato.com/pune/rutuja-kulfi-rabdi-bibvewadi,3,Low-volume neighborhood venues
https://www.zomato.com/pune/punjabi-paratha-corner-hinjawadi,3,Low-volume neighborhood venues
https://www.zomato.com/pune/cafe-town-1-wakad,3,Low-volume neighborhood venues
https://www.zomato.com/pune/cafe-1-hinjawadi,3,Low-volume neighborhood venues
https://www.zomato.com/pune/the-egg-factory-wagholi,1,Polarizing experiences
https://www.zomato.com/pune/lajwaab-biryani-akurdi,1,Polarizing experiences
https://www.zomato.com/pune/sangrila-chinese-vishrantwadi,1,Polarizing experiences
https://www.zomato.com/pune/nk-restaurant-viman-nagar,3,Low-volume neighborhood venues
https://www.zomato.com/pune/food-in-pimpri,3,Low-volume neighborhood venues
https://www.zomato.com/pune/night-out-cafe-karve-nagar,3,Low-volume neighborhood venues
https://www.zomato.com/pune/khana-khajana-warje,3,Low-volume neighborhood venues
https://www.zomato.com/pune/sunstar-kitchen-wagholi,3,Low-volume neighborhood venues
https://www.zomato.com/pune/madras-cafe-dhanori,3,Low-volume neighborhood venues
https://www.zomato.com/pune/lentils-kitchen-aundh,1,Polarizing experiences
https://www.zomato.com/pune/hotel-om-samarth-dining-hall-lohegaon,3,Low-volume neighborhood venues
https://www.zomato.com/pune/klove-kitchen-wakad,3,Low-volume neighborhood venues
https://www.zomato.com/pune/the-meal-destination-wakad,3,Low-volume neighborhood venues
https://www.zomato.com/pune/ttmm-tongue-tummy-much-more-old-mumbai-pune-highway,3,Low-volume neighborhood venues
https://www.zomato.com/pune/shailaja-karve-nagar,1,Polarizing experiences
https://www.zomato.com/pune/annas-biryani-pune-solapur-road,1,Polarizing experiences
https://www.zomato.com/pune/taste-is-best-biryani-house-1-hinjawadi,1,Polarizing experiences
https://www.zomato.com/pune/eater-99-family-restaurant-pimple-saudagar,1,Polarizing experiences
https://www.zomato.com/pune/bhatias-kitchen-hadapsar,3,Low-volume neighborhood venues
https://www.zomato.com/pune/amul-and-royal-ice-cream-pimple-saudagar,3,Low-volume neighborhood venues
https://www.zomato.com/pune/krishna-pure-veg-kharadi,1,Polarizing experiences
https://www.zomato.com/pune/shetkari-mala-1-chinchwad,1,Polarizing experiences
https://www.zomato.com/pune/ayyoo-bibvewadi,3,Low-volume neighborhood venues
https://www.zomato.com/pune/sg-tastybites-shivaji-nagar,3,Low-volume neighborhood venues
https://www.zomato.com/pune/creamystery-kothrud,0,Premium dining
https://www.zomato.com/pune/raigad-sinhgad-road,3,Low-volume neighborhood venues
https://www.zomato.com/pune/roti-handiz-sinhgad-road,3,Low-volume neighborhood venues
https://www.zomato.com/pune/rajmandir-ice-cream-4-sinhgad-road,3,Low-volume neighborhood venues
https://www.zomato.com/pune/dds-cafe-sinhgad-road,1,Polarizing experiences
https://www.zomato.com/pune/food-in-time-fit-bavdhan,3,Low-volume neighborhood venues
https://www.zomato.com/pune/night-biryani-karve-nagar,3,Low-volume neighborhood venues
https://www.zomato.com/pune/hunger-ground-sinhgad-road,1,Polarizing experiences
https://www.zomato.com/pune/ahils-biryani-house-sinhgad-road,1,Polarizing experiences
https://www.zomato.com/pune/cafe-roaming-flavours-sinhgad-road,3,Low-volume neighborhood venues
https://www.zomato.com/pune/max-chinese-fast-food-yerawada,1,Polarizing experiences
https://www.zomato.com/pune/southern-spice-dhanori,1,Polarizing experiences
https://www.zomato.com/pune/caffe-tree-corner-balewadi,3,Low-volume neighborhood venues
https://www.zomato.com/pune/the-royal-maratha-baner,3,Low-volume neighborhood venues
https://www.zomato.com/pune/food-hub-baner,1,Polarizing experiences
https://www.zomato.com/pune/icy-spicy-1-baner,3,Low-volume neighborhood venues
https://www.zomato.com/pune/délhi-cious-viman-nagar,3,Low-volume neighborhood venues
https://www.zomato.com/pune/cafe-durga-3-wakad,3,Low-volume neighborhood venues
https://www.zomato.com/pune/mr-fries-1-bhosari,3,Low-volume neighborhood venues
https://www.zomato.com/pune/icy-spicy-dange-chowk,1,Polarizing experiences
https://www.zomato.com/pune/kasturi-biryani-house-pune-solapur-road,3,Low-volume neighborhood venues
https://www.zomato.com/pune/cafe-choco-craze-nigdi,3,Low-volume neighborhood venues
https://www.zomato.com/pune/guruji-ki-rasoi-nibm-road,1,Polarizing experiences
https://www.zomato.com/pune/chinese-inbox-magarpatta,1,Polarizing experiences
https://www.zomato.com/pune/sai-cafe-katta-satara-road,3,Low-volume neighborhood venues
https://www.zomato.com/pune/brew-beans-cafe-kondhwa,3,Low-volume neighborhood venues
https://www.zomato.com/pune/unity-kitchen-nibm-road,3,Low-volume neighborhood venues
https://www.zomato.com/pune/night-hungers-nh4-katraj,0,Premium dining
https://www.zomato.com/pune/cafe-irani-katta-mundhwa,1,Polarizing experiences
https://www.zomato.com/pune/jagdamb-bhel-panipuri-center-kothrud,3,Low-volume neighborhood venues
https://www.zomato.com/pune/deli-times-wakad,0,Premium dining
https://www.zomato.com/pune/the-big-bong-theory-viman-nagar,3,Low-volume neighborhood venues
https://www.zomato.com/pune/lokanath-restaurant-sinhgad-road,1,Polarizing experiences
https://www.zomato.com/pune/hot-garlic-hadapsar,1,Polarizing experiences
https://www.zomato.com/pune/rollitup-kharadi,3,Low-volume neighborhood venues
https://www.zomato.com/pune/aks-kitchen-hadapsar,3,Low-volume neighborhood venues
https://www.zomato.com/pune/desserts-shop-viman-nagar,1,Polarizing experiences
https://www.zomato.com/pune/creamy-culture-baner,3,Low-volume neighborhood venues
https://www.zomato.com/pune/tastesum-fast-food-nibm-road,3,Low-volume neighborhood venues
https://www.zomato.com/pune/s-k-roll-house-bibvewadi,3,Low-volume neighborhood venues
https://www.zomato.com/pune/pizza-place-hinjawadi,1,Polarizing experiences
https://www.zomato.com/pune/food-frolic-balewadi,3,Low-volume neighborhood venues
https://www.zomato.com/pune/sagas-thali-house-wadgaon-sheri,3,Low-volume neighborhood venues
https://www.zomato.com/pune/the-fuel-sinhgad-road,3,Low-volume neighborhood venues
https://www.zomato.com/pune/mumbai-haat-balewadi,3,Low-volume neighborhood venues
https://www.zomato.com/pune/mahis-biryani-sinhgad-road,1,Polarizing experiences
https://www.zomato.com/pune/uk-caterers-biryani-wadgaon-sheri,3,Low-volume neighborhood venues
https://www.zomato.com/pune/shaan-e-burger-kharadi,1,Polarizing experiences
https://www.zomato.com/pune/shree-ganesh-veg-non-veg-wagholi,3,Low-volume neighborhood venues
https://www.zomato.com/pune/max-non-veg-hinjawadi,3,Low-volume neighborhood venues
https://www.zomato.com/pune/shri-sai-ram-hotel-akurdi,3,Low-volume neighborhood venues
https://www.zomato.com/pune/ice-creammer-1-pimple-nilakh,3,Low-volume neighborhood venues
https://www.zomato.com/pune/wakad-corner-family-restaurant-pimple-saudagar,3,Low-volume neighborhood venues
https://www.zomato.com/pune/the-china-gate-wakad,3,Low-volume neighborhood venues
https://www.zomato.com/pune/ancient-andhra-pimple-nilakh,1,Polarizing experiences
https://www.zomato.com/pune/vedant-snacks-corner-wadgaon-sheri,3,Low-volume neighborhood venues
https://www.zomato.com/pune/the-mad-hatter-wanowrie,3,Low-volume neighborhood venues
https://www.zomato.com/pune/gauris-resto-kitchen-wanowrie,1,Polarizing experiences
https://www.zomato.com/pune/the-muscle-hustle-wakad,3,Low-volume neighborhood venues
https://www.zomato.com/pune/my-cake-story-wakad,3,Low-volume neighborhood venues
https://www.zomato.com/pune/sadapurna-puranpoli-pimple-gurav,3,Low-volume neighborhood venues
https://www.zomato.com/pune/cafe-aaddiction-kalyani-nagar,3,Low-volume neighborhood venues
https://www.zomato.com/pune/creamynuts-kondhwa,1,Polarizing experiences
https://www.zomato.com/pune/hotel-motel-kondhwa,1,Polarizing experiences
https://www.zomato.com/pune/kitchen-family-restaurant-akurdi,1,Polarizing experiences
https://www.zomato.com/pune/family-night-pizza-lohegaon,1,Polarizing experiences
https://www.zomato.com/pune/pokket-cafe-2-pimple-gurav,3,Low-volume neighborhood venues
https://www.zomato.com/pune/sunrise-cafe-kondhwa,3,Low-volume neighborhood venues
https://www.zomato.com/pune/cafe-katta-lohegaon,1,Polarizing experiences
https://www.zomato.com/pune/balaji-foods-wanowrie,1,Polarizing experiences
https://www.zomato.com/pune/biriyani-buddies-sinhgad-road,3,Low-volume neighborhood venues
https://www.zomato.com/pune/chinese-corner-pimple-nilakh,3,Low-volume neighborhood venues
https://www.zomato.com/pune/desi-kitchen-pimple-gurav,0,Premium dining
https://www.zomato.com/pune/manmohan-panipuri-shukrawar-peth,3,Low-volume neighborhood venues
https://www.zomato.com/pune/wake-n-bake-kothrud,1,Polarizing experiences
https://www.zomato.com/pune/the-bistro-bt-kawade-road,3,Low-volume neighborhood venues
https://www.zomato.com/pune/the-egg-corner-1-camp-area,3,Low-volume neighborhood venues
https://www.zomato.com/pune/achus-kitchen-bhosari,1,Polarizing experiences
https://www.zomato.com/pune/the-foodies-katta-kothrud,3,Low-volume neighborhood venues
https://www.zomato.com/pune/desi-chowpati-baner,1,Polarizing experiences
https://www.zomato.com/pune/night-byte-at-hot-box-katraj,1,Polarizing experiences
https://www.zomato.com/pune/hotel-aaswad-wadgaon-sheri,1,Polarizing experiences
https://www.zomato.com/pune/hotel-rajlakshmi-family-restaurants-narhe,1,Polarizing experiences
https://www.zomato.com/pune/kalawatis-kitchen-pashan,3,Low-volume neighborhood venues
https://www.zomato.com/pune/b-kwik-dhole-patil-road,1,Polarizing experiences
https://www.zomato.com/pune/shivraje-chinese-kharadi,1,Polarizing experiences
https://www.zomato.com/pune/new-rasilee-camp-area,3,Low-volume neighborhood venues
https://www.zomato.com/pune/the-chat-house-hadapsar,1,Polarizing experiences
https://www.zomato.com/pune/akiis-cafe-dhankawadi,3,Low-volume neighborhood venues
https://www.zomato.com/pune/cake-talk-with-chinmayi-hadapsar,3,Low-volume neighborhood venues
https://www.zomato.com/pune/binge-o-clock-hadapsar,3,Low-volume neighborhood venues
https://www.zomato.com/pune/neos-cafe-erandwane,3,Low-volume neighborhood venues
https://www.zomato.com/pune/stonarc-garden-restaurant-chakan,3,Low-volume neighborhood venues
https://www.zomato.com/pune/house-of-biryani-1-viman-nagar,3,Low-volume neighborhood venues
https://www.zomato.com/pune/on-the-grill-1-balewadi,3,Low-volume neighborhood venues
https://www.zomato.com/pune/radha-raman-1-senapati-bapat-road,1,Polarizing experiences
https://www.zomato.com/pune/amrut-sweets-khadki,3,Low-volume neighborhood venues
https://www.zomato.com/pune/sugran-ess-bavdhan,3,Low-volume neighborhood venues
https://www.zomato.com/pune/sonai-restaurant-wagholi,3,Low-volume neighborhood venues
https://www.zomato.com/pune/hotel-rakesh-snack-centre-wadgaon-sheri,3,Low-volume neighborhood venues
https://www.zomato.com/pune/burger-house-wagholi,1,Polarizing experiences
https://www.zomato.com/pune/rolls-magic-wagholi,3,Low-volume neighborhood venues
https://www.zomato.com/pune/niks-hinjawadi,3,Low-volume neighborhood venues
https://www.zomato.com/pune/hotel-nivant-pimpri,3,Low-volume neighborhood venues
https://www.zomato.com/pune/sivaaj-snacks-vishrantwadi,3,Low-volume neighborhood venues
https://www.zomato.com/pune/cafe-crimica-pimple-gurav,3,Low-volume neighborhood venues
https://www.zomato.com/pune/chatakdar-bibvewadi,3,Low-volume neighborhood venues
https://www.zomato.com/pune/hotel-sarjaa-chinchwad,3,Low-volume neighborhood venues
https://www.zomato.com/pune/hotel-yadav-magarpatta,3,Low-volume neighborhood venues
https://www.zomato.com/pune/red-spice-family-resto-sinhgad-road,1,Polarizing experiences
https://www.zomato.com/pune/bakhtar-caterers-biryani-house-camp-area,3,Low-volume neighborhood venues
https://www.zomato.com/pune/balgude-tiffin-dhankawadi,3,Low-volume neighborhood venues
https://www.zomato.com/pune/puneri-jhatka-kondhwa,3,Low-volume neighborhood venues
https://www.zomato.com/pune/the-big-o-pizza-shivaji-nagar,1,Polarizing experiences
https://www.zomato.com/pune/creamy-berg-1-viman-nagar,1,Polarizing experiences
https://www.zomato.com/pune/dhinchak-dabba-budhwar-peth,3,Low-volume neighborhood venues
https://www.zomato.com/pune/shree-resto-yerawada,3,Low-volume neighborhood venues
https://www.zomato.com/pune/kalpak-bhel-1-wanowrie,3,Low-volume neighborhood venues
https://www.zomato.com/grillers,1,Polarizing experiences
https://www.zomato.com/pune/shah-chinese-corner-viman-nagar,3,Low-volume neighborhood venues
https://www.zomato.com/pune/cafe-tea-talks-kondhwa,3,Low-volume neighborhood venues
https://www.zomato.com/pune/hotel-park-dhankawadi,1,Polarizing experiences
https://www.zomato.com/pune/bhook-bavdhan,3,Low-volume neighborhood venues
https://www.zomato.com/pune/cloves-biryani-kalyani-nagar,1,Polarizing experiences
https://www.zomato.com/pune/hotel-ashirwad-1-pimple-gurav,1,Polarizing experiences
https://www.zomato.com/pune/midnight-biryani-express-kharadi,1,Polarizing experiences
https://www.zomato.com/pune/a-sweet-affair-hinjawadi,1,Polarizing experiences
https://www.zomato.com/pune/ravis-kitchen-bibvewadi,1,Polarizing experiences
https://www.zomato.com/pune/shree-ganesh-snacks-and-fast-food-vishrantwadi,3,Low-volume neighborhood venues
https://www.zomato.com/pune/hotel-samadhan-satara-road,3,Low-volume neighborhood venues
https://www.zomato.com/pune/paprika-restaurant-phoenix-hotel-mundhwa,3,Low-volume neighborhood venues
https://www.zomato.com/pune/savory-sadashiv-peth,1,Polarizing experiences
https://www.zomato.com/pune/hotel-maharashtra-shivapur,1,Polarizing experiences
https://www.zomato.com/pune/the-coffee-corner-bibvewadi,3,Low-volume neighborhood venues
https://www.zomato.com/pune/little-chef-cafe-kharadi,3,Low-volume neighborhood venues
https://www.zomato.com/pune/hotel-shivmalahari-wakad,1,Polarizing experiences
https://www.zomato.com/pune/piquant-viman-nagar,3,Low-volume neighborhood venues
https://www.zomato.com/pune/sahayadri-restaurant-bhosari,3,Low-volume neighborhood venues
https://www.zomato.com/pune/burgizza-shivaji-nagar,1,Polarizing experiences
https://www.zomato.com/pune/cafe-r-shaniwar-peth,1,Polarizing experiences
https://www.zomato.com/pune/the-cafe-corner-shivaji-nagar,3,Low-volume neighborhood venues
https://www.zomato.com/pune/coffee-break-kondhwa,1,Polarizing experiences
https://www.zomato.com/pune/doughman-kondhwa,1,Polarizing experiences
https://www.zomato.com/pune/café-rio-aundh,3,Low-volume neighborhood venues
https://www.zomato.com/pune/pooja-garden-bavdhan,1,Polarizing experiences
https://www.zomato.com/pune/northern-spice-parvati,3,Low-volume neighborhood venues
https://www.zomato.com/pune/new-heaven-lohegaon,3,Low-volume neighborhood venues
https://www.zomato.com/pune/shree-veg-hadapsar,1,Polarizing experiences
https://www.zomato.com/pune/sawaji-pav-bhaji-and-snacks-mundhwa,1,Polarizing experiences
https://www.zomato.com/pune/shiv-bakers-pimple-saudagar,3,Low-volume neighborhood venues
https://www.zomato.com/f2k-food-truck,3,Low-volume neighborhood venues
https://www.zomato.com/pune/the-ktchn-wanowrie,3,Low-volume neighborhood venues
https://www.zomato.com/pune/chocolates-4-all-salunkhe-vihar-road,3,Low-volume neighborhood venues
https://www.zomato.com/pune/heaven-snacks-bar-kothrud,3,Low-volume neighborhood venues
https://www.zomato.com/pune/sweet-sins-by-shalini-camp-area,3,Low-volume neighborhood venues
https://www.zomato.com/chefs-pan-food-truck,3,Low-volume neighborhood venues
https://www.zomato.com/pune/bombay-koliwada-kondhwa,1,Polarizing experiences
https://www.zomato.com/pune/lazygreens-aundh,1,Polarizing experiences
https://www.zomato.com/pune/coronation-restaurant-camp-area,3,Low-volume neighborhood venues
https://www.zomato.com/pune/mast-malwani-lonavala,1,Polarizing experiences
https://www.zomato.com/pune/kitchen-night-rider-senapati-bapat-road,3,Low-volume neighborhood venues
https://www.zomato.com/pune/eat-pray-love-bhosari,3,Low-volume neighborhood venues
https://www.zomato.com/pune/alpha-q-1-viman-nagar,0,Premium dining
https://www.zomato.com/pune/silver-lining-lonavala,1,Polarizing experiences
https://www.zomato.com/pune/the-magical-spice-pimpri,3,Low-volume neighborhood venues
https://www.zomato.com/pune/galaxy-multi-cuisine-restaurant-chakan,3,Low-volume neighborhood venues
https://www.zomato.com/pune/sau-bhagya-choupati-fatima-nagar,3,Low-volume neighborhood venues
https://www.zomato.com/pune/hotel-ronita-paratha-pashan,0,Premium dining
https://www.zomato.com/pune/aaryaz-little-china-lohegaon,1,Polarizing experiences
https://www.zomato.com/pune/panchali-sweets-dhole-patil-road,1,Polarizing experiences
https://www.zomato.com/pune/big-swich-kondhwa,3,Low-volume neighborhood venues
https://www.zomato.com/pune/country-kitchen-hadapsar,3,Low-volume neighborhood venues
https://www.zomato.com/pune/vaijnath-amrutulya-hotel-pimpri,1,Polarizing experiences
https://www.zomato.com/pune/food-metro-nibm-road,1,Polarizing experiences
https://www.zomato.com/pune/we-can-end-cravings-wagholi,3,Low-volume neighborhood venues
https://www.zomato.com/pune/hotel-shivrahi-chakan,1,Polarizing experiences
https://www.zomato.com/pune/headshot-nibm-road,1,Polarizing experiences
https://www.zomato.com/pune/chini-mini-shivaji-nagar,3,Low-volume neighborhood venues
https://www.zomato.com/pune/chopati-lonavala,3,Low-volume neighborhood venues
https://www.zomato.com/pune/jhulelal-ice-creams-sweets-pimpri,3,Low-volume neighborhood venues
https://www.zomato.com/pune/hotel-anisha-garden-pune-solapur-road,0,Premium dining
https://www.zomato.com/pune/hotel-sankalp-chakan,1,Polarizing experiences
https://www.zomato.com/pune/baked-and-boxed-magarpatta,3,Low-volume neighborhood venues
https://www.zomato.com/pune/young-indian-fatima-nagar,3,Low-volume neighborhood venues
https://www.zomato.com/pune/easta-cafe-wagholi,1,Polarizing experiences
https://www.zomato.com/pune/athiti-pure-veg-bhosari,3,Low-volume neighborhood venues
https://www.zomato.com/pune/hotel-golden-swargate,3,Low-volume neighborhood venues
https://www.zomato.com/pune/tiranga-biryani-house-pimple-gurav,1,Polarizing experiences
https://www.zomato.com/pune/manisha-dosa-center-karve-nagar,1,Polarizing experiences
https://www.zomato.com/pune/new-sidhivinayak-vadapav-center-bhosari,3,Low-volume neighborhood venues
https://www.zomato.com/pune/chintamani-rasta-peth,3,Low-volume neighborhood venues
https://www.zomato.com/pune/vishwavilas-bhosari,3,Low-volume neighborhood venues
https://www.zomato.com/pune/cafe-djinn-kothrud,3,Low-volume neighborhood venues
https://www.zomato.com/pune/rohman-cakes-bakes-katraj,3,Low-volume neighborhood venues
https://www.zomato.com/pune/chandni-garden-sinhgad-road,1,Polarizing experiences
https://www.zomato.com/pune/shree-jagadamb-bibvewadi,0,Premium dining
https://www.zomato.com/pune/capresso-coffee-shivaji-nagar,3,Low-volume neighborhood venues
https://www.zomato.com/pune/ganesh-corner-lonavala,3,Low-volume neighborhood venues
https://www.zomato.com/pune/cafe-xtra-dose-karve-nagar,0,Premium dining
https://www.zomato.com/pune/amrutvel-dehu-road,3,Low-volume neighborhood venues
https://www.zomato.com/pune/keys-cafe-keys-select-hotel-pimpri,2,High-volume crowd favorites
https://www.zomato.com/pune/thebakersfactory-hinjawadi,3,Low-volume neighborhood venues
https://www.zomato.com/pune/hotel-chandramay-shivapur,3,Low-volume neighborhood venues
https://www.zomato.com/pune/felix-bar-holiday-inn-pune-hinjawadi-hinjawadi,2,High-volume crowd favorites
https://www.zomato.com/pune/dress-circle-bar-deccan-gymkhana,3,Low-volume neighborhood venues
https://www.zomato.com/pune/connexions-lounge-bar-holiday-inn-pune-hinjawadi-hinjawadi,2,High-volume crowd favorites
https://www.zomato.com/pune/savariya-mastani-akurdi,1,Polarizing experiences
https://www.zomato.com/pune/balaji-hotel-balewadi,3,Low-volume neighborhood venues
https://www.zomato.com/pune/vandan-khadki,3,Low-volume neighborhood venues
https://www.zomato.com/pune/guptajis-tasty-bites-kothrud,3,Low-volume neighborhood venues
https://www.zomato.com/pune/real-china-garden-kothrud,3,Low-volume neighborhood venues
https://www.zomato.com/pune/nandi-restaurant-bar-lonavala,1,Polarizing experiences
https://www.zomato.com/pune/guruprasad-snacks-rasta-peth,3,Low-volume neighborhood venues
https://www.zomato.com/pune/neelam-restaurant-pure-veg-bhosari,3,Low-volume neighborhood venues
https://www.zomato.com/pune/tea-house-old-mumbai-pune-highway,3,Low-volume neighborhood venues
https://www.zomato.com/pune/past-times-lavasa,0,Premium dining
https://www.zomato.com/pune/datta-uphar-gruha-sadashiv-peth,3,Low-volume neighborhood venues
https://www.zomato.com/pune/the-kitchen-mundhwa,1,Polarizing experiences
https://www.zomato.com/pune/anarse-samosewale-sadashiv-peth,0,Premium dining
https://www.zomato.com/pune/shiv-sunder-garden-shivapur,3,Low-volume neighborhood venues
https://www.zomato.com/pune/bakers-palace-fatima-nagar,3,Low-volume neighborhood venues
https://www.zomato.com/pune/cafe-lucky-shivaji-nagar,3,Low-volume neighborhood venues
https://www.zomato.com/pune/manali-cool-club-satara-road,1,Polarizing experiences
https://www.zomato.com/pune/italino-hut-viman-nagar,1,Polarizing experiences
https://www.zomato.com/pune/hotel-shivshahi-pimple-saudagar,1,Polarizing experiences
https://www.zomato.com/pune/famous-biryani-salunkhe-vihar-road,1,Polarizing experiences
https://www.zomato.com/pune/hotel-food-court-wadgaon-sheri,3,Low-volume neighborhood venues
https://www.zomato.com/pune/inditoss-viman-nagar,3,Low-volume neighborhood venues
https://www.zomato.com/pune/only-biryani-pimpri,1,Polarizing experiences
https://www.zomato.com/pune/dawat-e-tandoor-pimple-nilakh,1,Polarizing experiences
https://www.zomato.com/pune/the-munch-bistro-salunkhe-vihar-road,3,Low-volume neighborhood venues
https://www.zomato.com/pune/the-last-attempt-shukrawar-peth,3,Low-volume neighborhood venues
https://www.zomato.com/pune/cafe-krew-brew-sadashiv-peth,1,Polarizing experiences
https://www.zomato.com/pune/rn-cafe-kondhwa,1,Polarizing experiences
https://www.zomato.com/pune/vrudheshwar-pure-veg-shivaji-nagar,0,Premium dining
https://www.zomato.com/pune/surmai-deccan-gymkhana,1,Polarizing experiences
https://www.zomato.com/pune/hotel-siddhivinayak-family-restaurant-chinchwad,3,Low-volume neighborhood venues
https://www.zomato.com/pune/royal-chinese-family-restaurants-bhosari,1,Polarizing experiences
https://www.zomato.com/pune/hotel-mh-14-wakad,3,Low-volume neighborhood venues
https://www.zomato.com/pune/ambrozia-patisserie-viman-nagar,0,Premium dining
https://www.zomato.com/pune/hot-fresh-spicy-momos-viman-nagar,3,Low-volume neighborhood venues
https://www.zomato.com/pune/hotel-indrayani-lohegaon,3,Low-volume neighborhood venues
https://www.zomato.com/pune/hotel-ayushman-lohegaon,1,Polarizing experiences
https://www.zomato.com/pune/bite-me-pimple-gurav,0,Premium dining
https://www.zomato.com/pune/hotel-gurukrupa-bibvewadi,1,Polarizing experiences
https://www.zomato.com/pune/swaraj-indori-peshwai-katraj,1,Polarizing experiences
https://www.zomato.com/pune/golden-coast-pimple-gurav,0,Premium dining
https://www.zomato.com/pune/netra-fast-food-lonavala,1,Polarizing experiences
https://www.zomato.com/pune/cafe-pune-nibm-road,3,Low-volume neighborhood venues
https://www.zomato.com/pune/mughlai-matka-nibm-road,0,Premium dining
https://www.zomato.com/pune/am-s-cafe-salunkhe-vihar-road,0,Premium dining
https://www.zomato.com/pune/wok-and-bite-1-pimple-saudagar,3,Low-volume neighborhood venues
https://www.zomato.com/pune/janseva-hotel-dhankawadi,3,Low-volume neighborhood venues
https://www.zomato.com/pune/foodniac-kothrud,1,Polarizing experiences
https://www.zomato.com/pune/city-taste-dhankawadi,3,Low-volume neighborhood venues
https://www.zomato.com/pune/aditya-chinese-centre-hinjawadi,3,Low-volume neighborhood venues
https://www.zomato.com/pune/rolled-up-haven-wadgaon-sheri,3,Low-volume neighborhood venues
https://www.zomato.com/pune/desi-tadka-1-lohegaon,3,Low-volume neighborhood venues
https://www.zomato.com/pune/moonlight-veg-non-veg-chinese-kothrud,1,Polarizing experiences
https://www.zomato.com/pune/snooker-freak-cafe-narhe,3,Low-volume neighborhood venues
https://www.zomato.com/pune/amara-viman-nagar,1,Polarizing experiences
https://www.zomato.com/pune/the-real-shawarma-ji-kondhwa,1,Polarizing experiences
https://www.zomato.com/pune/laxmi-veg-restaurant-1-budhwar-peth,3,Low-volume neighborhood venues
https://www.zomato.com/pune/dawat-laziz-dum-biryani-house-karve-nagar,1,Polarizing experiences
https://www.zomato.com/pune/dwarkadhish-farsan-mart-wakad,0,Premium dining
https://www.zomato.com/pune/manas-family-restaurant-bar-bhugaon,0,Premium dining
https://www.zomato.com/pune/saras-snacks-hadapsar,1,Polarizing experiences
https://www.zomato.com/pune/baba-biryani-yerawada,1,Polarizing experiences
https://www.zomato.com/pune/dragon-palace-wakad,1,Polarizing experiences
https://www.zomato.com/pune/lai-bhari-laturkar-pimpri,0,Premium dining
https://www.zomato.com/pune/shashwat-resto-hadapsar,0,Premium dining
https://www.zomato.com/pune/smritis-hinglish-cafe-fc-road,0,Premium dining
https://www.zomato.com/pune/coffee-shop-fariyas-holiday-resort-lonavala,2,High-volume crowd favorites
https://www.zomato.com/pune/richies-cake-shop-bavdhan,0,Premium dining
https://www.zomato.com/pune/punjabi-junction-pimple-saudagar,0,Premium dining
https://www.zomato.com/pune/chintamani-bibvewadi,1,Polarizing experiences
https://www.zomato.com/pune/prathamesh-roll-house-talegaon,1,Polarizing experiences
https://www.zomato.com/pune/garam-masala-pimple-saudagar,1,Polarizing experiences
https://www.zomato.com/pune/lucky-restaurant-hinjawadi,2,High-volume crowd favorites
https://www.zomato.com/punjabi-chulha-food-truck,1,Polarizing experiences
https://www.zomato.com/pune/aroha-pizza-cafe-katraj,3,Low-volume neighborhood venues
https://www.zomato.com/pune/reddys-biryani-house-baner,1,Polarizing experiences
https://www.zomato.com/pune/nagpuri-saoji-special-restaurant-wakad,3,Low-volume neighborhood venues
https://www.zomato.com/pune/berojgar-engineers-katraj,1,Polarizing experiences
https://www.zomato.com/pune/hotel-khandesh-pashan,3,Low-volume neighborhood venues
https://www.zomato.com/pune/chal-kuch-khaate-kothrud,3,Low-volume neighborhood venues
https://www.zomato.com/pune/biryani-lovers-sinhgad-road,0,Premium dining
https://www.zomato.com/pune/chai-la-tandoor-chai-kharadi,0,Premium dining
https://www.zomato.com/pune/maharaja-misal-house-hadapsar,1,Polarizing experiences
https://www.zomato.com/pune/question-mark-taste-of-assam-hinjawadi,1,Polarizing experiences
https://www.zomato.com/pune/shree-radhakrishna-hinjawadi,0,Premium dining
https://www.zomato.com/pune/sai-snacks-yard-sinhgad-road,1,Polarizing experiences
https://www.zomato.com/pune/sholay-1-pimple-saudagar,0,Premium dining
https://www.zomato.com/pune/hotel-friends-chinchwad,1,Polarizing experiences
https://www.zomato.com/pune/lovely-food-baner,0,Premium dining
https://www.zomato.com/pune/hotel-jagdamb-akurdi,1,Polarizing experiences
https://www.zomato.com/pune/tavern-fariyas-holiday-resort-lonavala,3,Low-volume neighborhood venues
https://www.zomato.com/pune/pawan-chowmein-chinese-dhanori,1,Polarizing experiences
https://www.zomato.com/pune/royal-spice-kharadi,0,Premium dining
https://www.zomato.com/pune/indori-dal-baati-wakad,3,Low-volume neighborhood venues
https://www.zomato.com/pune/pahilwan-daa-dhaba-2-wakad,1,Polarizing experiences
https://www.zomato.com/pune/the-hangout-wagholi,2,High-volume crowd favorites
https://www.zomato.com/pune/aryans-resto-n-bar-mundhwa,0,Premium dining
https://www.zomato.com/pune/dhar-darbar-chinchwad,1,Polarizing experiences
https://www.zomato.com/pune/appa-idli-dosa-center-ravet,3,Low-volume neighborhood venues
https://www.zomato.com/pune/sai-paratha-hadapsar,3,Low-volume neighborhood venues
https://www.zomato.com/pune/mammas-food-kothrud,1,Polarizing experiences
https://www.zomato.com/pune/baithak-vishrantwadi,1,Polarizing experiences
https://www.zomato.com/pune/vaishnavi-garden-restaurant-2-wagholi,0,Premium dining
https://www.zomato.com/pune/fountain-hot-chinese-fast-food-1-pimpri,1,Polarizing experiences
https://www.zomato.com/pune/highwayz-wakad,0,Premium dining
https://www.zomato.com/pune/cafe-9-bhosari,3,Low-volume neighborhood venues
https://www.zomato.com/pune/sher-e-punjab-lonavala,3,Low-volume neighborhood venues
https://www.zomato.com/pune/ozara-chakan,0,Premium dining
https://www.zomato.com/pune/jadhavrao-parvati,1,Polarizing experiences
https://www.zomato.com/pune/v-italino-hadapsar,1,Polarizing experiences
https://www.zomato.com/pune/sundaram-idli-house-camp-area,0,Premium dining
https://www.zomato.com/pune/cinnamon-restaurant-rasta-peth,0,Premium dining
https://www.zomato.com/pune/prince-resto-n-bar-hadapsar,1,Polarizing experiences
https://www.zomato.com/pune/atmosphere-viman-nagar,3,Low-volume neighborhood venues
https://www.zomato.com/pune/hotel-garwa-hadapsar,1,Polarizing experiences
https://www.zomato.com/delicia,0,Premium dining
https://www.zomato.com/pune/punjabi-chole-bhature-katraj,1,Polarizing experiences
https://www.zomato.com/pune/eatmode-jm-road,0,Premium dining
https://www.zomato.com/pune/indore-express-wakad,0,Premium dining
https://www.zomato.com/pune/punjabi-hatti-viman-nagar,1,Polarizing experiences
https://www.zomato.com/pune/hola-amigos-pimpri,1,Polarizing experiences
https://www.zomato.com/pune/cake-dessert-ravet,1,Polarizing experiences
https://www.zomato.com/pune/hotel-great-india-hadapsar,1,Polarizing experiences
https://www.zomato.com/pune/kolhapur-spice-pimple-saudagar,1,Polarizing experiences
https://www.zomato.com/pune/crazy-kitchen-karve-nagar,0,Premium dining
https://www.zomato.com/pune/chaitanya-snacks-hadapsar,1,Polarizing experiences
https://www.zomato.com/pune/khandeshi-spice-pimple-nilakh,1,Polarizing experiences
https://www.zomato.com/pune/chinese-king-magarpatta,1,Polarizing experiences
https://www.zomato.com/pune/big-burger-factory-wadgaon-sheri,1,Polarizing experiences
https://www.zomato.com/pune/the-food-e-wadgaon-sheri,1,Polarizing experiences
https://www.zomato.com/pune/riwaayat-chinchwad,2,High-volume crowd favorites
https://www.zomato.com/pune/hotel-ashirwad-pune-solapur-road,1,Polarizing experiences
https://www.zomato.com/pune/hotel-new-mahalaxmi-nibm-road,0,Premium dining
https://www.zomato.com/pune/shirish-chaina-park-chinchwad,1,Polarizing experiences
https://www.zomato.com/pune/nisarg-garden-dhaba-katraj,1,Polarizing experiences
https://www.zomato.com/pune/holy-basil-pure-veg-restaurant-bhosari,1,Polarizing experiences
https://www.zomato.com/pune/kalyan-bhel-katraj,0,Premium dining
https://www.zomato.com/pune/shivba-darbar-lohegaon,3,Low-volume neighborhood venues
https://www.zomato.com/pune/d-k-biryani-house-sinhgad-road,0,Premium dining
https://www.zomato.com/pune/bombay-food-kitchen-lonavala,0,Premium dining
https://www.zomato.com/pune/mukuls-chinese-fast-food-pimple-gurav,1,Polarizing experiences
https://www.zomato.com/pune/kimling-hadapsar,0,Premium dining
https://www.zomato.com/pune/pallavi-veg-kothrud,0,Premium dining
https://www.zomato.com/pune/bombay-rolls-kharadi,3,Low-volume neighborhood venues
https://www.zomato.com/pune/lucknow-meri-jaan-pimple-nilakh,0,Premium dining
https://www.zomato.com/pune/balaji-fast-food-corner-lonavala,1,Polarizing experiences
https://www.zomato.com/pune/shri-kailash-dairy-shukrawar-peth,3,Low-volume neighborhood venues
https://www.zomato.com/pune/hotel-kishor-veg-nonveg-lohegaon,1,Polarizing experiences
https://www.zomato.com/pune/beyond-coffee-2-wakad,0,Premium dining
https://www.zomato.com/pune/manglore-express-hinjawadi,1,Polarizing experiences
https://www.zomato.com/pune/biryani-factory-hadapsar,0,Premium dining
https://www.zomato.com/pune/relax-pure-veg-wakad,1,Polarizing experiences
https://www.zomato.com/pune/game-of-spices-lohegaon,3,Low-volume neighborhood venues
https://www.zomato.com/pune/zaika-family-restaurant-hadapsar,3,Low-volume neighborhood venues
https://www.zomato.com/pune/chinese-hub-wakad,0,Premium dining
https://www.zomato.com/pune/village-curry-2-hadapsar,0,Premium dining
https://www.zomato.com/pune/the-foods-empire-warje,1,Polarizing experiences
https://www.zomato.com/pune/mai-wadewale-bhosari,1,Polarizing experiences
https://www.zomato.com/pune/moody-foody-1-wakad,1,Polarizing experiences
https://www.zomato.com/pune/kanaka-durga-wakad,0,Premium dining
https://www.zomato.com/pune/sweets-india-kharadi,1,Polarizing experiences
https://www.zomato.com/pune/hotel-shivsagar-pune-solapur-road,1,Polarizing experiences
https://www.zomato.com/pune/shree-mourya-misal-snacks-katraj,1,Polarizing experiences
https://www.zomato.com/pune/rajendra-paav-bhaji-rasta-peth,0,Premium dining
https://www.zomato.com/pune/ruchira-snacks-chinchwad,0,Premium dining
https://www.zomato.com/pune/prabha-vishranti-gruha-shaniwar-peth,0,Premium dining
https://www.zomato.com/pune/hotel-tushar-kondhwa,0,Premium dining
https://www.zomato.com/pune/raw-cube-bhosari,2,High-volume crowd favorites
https://www.zomato.com/pune/lahorie-pimple-saudagar,0,Premium dining
https://www.zomato.com/pune/jack-n-lerry-cafe-restaurant-katraj,1,Polarizing experiences
https://www.zomato.com/pune/nirman-maratha-mughlai-dhole-patil-road,0,Premium dining
https://www.zomato.com/pune/99-dishes-1-wakad,0,Premium dining
https://www.zomato.com/pune/relax-family-garden-resto-bar-sinhgad-road,1,Polarizing experiences
https://www.zomato.com/pune/new-hyderabad-house-pimpri,1,Polarizing experiences
https://www.zomato.com/pune/swad-food-court-wanowrie,3,Low-volume neighborhood venues
https://www.zomato.com/pune/pangs-bhosari,3,Low-volume neighborhood venues
https://www.zomato.com/pune/coffee-all-day-warje,3,Low-volume neighborhood venues
https://www.zomato.com/pune/sattvikan-cafe-kondhwa,3,Low-volume neighborhood venues
https://www.zomato.com/pune/urban-chulha-katraj,0,Premium dining
https://www.zomato.com/pune/sweet-treats-dhanori,1,Polarizing experiences
https://www.zomato.com/pune/arabian-eats-magarpatta,1,Polarizing experiences
https://www.zomato.com/pune/chakna-express-dubai-shwarma-wakad,3,Low-volume neighborhood venues
https://www.zomato.com/pune/hotel-tanishka-1-hadapsar,1,Polarizing experiences
https://www.zomato.com/pune/indian-online-delicacies-1-pimpri,0,Premium dining
https://www.zomato.com/pune/cafe-96-chinchwad,0,Premium dining
https://www.zomato.com/pune/chakh-le-bavdhan,1,Polarizing experiences
https://www.zomato.com/pune/krishna-mumbai-pavbhaji-kp-yerawada,3,Low-volume neighborhood venues
https://www.zomato.com/pune/shawarma-bites-1-katraj,1,Polarizing experiences
https://www.zomato.com/pune/kapila-garden-restaurant-bar-dhole-patil-road,1,Polarizing experiences
https://www.zomato.com/pune/tea-cafe-bhosari,3,Low-volume neighborhood venues
https://www.zomato.com/pune/new-chopstick-hub-dhole-patil-road,3,Low-volume neighborhood venues
https://www.zomato.com/pune/mansi-snacks-katraj,3,Low-volume neighborhood venues
https://www.zomato.com/pune/sai-zaika-restaurant-yerawada,1,Polarizing experiences
https://www.zomato.com/pune/hotel-maufa-place-pimple-saudagar,1,Polarizing experiences
https://www.zomato.com/pune/fun-loaded-food-2-senapati-bapat-road,1,Polarizing experiences
https://www.zomato.com/pune/lazeez-biryani-house-nigdi,0,Premium dining
https://www.zomato.com/pune/khansahab-salunkhe-vihar-road,1,Polarizing experiences
https://www.zomato.com/pune/tittos-corner-wagholi,1,Polarizing experiences
https://www.zomato.com/pune/relax-roll-house-sinhgad-road,1,Polarizing experiences
https://www.zomato.com/pune/hotel-samrudhi-biryani-house-kharadi,1,Polarizing experiences
https://www.zomato.com/pune/crazy-burger-point-wagholi,1,Polarizing experiences
https://www.zomato.com/pune/tikka-and-curries-viman-nagar,1,Polarizing experiences
https://www.zomato.com/pune/nashikkar-ttmm-misal-katta-pimple-saudagar,0,Premium dining
https://www.zomato.com/pune/wimpys-bistro-1-magarpatta,1,Polarizing experiences
https://www.zomato.com/pune/nightexpress-in-wakad,1,Polarizing experiences
https://www.zomato.com/pune/sahyadri-misal-kothrud,3,Low-volume neighborhood venues
https://www.zomato.com/pune/punjab-express-bavdhan,1,Polarizing experiences
https://www.zomato.com/pune/wow-kolkata-wadgaon-sheri,1,Polarizing experiences
https://www.zomato.com/pune/aaryas-chinese-corner-bavdhan,1,Polarizing experiences
https://www.zomato.com/pune/golden-misal-shivane,1,Polarizing experiences
https://www.zomato.com/pune/kharwas-more-kothrud,1,Polarizing experiences
https://www.zomato.com/pune/cakes-n-cakes-pimple-nilakh,0,Premium dining
https://www.zomato.com/pune/hotel-bhauchi-missal-warje,0,Premium dining
https://www.zomato.com/pune/paratha-makkhan-mar-ke-1-kharadi,3,Low-volume neighborhood venues
https://www.zomato.com/pune/hotel-saptarang-chakan,1,Polarizing experiences
https://www.zomato.com/pune/janvi-restaurant-bhugaon,1,Polarizing experiences
https://www.zomato.com/pune/classic-food-court-balewadi,1,Polarizing experiences
https://www.zomato.com/pune/choudhary-dhaba-chakan,1,Polarizing experiences
https://www.zomato.com/pune/annapurna-lonavala,0,Premium dining
https://www.zomato.com/pune/satviks-sarang-parvati,1,Polarizing experiences
https://www.zomato.com/pune/nutri-food-cafe-pimple-nilakh,1,Polarizing experiences
https://www.zomato.com/pune/shipyard-1-wanowrie,1,Polarizing experiences
https://www.zomato.com/pune/samarth-biryanis-erandwane,1,Polarizing experiences
https://www.zomato.com/pune/firefly-parc-estique-1-viman-nagar,0,Premium dining
https://www.zomato.com/pune/dutchess-the-dukes-retreat-lonavala,0,Premium dining
https://www.zomato.com/pune/hotel-ashoka-regency-chinchwad,0,Premium dining
https://www.zomato.com/pune/al-zaika-biryani-house-baner,3,Low-volume neighborhood venues
https://www.zomato.com/pune/naan-factory-balewadi,0,Premium dining
https://www.zomato.com/pune/hotbox-cafe-and-meals-kondhwa,3,Low-volume neighborhood venues
https://www.zomato.com/pune/handi-biryani-magarpatta,0,Premium dining
https://www.zomato.com/pune/vyankis-eating-co-karve-nagar,0,Premium dining
https://www.zomato.com/pune/tibbs-frankie-aundh,3,Low-volume neighborhood venues
https://www.zomato.com/pune/cafe-taiba-camp-area,3,Low-volume neighborhood venues
https://www.zomato.com/pune/village-narhe,1,Polarizing experiences
https://www.zomato.com/pune/north-to-south-1-kothrud,1,Polarizing experiences
https://www.zomato.com/pune/tamarind-lonavala,1,Polarizing experiences
https://www.zomato.com/pune/daiwong-viman-nagar,0,Premium dining
https://www.zomato.com/pune/lasas-kitchen-wanowrie,1,Polarizing experiences
https://www.zomato.com/pune/bashree-hadapsar,1,Polarizing experiences
https://www.zomato.com/pune/niwant-garden-restaurant-bavdhan,0,Premium dining
https://www.zomato.com/pune/amritsari-kulcha-magarpatta,0,Premium dining
https://www.zomato.com/pune/zaika-biryani-kheema-house-katraj,1,Polarizing experiences
https://www.zomato.com/pune/krabi-town-the-oriental-restaurant-kondhwa,0,Premium dining
https://www.zomato.com/pune/churros-cafe-1-baner,2,High-volume crowd favorites
https://www.zomato.com/pune/the-baking-genie-kothrud,1,Polarizing experiences
https://www.zomato.com/pune/gargi-dining-hall-kharadi,3,Low-volume neighborhood venues
https://www.zomato.com/pune/khavayyegiri-sinhgad-road,3,Low-volume neighborhood venues
https://www.zomato.com/pune/papa-luigi-nibm-road,1,Polarizing experiences
https://www.zomato.com/pune/khushi-2-pimpri,3,Low-volume neighborhood venues
https://www.zomato.com/pune/adraq-by-oyo-koregaon-park,1,Polarizing experiences
https://www.zomato.com/pune/punjabi-tadka-lohegaon,1,Polarizing experiences
https://www.zomato.com/pune/trupti-veg-restaurant-kondhwa,3,Low-volume neighborhood venues
https://www.zomato.com/pune/poonam-hotel-wakad,1,Polarizing experiences
https://www.zomato.com/pune/whistle-podu-hinjawadi,1,Polarizing experiences
https://www.zomato.com/pune/rasoi-king-hadapsar,1,Polarizing experiences
https://www.zomato.com/pune/misal-katta-karve-nagar,0,Premium dining
https://www.zomato.com/pune/hotel-jai-malhar-biryani-house-vishrantwadi,1,Polarizing experiences
https://www.zomato.com/pune/saras-pavbhaji-parvati,1,Polarizing experiences
https://www.zomato.com/pune/pizzerio-pimple-gurav,1,Polarizing experiences
https://www.zomato.com/pune/hotel-malhar-mutton-bhakari-hinjawadi,0,Premium dining
https://www.zomato.com/pune/eat-street-cafe-swargate,1,Polarizing experiences
https://www.zomato.com/pune/hotel-visava-dehu-road,1,Polarizing experiences
https://www.zomato.com/pune/arafa-restaurant-chandan-nagar,0,Premium dining
https://www.zomato.com/pune/the-veg-express-wakad,1,Polarizing experiences
https://www.zomato.com/pune/china-park-koregaon-park,0,Premium dining
https://www.zomato.com/pune/cafe-dreamland-narhe,1,Polarizing experiences
https://www.zomato.com/pune/twenty-nine-all-day-dining-wakad,2,High-volume crowd favorites
https://www.zomato.com/pune/urban-curry-kharadi,1,Polarizing experiences
https://www.zomato.com/pune/kesariyo-thal-nigdi,0,Premium dining
https://www.zomato.com/pune/now-then-katraj,3,Low-volume neighborhood venues
https://www.zomato.com/pune/swaadey-aalladey-2-hinjawadi,1,Polarizing experiences
https://www.zomato.com/pune/falafels-2-viman-nagar,1,Polarizing experiences
https://www.zomato.com/pune/ya-habibi-fatayer-nibm-road,0,Premium dining
https://www.zomato.com/pune/the-veg-culture-sinhgad-road,1,Polarizing experiences
https://www.zomato.com/pune/big-ms-1-aundh,2,High-volume crowd favorites
https://www.zomato.com/pune/swayampak-poli-bhaji-center-wakad,0,Premium dining
https://www.zomato.com/pune/rajusheth-misalwale-vishrantwadi,0,Premium dining
https://www.zomato.com/pune/celebration-point-hinjawadi,2,High-volume crowd favorites
https://www.zomato.com/pune/shri-sai-tiffins-pune-solapur-road,3,Low-volume neighborhood venues
https://www.zomato.com/pune/kp-hotel-wadgaon-sheri,0,Premium dining
https://www.zomato.com/pune/cafe-liquid-lounge-pimple-nilakh,3,Low-volume neighborhood venues
https://www.zomato.com/pune/saruj-shetkari-hotel-satara-road,1,Polarizing experiences
https://www.zomato.com/pune/maa-roties-curries-dange-chowk,1,Polarizing experiences
https://www.zomato.com/pune/kebab-corner-kharadi,1,Polarizing experiences
https://www.zomato.com/pune/shree-caterers-karve-nagar,1,Polarizing experiences
https://www.zomato.com/pune/new-sinhagad-fountain-narhe,3,Low-volume neighborhood venues
https://www.zomato.com/pune/mad-over-cake-lohegaon,1,Polarizing experiences
https://www.zomato.com/pune/konkan-swad-vishrantwadi,3,Low-volume neighborhood venues
https://www.zomato.com/pune/heads-tales-wagholi,3,Low-volume neighborhood venues
https://www.zomato.com/pune/mad-eats-wakad,3,Low-volume neighborhood venues
https://www.zomato.com/pune/punjabi-aroma-kothrud,0,Premium dining
https://www.zomato.com/pune/bakers-treat-hadapsar,0,Premium dining
https://www.zomato.com/pune/shree-swami-samarth-pav-bhaji-juice-center-bibvewadi,1,Polarizing experiences
https://www.zomato.com/pune/khansahab-magarpatta,1,Polarizing experiences
https://www.zomato.com/pune/alok-restaurant-bar-shivaji-nagar,1,Polarizing experiences
https://www.zomato.com/pune/jojos-kitchen-balewadi,0,Premium dining
https://www.zomato.com/pune/cafe-grand-5-kondhwa,3,Low-volume neighborhood venues
https://www.zomato.com/pune/coffee-crafts-wagholi,3,Low-volume neighborhood venues
https://www.zomato.com/pune/hotel-maharaja-1-chakan,1,Polarizing experiences
https://www.zomato.com/pune/fc-chaat-house-fc-road,0,Premium dining
https://www.zomato.com/pune/mezban-wakad,2,High-volume crowd favorites
https://www.zomato.com/pune/nutri-toss-erandwane,3,Low-volume neighborhood venues
https://www.zomato.com/pune/kuchen-cafe-kothrud,1,Polarizing experiences
https://www.zomato.com/pune/le-petit-four-bibvewadi,0,Premium dining
https://www.zomato.com/pune/irani-corner-lohegaon,3,Low-volume neighborhood venues
https://www.zomato.com/pune/aromas-biryani-house-baner,3,Low-volume neighborhood venues
https://www.zomato.com/pune/neha-cafe-2-parvati,3,Low-volume neighborhood venues
https://www.zomato.com/pune/red-chinese-warje,1,Polarizing experiences
https://www.zomato.com/pune/jalaram-khaman-hinjawadi,1,Polarizing experiences
https://www.zomato.com/pune/heenaz-restaurant-kondhwa,0,Premium dining
https://www.zomato.com/pune/poorvas-food-mall-aundh,1,Polarizing experiences
https://www.zomato.com/pune/master-chef-narhe,1,Polarizing experiences
https://www.zomato.com/pune/vishwavilas-biryani-house-bhosari,1,Polarizing experiences
https://www.zomato.com/pune/shivam-tandoori-special-pimple-saudagar,3,Low-volume neighborhood venues
https://www.zomato.com/pune/copper-handi-hadapsar,0,Premium dining
https://www.zomato.com/pune/florres-bt-kawade-road,3,Low-volume neighborhood venues
https://www.zomato.com/pune/juice-world-east-street,1,Polarizing experiences
https://www.zomato.com/pune/joshi-idli-dosa-narhe,1,Polarizing experiences
https://www.zomato.com/pune/red-chilli-kitchen-hinjawadi,0,Premium dining
https://www.zomato.com/pune/cafe-com-pimple-gurav,1,Polarizing experiences
https://www.zomato.com/pune/suswaad-biryani-house-sinhgad-road,1,Polarizing experiences
https://www.zomato.com/pune/kgn-darbar-kharadi,1,Polarizing experiences
https://www.zomato.com/pune/persian-cafe-nibm-road,1,Polarizing experiences
https://www.zomato.com/pune/house-of-china-1-khadki,0,Premium dining
https://www.zomato.com/pune/cafe-foodie-1-kharadi,1,Polarizing experiences
https://www.zomato.com/pune/saffron-wagholi,1,Polarizing experiences
https://www.zomato.com/pune/sangam-delhi-chat-house-dhanori,3,Low-volume neighborhood venues
https://www.zomato.com/pune/hotel-samrat-pune-solapur-road,1,Polarizing experiences
https://www.zomato.com/pune/gem-restaurant-east-street,1,Polarizing experiences
https://www.zomato.com/pune/hotel-pranaam-veg-hadapsar,0,Premium dining
https://www.zomato.com/pune/kathys-burgertown-kalyani-nagar,3,Low-volume neighborhood venues
https://www.zomato.com/pune/hotel-royal-palms-resto-talegaon,1,Polarizing experiences
https://www.zomato.com/pune/cawaah-pimple-saudagar,0,Premium dining
https://www.zomato.com/pune/the-london-shakes-bhosari,1,Polarizing experiences
https://www.zomato.com/pune/jashn-e-awadh-pimple-nilakh,1,Polarizing experiences
https://www.zomato.com/pune/the-dum-biryani-baner,1,Polarizing experiences
https://www.zomato.com/pune/hotel-kaajawa-garden-restaurant-bhosari,1,Polarizing experiences
https://www.zomato.com/pune/vinus-special-panipuri-matki-bhel-nigdi,0,Premium dining
https://www.zomato.com/pune/my-cafe-kothrud,0,Premium dining
https://www.zomato.com/pune/aditya-pure-veg-1-erandwane,1,Polarizing experiences
https://www.zomato.com/pune/bagbans-chef-salunkhe-vihar-road,1,Polarizing experiences
https://www.zomato.com/pune/cafe-swarajya-salunkhe-vihar-road,1,Polarizing experiences
https://www.zomato.com/pune/punjabi-shack-5-kothrud,1,Polarizing experiences
https://www.zomato.com/pune/student-biryani-dange-chowk,0,Premium dining
https://www.zomato.com/pune/golden-paradise-viman-nagar,1,Polarizing experiences
https://www.zomato.com/pune/pune-misal-house-karve-nagar,1,Polarizing experiences
https://www.zomato.com/pune/nimantran-wagholi,1,Polarizing experiences
https://www.zomato.com/pune/aha-snack-bar-camp-area,1,Polarizing experiences
https://www.zomato.com/pune/dev-uncle-kitchen-bibvewadi,2,High-volume crowd favorites
https://www.zomato.com/pune/the-foodwerkz-cafe-viman-nagar,0,Premium dining
https://www.zomato.com/pune/bollywood-burger-wakad,3,Low-volume neighborhood venues
https://www.zomato.com/pune/lavith-cafe-katraj,1,Polarizing experiences
https://www.zomato.com/pune/signature-bar-be-que-koregaon-park,1,Polarizing experiences
https://www.zomato.com/pune/hotel-tallaf-1-hinjawadi,3,Low-volume neighborhood venues
https://www.zomato.com/pune/umang-cafe-restaurant-nibm-road,1,Polarizing experiences
https://www.zomato.com/pune/subhanallah-biriyani-house-sinhgad-road,1,Polarizing experiences
https://www.zomato.com/pune/koki-baner,0,Premium dining
https://www.zomato.com/pune/jai-bhavani-parvati,1,Polarizing experiences
https://www.zomato.com/pune/kebab-king-hinjawadi,0,Premium dining
https://www.zomato.com/pune/cafe-76-wakad,3,Low-volume neighborhood venues
https://www.zomato.com/pune/jps-hut-the-hunger-killer-nibm-road,1,Polarizing experiences
https://www.zomato.com/pune/breakfastic-kothrud,1,Polarizing experiences
https://www.zomato.com/pune/four-in-one-pimple-saudagar,0,Premium dining
https://www.zomato.com/pune/mayuresh-family-restaurant-bhosari,3,Low-volume neighborhood venues
https://www.zomato.com/pune/riddhima-foods-lonavala,1,Polarizing experiences
https://www.zomato.com/pune/punjabi-veg-wagholi,3,Low-volume neighborhood venues
https://www.zomato.com/pune/chakna-1-kondhwa,1,Polarizing experiences
https://www.zomato.com/pune/grill-zone-lonavala,0,Premium dining
https://www.zomato.com/pune/home-safe-the-kitchen-bavdhan,1,Polarizing experiences
https://www.zomato.com/pune/biryani-blast-kothrud,1,Polarizing experiences
https://www.zomato.com/pune/wok-n-rolls-1-karve-nagar,1,Polarizing experiences
https://www.zomato.com/pune/chinese-grill-wanowrie,1,Polarizing experiences
https://www.zomato.com/pune/cafe-15a-st-laurn-hotel-koregaon-park,1,Polarizing experiences
https://www.zomato.com/pune/hriday-fine-dine-bhosari,2,High-volume crowd favorites
https://www.zomato.com/pune/vs-mess-snacks-and-chinese-akurdi,3,Low-volume neighborhood venues
https://www.zomato.com/pune/the-chinese-corner-chinchwad,3,Low-volume neighborhood venues
https://www.zomato.com/pune/manthan-happy-pure-veg-wakad,0,Premium dining
https://www.zomato.com/pune/al-madina-hotel-kondhwa,1,Polarizing experiences
https://www.zomato.com/pune/nisarg-misal-and-snack-house-hadapsar,1,Polarizing experiences
https://www.zomato.com/pune/pizza-planet-chakan,1,Polarizing experiences
https://www.zomato.com/pune/sudama-bhel-4-wakad,1,Polarizing experiences
https://www.zomato.com/pune/night-riders-magarpatta,1,Polarizing experiences
https://www.zomato.com/pune/saffron-pot-biryani-karve-nagar,1,Polarizing experiences
https://www.zomato.com/pune/o-balle-wakad,0,Premium dining
https://www.zomato.com/pune/ganesh-snacks-center-katraj,1,Polarizing experiences
https://www.zomato.com/pune/pizza-pixels-kharadi,0,Premium dining
https://www.zomato.com/pune/hotel-vishranti-pure-veg-dhanori,1,Polarizing experiences
https://www.zomato.com/pune/singh-ching-momos-chinese-sinhgad-road,1,Polarizing experiences
https://www.zomato.com/pune/shree-baba-ramdev-restaurant-chinchwad,3,Low-volume neighborhood venues
https://www.zomato.com/pune/old-city-biryani-house-1-hinjawadi,1,Polarizing experiences
https://www.zomato.com/pune/time-after-time-the-central-park-hotel-bund-garden,2,High-volume crowd favorites
https://www.zomato.com/pune/dragon-fire-viman-nagar,1,Polarizing experiences
https://www.zomato.com/pune/midtown-bar-lounge-viman-nagar,2,High-volume crowd favorites
https://www.zomato.com/pune/malwani-katta-hadapsar,3,Low-volume neighborhood venues
